code,TDS,quintile
E00045077,-3.120673334,2
E00045078,-4.914746579,1
E00045079,2.215833687,4
E00045080,-1.696884867,2
E00045081,2.828538113,4
E00045082,1.778525095,4
E00045083,-3.39586365,1
E00045084,-0.297743427,3
E00045085,1.913080204,4
E00045086,-0.009144321,3
E00045087,1.108722507,3
E00045088,-4.446252059,1
E00045090,0.731812816,3
E00045091,0.909401059,3
E00045092,-1.164996287,2
E00045093,1.945962245,4
E00045094,-3.168327221,2
E00045095,-1.868962306,2
E00045096,2.249415445,4
E00045097,-1.921725085,2
E00045098,-1.145604492,2
E00045099,3.252411565,5
E00045100,2.237240328,4
E00045101,1.359138371,4
E00045102,1.215304408,3
E00045103,-0.674502892,3
E00045104,2.561721528,4
E00045105,1.820246766,4
E00045106,1.591496096,4
E00045107,1.60912566,4
E00045108,3.851197844,5
E00045109,3.450141225,5
E00045110,-0.022896496,3
E00045111,3.367340345,5
E00045112,-1.762866154,2
E00045113,2.439513131,4
E00045114,2.187233106,4
E00045115,1.767222512,4
E00045116,1.1455739,3
E00045117,3.694010085,5
E00045118,-0.99191224,2
E00045119,0.794574337,3
E00045120,3.040579786,5
E00045121,0.955519524,3
E00045122,2.548717839,4
E00045123,1.965848379,4
E00045124,3.092115529,5
E00045125,1.664104481,4
E00045126,0.035726494,3
E00045127,0.285136666,3
E00045128,-0.69025986,3
E00045129,0.23346108,3
E00045130,-0.841477681,3
E00045131,3.553714915,5
E00045132,2.014847843,4
E00045133,-1.46567737,2
E00045134,3.522557402,5
E00045135,3.718019561,5
E00045136,2.099148427,4
E00045137,-2.612762725,2
E00045138,0.6668241,3
E00045139,4.549961651,5
E00045140,0.262204243,3
E00045141,-2.9932138,2
E00045142,-0.367294655,3
E00045143,-2.308387558,2
E00045144,-2.991536061,2
E00045145,1.01258627,3
E00045146,-5.36570068,1
E00045147,2.038177296,4
E00045148,2.473795311,4
E00045149,-3.534019693,1
E00045150,-2.681298839,2
E00045151,-2.516295446,2
E00045152,-2.258882832,2
E00045153,-1.153194452,2
E00045154,-1.952974969,2
E00045155,-3.853247498,1
E00045156,-2.533717427,2
E00045157,-4.338536364,1
E00045158,-2.105393528,2
E00045159,-2.367922429,2
E00045160,0.399010853,3
E00045161,2.656133349,4
E00045162,-0.522474058,3
E00045163,-3.055258839,2
E00045164,3.497683973,5
E00045165,0.498805998,3
E00045166,3.576991933,5
E00045167,6.358375458,5
E00045168,2.817540374,4
E00045169,4.158890595,5
E00045170,4.003400921,5
E00045171,5.913398822,5
E00045172,4.17883675,5
E00045173,1.391710868,4
E00045174,4.264292363,5
E00045175,3.680790975,5
E00045176,3.919743714,5
E00045177,4.592903963,5
E00045178,3.055222226,5
E00045179,5.406744092,5
E00045180,4.850379005,5
E00045181,4.113323286,5
E00045182,6.303334963,5
E00045183,4.271314223,5
E00045184,5.434604056,5
E00045186,5.08187015,5
E00045187,4.379154378,5
E00045188,7.734408632,5
E00045189,5.23284372,5
E00045190,3.156469245,5
E00045191,5.213210942,5
E00045192,7.177397314,5
E00045193,5.352207041,5
E00045194,5.887333318,5
E00045195,4.078314258,5
E00045196,3.374133491,5
E00045197,2.182250482,4
E00045198,6.219028982,5
E00045199,6.386932285,5
E00045200,3.756949234,5
E00045201,6.311375933,5
E00045202,5.532383479,5
E00045203,6.744585743,5
E00045204,7.779484985,5
E00045205,6.798481332,5
E00045206,4.390677337,5
E00045207,6.043982722,5
E00045208,5.348394258,5
E00045210,6.63641133,5
E00045212,6.896253224,5
E00045213,-0.378985005,3
E00045214,3.331070219,5
E00045215,0.423184703,3
E00045216,2.670889093,4
E00045217,5.153332509,5
E00045218,1.70803551,4
E00045219,3.420314783,5
E00045220,3.347136634,5
E00045221,2.609030667,4
E00045222,1.728077012,4
E00045223,3.038377067,5
E00045224,3.129484889,5
E00045225,3.721850428,5
E00045226,4.062819832,5
E00045227,2.350862035,4
E00045228,0.577380416,3
E00045231,1.756120383,4
E00045232,3.709774958,5
E00045233,7.063954858,5
E00045234,4.484770543,5
E00045235,2.263936944,4
E00045236,3.419094859,5
E00045237,4.11387929,5
E00045238,2.30733891,4
E00045239,2.7997806,4
E00045240,4.780199425,5
E00045241,3.818101491,5
E00045242,4.543919091,5
E00045243,8.236256913,5
E00045244,4.739488368,5
E00045245,3.722912072,5
E00045246,5.477347766,5
E00045247,5.882679522,5
E00045249,0.444904322,3
E00045250,0.396664082,3
E00045251,3.013593462,4
E00045252,0.769757439,3
E00045253,-4.835358624,1
E00045254,2.173890281,4
E00045255,-6.181758891,1
E00045256,3.853895955,5
E00045257,-5.611617461,1
E00045258,-0.704046466,3
E00045259,1.03199168,3
E00045260,-3.93550944,1
E00045261,-0.643393911,3
E00045262,2.243219375,4
E00045263,3.815411158,5
E00045264,2.948478484,4
E00045265,-0.425365129,3
E00045266,2.494890122,4
E00045267,1.099982715,3
E00045269,-4.594320046,1
E00045271,1.441884252,4
E00045272,-2.631461932,2
E00045273,-4.971591484,1
E00045274,0.693883165,3
E00045275,-6.911611036,1
E00045276,2.196099829,4
E00045277,1.143592239,3
E00045278,-3.43888828,1
E00045279,-3.094265687,2
E00045280,2.778330358,4
E00045281,-0.434929331,3
E00045282,-0.77121406,3
E00045283,2.340344686,4
E00045284,3.019951079,4
E00045285,1.415446699,4
E00045286,0.136777665,3
E00045287,1.82306237,4
E00045288,2.365871872,4
E00045289,3.021418523,4
E00045290,3.161892305,5
E00045292,3.787602316,5
E00045293,1.785266339,4
E00045294,0.842213039,3
E00045295,1.71989177,4
E00045296,-4.624828101,1
E00045297,-5.712678478,1
E00045298,-3.134096186,2
E00045299,-1.83045183,2
E00045300,-1.183283624,2
E00045301,-3.190881475,2
E00045302,4.712616937,5
E00045303,-0.393000229,3
E00045304,2.329268162,4
E00045305,-3.728251343,1
E00045306,-4.563300376,1
E00045307,2.549022939,4
E00045308,-0.338677161,3
E00045309,0.746093091,3
E00045310,2.24748638,4
E00045311,0.927298305,3
E00045312,-4.069336718,1
E00045313,-6.024002206,1
E00045315,2.45268974,4
E00045317,-0.328866358,3
E00045318,2.735640528,4
E00045320,-0.354712544,3
E00045321,2.636714829,4
E00045322,5.068478862,5
E00045323,4.958332476,5
E00045324,0.155812622,3
E00045325,2.773733443,4
E00045326,-3.02263269,2
E00045327,-4.361997206,1
E00045328,-4.146445447,1
E00045329,1.663209078,4
E00045330,1.763907501,4
E00045331,-0.042084154,3
E00045332,-0.080023352,3
E00045333,-0.440958597,3
E00045334,-1.002743873,2
E00045335,0.245154911,3
E00045336,-0.097113315,3
E00045337,3.021371767,4
E00045338,0.167253295,3
E00045339,1.255556436,3
E00045340,1.17753242,3
E00045341,0.118658812,3
E00045342,-2.872051875,2
E00045343,-2.356071227,2
E00045344,4.77762449,5
E00045345,-0.029564668,3
E00045346,-0.983278094,2
E00045347,-1.280238152,2
E00045348,0.127621575,3
E00045349,-5.063127841,1
E00045350,-0.747111765,3
E00045351,0.216136588,3
E00045352,-0.193854579,3
E00045353,-1.535956591,2
E00045354,-1.350516163,2
E00045355,0.564887726,3
E00045356,0.076680158,3
E00045357,0.791014711,3
E00045358,0.052304735,3
E00045359,-1.420601924,2
E00045360,-4.385198487,1
E00045361,-3.616721787,1
E00045362,0.426795249,3
E00045363,-2.555760676,2
E00045364,-3.66144118,1
E00045365,-3.806812026,1
E00045366,-2.5207031,2
E00045367,0.919889423,3
E00045368,-5.290383676,1
E00045369,-5.369078753,1
E00045370,-3.552576896,1
E00045371,-4.994854659,1
E00045372,-4.26474999,1
E00045373,-5.154362614,1
E00045374,-3.424509587,1
E00045375,-0.307652735,3
E00045376,1.451520692,4
E00045377,-4.229388281,1
E00045378,-0.66274582,3
E00045379,-0.044871662,3
E00045380,-0.840442023,3
E00045381,0.749391442,3
E00045382,-4.939546338,1
E00045383,1.093785121,3
E00045384,1.642444117,4
E00045385,2.843244219,4
E00045386,-3.296426429,1
E00045387,-4.84198417,1
E00045388,1.694247,4
E00045389,4.987967191,5
E00045390,-4.354076734,1
E00045391,-3.211616034,2
E00045392,2.380965293,4
E00045393,0.849099888,3
E00045394,1.402992911,4
E00045395,1.091568837,3
E00045396,0.800921463,3
E00045397,1.001121036,3
E00045398,2.097848614,4
E00045399,0.707061137,3
E00045400,1.403829246,4
E00045401,1.364566909,4
E00045402,1.92299743,4
E00045403,-1.693913251,2
E00045404,2.714973606,4
E00045405,1.051501835,3
E00045406,-1.536596742,2
E00045407,-0.830540697,3
E00045408,2.999844827,4
E00045409,0.39634672,3
E00045410,1.376462904,4
E00045411,-1.154468532,2
E00045412,0.800307665,3
E00045413,3.0735282,5
E00045414,-1.830522529,2
E00045415,-1.706490486,2
E00045416,-3.556251292,1
E00045417,-4.063397498,1
E00045418,-1.389567165,2
E00045419,3.213678696,5
E00045420,-1.061539405,2
E00045421,-1.56264621,2
E00045422,-2.591100433,2
E00045423,-3.893543709,1
E00045424,-5.04905263,1
E00045425,-1.710491992,2
E00045426,-0.425039445,3
E00045427,-2.278988611,2
E00045428,-3.650430243,1
E00045429,-3.702774139,1
E00045430,-0.900357948,2
E00045431,-3.785151187,1
E00045432,0.25598643,3
E00045433,-4.931180871,1
E00045434,4.795145684,5
E00045435,3.367962119,5
E00045436,-2.903330052,2
E00045437,-0.359806781,3
E00045438,-4.029531645,1
E00045439,-3.100400014,2
E00045440,-2.914127053,2
E00045441,-2.640887948,2
E00045442,-3.887087908,1
E00045443,-2.45697189,2
E00045444,-0.946031949,2
E00045445,-1.169691368,2
E00045446,-3.714754933,1
E00045447,-2.664127815,2
E00045448,1.062129915,3
E00045449,-3.752950855,1
E00045450,-1.295672028,2
E00045451,-1.813129312,2
E00045452,0.470038806,3
E00045453,0.34827728,3
E00045454,-0.509228003,3
E00045455,5.488338308,5
E00045456,1.55352472,4
E00045457,4.604709328,5
E00045458,-2.905101251,2
E00045459,-1.954274512,2
E00045460,-1.227999746,2
E00045461,-1.344780119,2
E00045462,0.341982741,3
E00045463,0.418973488,3
E00045464,-1.143670916,2
E00045465,-2.541674445,2
E00045466,-4.121459034,1
E00045467,-0.778560193,3
E00045468,-4.785648778,1
E00045469,-0.266978531,3
E00045470,-3.705457296,1
E00045471,-4.461035966,1
E00045472,-0.115021489,3
E00045473,-3.164112595,2
E00045474,-3.188342245,2
E00045475,-3.388524431,1
E00045476,-2.473383987,2
E00045477,-0.651993474,3
E00045478,-1.494155594,2
E00045479,-5.862851828,1
E00045480,-4.839659666,1
E00045481,-2.214497846,2
E00045482,-1.422946162,2
E00045483,-2.949582195,2
E00045484,-4.857143708,1
E00045485,4.186624309,5
E00045486,-3.589667789,1
E00045487,-1.692791386,2
E00045488,-0.811381752,3
E00045489,1.853030483,4
E00045490,-5.233286379,1
E00045491,2.560846386,4
E00045492,2.191706679,4
E00045493,-3.275534464,1
E00045494,-4.010560738,1
E00045495,-0.702484599,3
E00045496,0.372374954,3
E00045497,-3.893906054,1
E00045498,-4.509746418,1
E00045499,-2.529568275,2
E00045500,-0.634391802,3
E00045501,-0.399813765,3
E00045502,2.46483245,4
E00045503,0.614329792,3
E00045504,0.141499455,3
E00045505,4.55922892,5
E00045506,-2.185924946,2
E00045507,1.833367545,4
E00045508,0.066749533,3
E00045509,5.951021417,5
E00045510,4.801159447,5
E00045511,0.366547583,3
E00045512,3.991424059,5
E00045513,6.34000285,5
E00045514,6.226355489,5
E00045515,4.427657426,5
E00045516,3.244119331,5
E00045517,3.176640378,5
E00045518,3.724053872,5
E00045519,4.346862496,5
E00045520,-2.799907087,2
E00045521,-2.196943038,2
E00045522,-2.48591222,2
E00045523,-3.236399061,2
E00045524,-6.757959048,1
E00045525,0.446281936,3
E00045526,-3.268328212,2
E00045527,-0.151203264,3
E00045528,-1.20860243,2
E00045529,-4.657919463,1
E00045530,-0.108329633,3
E00045531,-4.582394104,1
E00045532,3.316131707,5
E00045533,4.206242833,5
E00045534,2.412186499,4
E00045535,-5.714787315,1
E00045536,-2.62037728,2
E00045537,-4.593809334,1
E00045538,2.019134485,4
E00045539,-2.798527733,2
E00045540,-2.27399281,2
E00045541,-3.928658437,1
E00045542,-3.208767336,2
E00045543,-3.278436899,1
E00045544,-0.280435243,3
E00045545,1.81375799,4
E00045546,-4.322370616,1
E00045547,-3.822449416,1
E00045548,-4.816562305,1
E00045549,-3.34064309,1
E00045550,-1.469354706,2
E00045551,-4.219840137,1
E00045552,-5.487560587,1
E00045553,1.311303128,3
E00045554,1.489724662,4
E00045555,-3.636857698,1
E00045556,-0.816870644,3
E00045557,-0.664639367,3
E00045558,-0.938204225,2
E00045559,-0.734113742,3
E00045560,-2.614091239,2
E00045561,-2.598198217,2
E00045562,-0.639956165,3
E00045563,-5.639747285,1
E00045564,-0.534590455,3
E00045566,-1.544250746,2
E00045568,-4.77325851,1
E00045569,1.804150931,4
E00045570,-5.54108054,1
E00045571,-3.448012929,1
E00045572,-3.61116426,1
E00045573,-6.30778685,1
E00045574,-3.734555063,1
E00045575,-3.867315055,1
E00045576,-1.201186614,2
E00045577,-4.806267387,1
E00045578,-1.154131015,2
E00045579,3.121300954,5
E00045580,-0.671396083,3
E00045581,4.309667807,5
E00045582,1.123734539,3
E00045583,4.662073758,5
E00045584,-5.110284386,1
E00045585,-3.196113473,2
E00045586,-0.061889304,3
E00045587,-4.537305457,1
E00045588,2.698401062,4
E00045589,-3.39356014,1
E00045590,-1.496852428,2
E00045592,-1.175139609,2
E00045593,2.559627447,4
E00045594,3.79030381,5
E00045595,-0.640872909,3
E00045596,2.14050887,4
E00045597,1.338543727,4
E00045598,5.839040103,5
E00045599,1.88162706,4
E00045600,1.174821957,3
E00045601,3.237455109,5
E00045602,4.086951027,5
E00045603,1.011635722,3
E00045604,-2.126375024,2
E00045605,1.623725098,4
E00045606,-2.402338727,2
E00045607,1.055454049,3
E00045608,-1.765549429,2
E00045609,-4.358084715,1
E00045610,-0.694062333,3
E00045611,1.604841148,4
E00045612,-2.691948827,2
E00045613,-6.986977508,1
E00045614,-4.326764427,1
E00045615,-5.336353327,1
E00045616,-5.778542326,1
E00045618,3.071328576,5
E00045620,-1.950473698,2
E00045621,-4.021756757,1
E00045622,-2.045360413,2
E00045623,2.916775577,4
E00045624,-4.520820783,1
E00045625,5.902066428,5
E00045627,-6.947248772,1
E00045628,-2.435790915,2
E00045629,-3.045989197,2
E00045630,3.802374398,5
E00045631,5.091335252,5
E00045632,-0.179070464,3
E00045633,5.088837943,5
E00045635,4.753285424,5
E00045636,-1.330643876,2
E00045637,-2.744988477,2
E00045638,4.364618343,5
E00045639,2.847762425,4
E00045640,3.115319991,5
E00045641,-2.096575737,2
E00045643,0.066015758,3
E00045644,2.868698719,4
E00045645,-5.371036014,1
E00045646,-2.176600939,2
E00045647,2.807106883,4
E00045648,-2.206601283,2
E00045649,0.609174168,3
E00045651,1.967410902,4
E00045652,5.65627129,5
E00045653,3.289163166,5
E00045654,5.700592736,5
E00045655,-0.081596174,3
E00045656,-1.377136121,2
E00045658,5.294718371,5
E00045659,4.176961587,5
E00045660,0.066615668,3
E00045661,1.504522465,4
E00045662,2.939804848,4
E00045663,-2.182407885,2
E00045664,-3.815549909,1
E00045665,0.935583797,3
E00045666,-1.789895653,2
E00045667,2.41852853,4
E00045668,1.896485028,4
E00045669,3.770525165,5
E00045670,2.027731829,4
E00045671,2.740746136,4
E00045672,-2.14433633,2
E00045673,3.695505819,5
E00045674,-1.068361116,2
E00045675,-4.942176166,1
E00045676,-6.694611099,1
E00045677,-0.562871806,3
E00045678,-1.816226416,2
E00045679,-2.298854901,2
E00045680,0.524138831,3
E00045681,2.23738271,4
E00045682,0.605329509,3
E00045683,-3.936673991,1
E00045684,0.996428795,3
E00045685,-3.911262913,1
E00045686,0.274322692,3
E00045687,1.085374136,3
E00045688,-1.225507547,2
E00045689,-6.185139731,1
E00045690,-1.436266894,2
E00045691,-2.482115398,2
E00045692,-0.574514453,3
E00045693,-4.224237222,1
E00045694,-1.792685538,2
E00045695,-2.810001822,2
E00045696,1.337470514,4
E00045697,-0.344696765,3
E00045698,0.657108774,3
E00045699,-1.815911701,2
E00045700,1.917632239,4
E00045701,-3.383100191,1
E00045702,-2.628577815,2
E00045703,-3.006162997,2
E00045704,1.00745149,3
E00045705,-1.912978903,2
E00045706,1.746557308,4
E00045707,0.676319365,3
E00045708,0.716237043,3
E00045709,1.09904523,3
E00045710,-0.470661448,3
E00045711,-1.768203947,2
E00045712,1.268487562,3
E00045713,1.02160452,3
E00045714,-1.066029894,2
E00045715,-2.145567911,2
E00045716,6.527445748,5
E00045717,-4.208661104,1
E00045718,1.683318077,4
E00045719,5.602832958,5
E00045720,0.396133741,3
E00045721,-3.266053146,2
E00045722,-2.799499722,2
E00045724,-4.340130328,1
E00045726,7.834485154,5
E00045727,5.598779139,5
E00045728,-2.414340981,2
E00045729,-1.847577878,2
E00045730,-1.926859387,2
E00045731,-1.357865699,2
E00045732,-3.783218663,1
E00045734,-3.423998287,1
E00045735,6.129064606,5
E00045736,-2.153284028,2
E00045737,-2.082535318,2
E00045739,-0.591479092,3
E00045740,-0.750539391,3
E00045741,0.105790434,3
E00045742,-2.37561682,2
E00045743,-5.130041866,1
E00045744,-4.556931876,1
E00045745,4.371191248,5
E00045746,0.829939103,3
E00045747,1.338463189,4
E00045748,1.635744456,4
E00045749,0.914418018,3
E00045750,-2.456315101,2
E00045751,-0.733899805,3
E00045752,-0.21043829,3
E00045753,1.969784415,4
E00045754,-3.173687266,2
E00045755,0.392143143,3
E00045756,4.146278785,5
E00045757,2.40032378,4
E00045758,0.056381039,3
E00045759,-0.970397948,2
E00045760,1.713461349,4
E00045761,-0.190686392,3
E00045762,0.264537254,3
E00045763,-0.076967853,3
E00045764,1.909534476,4
E00045765,1.385035547,4
E00045766,1.566500183,4
E00045767,0.396018351,3
E00045768,0.742896282,3
E00045769,0.55974914,3
E00045770,3.126503862,5
E00045771,2.453910402,4
E00045772,-3.634092406,1
E00045773,-3.271467527,2
E00045774,2.064142481,4
E00045775,0.295542059,3
E00045776,-3.56111658,1
E00045777,-2.57666163,2
E00045778,0.331097447,3
E00045779,2.386113905,4
E00045780,0.824780037,3
E00045781,3.100914659,5
E00045782,-2.730136273,2
E00045783,0.938643153,3
E00045784,1.511473027,4
E00045785,-3.844666393,1
E00045786,0.985777512,3
E00045787,0.439514204,3
E00045788,1.094016594,3
E00045789,4.10276523,5
E00045790,-4.804930591,1
E00045791,0.531392236,3
E00045792,1.086129803,3
E00045793,2.342837095,4
E00045794,2.425774239,4
E00045795,3.715293304,5
E00045796,1.799502876,4
E00045797,0.354297898,3
E00045798,-0.416840295,3
E00045799,1.474199697,4
E00045800,1.676434895,4
E00045801,3.569382958,5
E00045802,0.598981636,3
E00045803,0.860531398,3
E00045804,3.632639499,5
E00045805,2.452447127,4
E00045806,0.785997795,3
E00045807,-3.080886509,2
E00045808,1.54141553,4
E00045809,2.282727995,4
E00045810,-1.52290659,2
E00045811,0.516342757,3
E00045812,1.471855293,4
E00045813,0.994756938,3
E00045814,2.759345421,4
E00045815,1.992527945,4
E00045816,1.139026773,3
E00045817,1.752735169,4
E00045818,1.756075312,4
E00045819,-0.100366488,3
E00045820,-1.028392345,2
E00045821,1.47601623,4
E00045822,-0.269119382,3
E00045823,-1.403012224,2
E00045825,-4.228458413,1
E00045826,-4.199784343,1
E00045827,-5.02232673,1
E00045828,-5.848085688,1
E00045829,-3.644305233,1
E00045830,-2.795052467,2
E00045831,-3.307117477,1
E00045832,-5.104252139,1
E00045833,-4.985216025,1
E00045834,-4.38820646,1
E00045835,-2.681544721,2
E00045836,-3.593781506,1
E00045837,-5.220108902,1
E00045838,2.010665548,4
E00045839,-2.43727357,2
E00045840,-4.671940356,1
E00045841,1.732386605,4
E00045842,0.333867359,3
E00045843,0.45397761,3
E00045844,-0.129713416,3
E00045845,-2.064150411,2
E00045846,0.728729856,3
E00045847,0.624286981,3
E00045848,2.577552469,4
E00045849,-2.398752097,2
E00045850,0.615496848,3
E00045851,-1.740402347,2
E00045852,-1.16805879,2
E00045853,0.715424975,3
E00045854,-2.465452758,2
E00045855,-3.226406467,2
E00045856,-1.362323117,2
E00045857,0.007420006,3
E00045858,-1.895765069,2
E00045859,-2.562640244,2
E00045860,-2.864857014,2
E00045861,-3.789953706,1
E00045862,-1.241569813,2
E00045863,-2.729206254,2
E00045864,-4.334216363,1
E00045865,-2.513874831,2
E00045866,0.223992779,3
E00045867,-1.148808413,2
E00045868,-3.231598817,2
E00045869,-2.436627633,2
E00045870,-4.345820375,1
E00045871,-3.21656856,2
E00045872,-4.314911649,1
E00045873,-3.17567184,2
E00045874,-3.547610951,1
E00045875,1.286308798,3
E00045876,1.045202312,3
E00045877,-2.428395567,2
E00045878,-4.573754287,1
E00045879,0.174517405,3
E00045880,0.599145204,3
E00045881,-4.442290832,1
E00045882,-3.878713076,1
E00045883,-0.591383568,3
E00045884,0.718514644,3
E00045885,-3.851248769,1
E00045886,1.914343094,4
E00045887,-2.186402742,2
E00045888,-1.184788413,2
E00045889,-2.911109919,2
E00045890,-3.980146217,1
E00045891,-3.495012274,1
E00045892,-3.729713355,1
E00045893,-2.953060016,2
E00045894,-2.341412127,2
E00045895,-5.291877323,1
E00045896,-2.586190129,2
E00045897,-2.757931898,2
E00045898,-2.40209912,2
E00045899,-4.364090353,1
E00045900,-3.254832107,2
E00045901,-1.8590165,2
E00045902,1.927692256,4
E00045904,1.765551025,4
E00045905,2.211455891,4
E00045906,4.549886211,5
E00045907,2.869181453,4
E00045909,2.761194173,4
E00045910,0.023263352,3
E00045911,-0.612536736,3
E00045912,1.9980866,4
E00045913,4.729684184,5
E00045914,3.859465588,5
E00045915,-1.02798038,2
E00045916,3.846582298,5
E00045917,2.791611442,4
E00045918,0.770943677,3
E00045919,1.289780272,3
E00045920,3.661505966,5
E00045921,4.450179014,5
E00045922,2.654570955,4
E00045923,2.13322769,4
E00045924,4.45591319,5
E00045925,4.590763334,5
E00045926,4.995757206,5
E00045927,6.113409264,5
E00045928,3.658470666,5
E00045929,3.397387791,5
E00045930,3.70065184,5
E00045931,2.157834272,4
E00045932,4.037598678,5
E00045933,-1.043072775,2
E00045934,0.930479517,3
E00045935,5.516858748,5
E00045936,3.394938141,5
E00045937,1.11406393,3
E00045939,2.831644824,4
E00045940,2.901004981,4
E00045941,5.853739731,5
E00045943,3.863276871,5
E00045944,4.967518417,5
E00045945,6.100977678,5
E00045946,5.903918174,5
E00045947,5.409022057,5
E00045948,3.506154867,5
E00045949,2.25511933,4
E00045950,3.526006147,5
E00045951,3.684990403,5
E00045952,3.350334754,5
E00045953,4.39694243,5
E00045954,0.952653637,3
E00045955,1.756266903,4
E00045956,4.050943613,5
E00045957,2.512251927,4
E00045959,3.598341503,5
E00045960,4.118623179,5
E00045961,3.026562008,5
E00045962,-0.181799057,3
E00045963,1.158647994,3
E00045964,3.165660154,5
E00045965,3.795807739,5
E00045966,2.600369226,4
E00045967,2.398252568,4
E00045968,4.631072014,5
E00045969,2.526052207,4
E00045970,0.816614735,3
E00045971,-3.628078847,1
E00045972,-3.642807679,1
E00045973,-1.162250173,2
E00045974,-0.331952019,3
E00045975,-6.072578457,1
E00045976,-4.232967453,1
E00045977,-1.202335524,2
E00045978,-4.637995599,1
E00045979,-1.572453122,2
E00045980,-3.978213162,1
E00045981,-2.085343925,2
E00045982,-3.128063928,2
E00045983,-6.057859092,1
E00045984,-3.877364272,1
E00045985,-2.888096112,2
E00045986,-3.443615246,1
E00045987,-5.823882963,1
E00045988,-2.5976934,2
E00045989,-3.822902551,1
E00045990,-1.131101341,2
E00045991,-0.323614688,3
E00045992,5.804160878,5
E00045993,-1.397258086,2
E00045994,-3.727066245,1
E00045995,-2.964995108,2
E00045996,8.243544905,5
E00045997,-2.949000216,2
E00045998,4.958967749,5
E00045999,-0.480515445,3
E00046000,-2.728743802,2
E00046001,-4.091597614,1
E00046002,4.653580655,5
E00046003,1.703717334,4
E00046004,0.489787781,3
E00046005,-2.284974506,2
E00046006,-1.589960798,2
E00046007,2.126962104,4
E00046008,1.13364449,3
E00046009,4.945351162,5
E00046010,2.431206028,4
E00046011,-4.115555057,1
E00046012,3.123097922,5
E00046013,1.347731057,4
E00046014,4.403266458,5
E00046015,0.456273367,3
E00046016,-0.863996863,3
E00046017,5.432024558,5
E00046018,0.913960756,3
E00046019,1.968476644,4
E00046020,-1.677750267,2
E00046021,-2.153094284,2
E00046022,1.064046762,3
E00046023,1.191358211,3
E00046024,1.226661161,3
E00046025,-5.262342538,1
E00046026,2.291652621,4
E00046027,-2.069751121,2
E00046028,-5.547921451,1
E00046029,-1.091899087,2
E00046030,-3.059333977,2
E00046031,-1.081165538,2
E00046032,1.461939667,4
E00046033,1.253631145,3
E00046034,-0.821122939,3
E00046035,1.633961041,4
E00046036,-0.509220741,3
E00046037,-0.273813154,3
E00046038,1.521673292,4
E00046039,1.831184376,4
E00046040,-5.90296577,1
E00046041,-5.136439017,1
E00046042,-3.656782421,1
E00046043,-6.20883954,1
E00046044,-6.613510272,1
E00046045,-4.04845266,1
E00046046,-4.532186144,1
E00046047,-3.017435116,2
E00046048,-6.954003998,1
E00046049,1.09841941,3
E00046050,-0.967236125,2
E00046051,-1.891973861,2
E00046052,-0.922124136,2
E00046053,2.191730114,4
E00046056,2.795188063,4
E00046057,-1.901152234,2
E00046058,-2.341250291,2
E00046059,-1.370623939,2
E00046060,3.887846583,5
E00046061,1.50066482,4
E00046062,3.330696736,5
E00046063,-0.348053626,3
E00046064,2.550733227,4
E00046065,0.937932122,3
E00046066,4.03328949,5
E00046067,1.84536065,4
E00046068,2.398981784,4
E00046069,-1.150418736,2
E00046070,2.76674108,4
E00046071,-0.715693369,3
E00046073,-0.439176632,3
E00046074,1.68905082,4
E00046075,3.699140519,5
E00046076,7.970778543,5
E00046080,4.328491406,5
E00046081,-0.479295101,3
E00046082,6.700510028,5
E00046083,-0.43782864,3
E00046085,1.956429684,4
E00046086,-0.588463512,3
E00046087,1.266818191,3
E00046088,-2.646167371,2
E00046089,0.469991766,3
E00046090,-1.690894452,2
E00046091,7.387703359,5
E00046093,-2.218193727,2
E00046094,4.47760564,5
E00046095,-3.425999803,1
E00046096,-1.850278624,2
E00046097,0.623448696,3
E00046098,6.308195912,5
E00046099,1.579389218,4
E00046100,-2.395089259,2
E00046101,-2.118412006,2
E00046102,-0.836555272,3
E00046103,-1.947693029,2
E00046104,-4.091372425,1
E00046105,-1.660614741,2
E00046106,2.014774521,4
E00046107,1.801192327,4
E00046108,-2.091983584,2
E00046109,1.729790954,4
E00046110,-1.210523244,2
E00046111,-2.457695336,2
E00046112,-2.31057206,2
E00046113,-1.772546159,2
E00046114,-1.847425571,2
E00046115,-3.514238114,1
E00046116,-2.203175702,2
E00046117,-3.395898542,1
E00046118,-2.09458823,2
E00046119,0.491329203,3
E00046120,-1.407823363,2
E00046121,-1.380179315,2
E00046122,0.873662224,3
E00046123,-2.364532956,2
E00046124,2.493761608,4
E00046125,-2.978235315,2
E00046126,1.032268659,3
E00046127,2.966883662,4
E00046128,1.405903512,4
E00046129,0.325343781,3
E00046130,-0.13062998,3
E00046131,2.703305278,4
E00046132,0.469841003,3
E00046133,2.931284778,4
E00046134,-0.035287954,3
E00046135,5.463453295,5
E00046136,-0.117604483,3
E00046137,1.66657677,4
E00046138,2.360729378,4
E00046140,-4.307810656,1
E00046141,1.335360789,4
E00046142,-3.302681809,1
E00046143,-2.620399667,2
E00046144,-1.886168955,2
E00046145,-3.037225058,2
E00046146,2.183254283,4
E00046147,0.269212462,3
E00046148,0.545670283,3
E00046149,-1.407448639,2
E00046150,-5.741081206,1
E00046151,1.709783305,4
E00046152,0.869153761,3
E00046153,-2.881027412,2
E00046154,1.231224683,3
E00046155,2.087569097,4
E00046156,-1.278921859,2
E00046157,1.48573446,4
E00046158,2.07702989,4
E00046159,-0.124047965,3
E00046160,2.864698345,4
E00046161,1.566253446,4
E00046162,-0.769508422,3
E00046163,0.927610181,3
E00046164,-1.548458962,2
E00046166,2.071649227,4
E00046167,2.679017443,4
E00046168,3.145875968,5
E00046169,2.39331392,4
E00046170,-0.109923904,3
E00046171,1.108307986,3
E00046172,1.315892823,3
E00046173,1.276686612,3
E00046174,3.425277505,5
E00046175,1.243742989,3
E00046176,1.866981241,4
E00046177,4.537876223,5
E00046178,2.309280672,4
E00046179,1.807806305,4
E00046180,2.175054592,4
E00046181,1.702451282,4
E00046182,2.42864392,4
E00046183,-1.191394657,2
E00046184,-5.025778779,1
E00046185,-0.049894607,3
E00046186,-4.438346108,1
E00046187,1.060839757,3
E00046188,-4.404045476,1
E00046189,0.253814557,3
E00046190,1.515763903,4
E00046191,-4.094264656,1
E00046192,0.782946699,3
E00046193,0.588702281,3
E00046194,1.251547854,3
E00046195,-3.522337909,1
E00046196,2.026997833,4
E00046197,-3.300968017,1
E00046198,-0.670990938,3
E00046199,-3.920952186,1
E00046200,-2.529961583,2
E00046201,-0.664604437,3
E00046202,4.607091211,5
E00046203,1.513642545,4
E00046204,4.187671478,5
E00046205,-2.611721894,2
E00046206,-1.686367754,2
E00046207,5.133863397,5
E00046208,0.271098118,3
E00046209,3.434033164,5
E00046210,-3.104089531,2
E00046211,3.942281354,5
E00046212,1.85415563,4
E00046213,-0.303056429,3
E00046214,2.627388049,4
E00046215,-2.761794842,2
E00046216,1.462577523,4
E00046217,1.682024509,4
E00046218,3.727170315,5
E00046219,1.142662994,3
E00046220,1.95271931,4
E00046221,1.671563047,4
E00046222,1.49995343,4
E00046223,0.569967304,3
E00046224,-3.583249542,1
E00046225,-5.649665166,1
E00046226,5.405002577,5
E00046227,-1.679894111,2
E00046228,-4.589478575,1
E00046229,-4.946932087,1
E00046230,-3.370411221,1
E00046231,3.107244895,5
E00046232,0.989152297,3
E00046233,-4.937378183,1
E00046234,2.544210678,4
E00046235,-3.216249788,2
E00046236,2.607828214,4
E00046237,-2.957007353,2
E00046238,-1.688540445,2
E00046239,-4.22218439,1
E00046240,-1.958725772,2
E00046242,0.4820152,3
E00046244,0.083937848,3
E00046245,-1.378837371,2
E00046246,4.265167262,5
E00046247,-4.581251143,1
E00046248,4.95844658,5
E00046249,-1.748441721,2
E00046250,4.691260317,5
E00046251,6.11896691,5
E00046252,-6.935581036,1
E00046253,2.018362366,4
E00046254,4.052892581,5
E00046255,-1.927533862,2
E00046256,6.133272347,5
E00046257,-0.670618894,3
E00046258,-1.691349026,2
E00046259,-0.02975142,3
E00046260,2.131206778,4
E00046261,1.850653172,4
E00046262,1.028692402,3
E00046263,-4.614836033,1
E00046264,1.638124818,4
E00046265,-1.700793397,2
E00046266,0.843434125,3
E00046267,-1.60949174,2
E00046268,-6.544365556,1
E00046269,3.673455674,5
E00046270,-0.511647941,3
E00046271,3.264369186,5
E00046272,4.103164938,5
E00046273,0.750017775,3
E00046274,1.843529921,4
E00046275,1.986503813,4
E00046276,-1.484456275,2
E00046277,-5.068572229,1
E00046278,1.64830222,4
E00046279,2.529843591,4
E00046280,0.151329832,3
E00046281,0.715223683,3
E00046283,-0.391059618,3
E00046284,0.476557462,3
E00046285,-0.3940758,3
E00046286,0.624954434,3
E00046287,0.760062178,3
E00046288,4.595076245,5
E00046289,2.549851477,4
E00046290,4.178818943,5
E00046291,6.982652082,5
E00046292,1.234641079,3
E00046293,1.004808713,3
E00046294,-3.54954148,1
E00046295,5.923193433,5
E00046296,1.522708714,4
E00046297,-4.306540877,1
E00046298,-2.180092403,2
E00046299,1.243813984,3
E00046300,-3.516135428,1
E00046301,-3.36301287,1
E00046302,-2.573169279,2
E00046303,1.501521713,4
E00046304,2.884981382,4
E00046305,2.349040059,4
E00046306,2.173451516,4
E00046307,1.964195455,4
E00046308,2.412737121,4
E00046309,2.92523678,4
E00046310,3.457240297,5
E00046311,1.513477045,4
E00046312,1.518140493,4
E00046313,-0.218256058,3
E00046314,2.20601454,4
E00046315,3.782347603,5
E00046316,3.017693109,4
E00046317,2.324069937,4
E00046318,1.484392157,4
E00046319,4.234153391,5
E00046320,0.042916712,3
E00046321,2.478664503,4
E00046322,2.760858335,4
E00046323,3.52682302,5
E00046324,1.154489058,3
E00046325,1.730224977,4
E00046326,0.927145634,3
E00046327,0.998751342,3
E00046328,-1.198061075,2
E00046329,1.61739412,4
E00046330,-3.575140242,1
E00046331,2.984911478,4
E00046332,3.481418813,5
E00046333,2.727861186,4
E00046334,2.927148456,4
E00046335,3.875176097,5
E00046336,0.41655585,3
E00046337,1.833669753,4
E00046338,0.913883577,3
E00046339,1.573970803,4
E00046340,2.373543267,4
E00046341,3.118128659,5
E00046342,0.345064304,3
E00046343,1.631243182,4
E00046344,7.503437013,5
E00046347,-0.518164979,3
E00046348,-1.415371339,2
E00046349,5.618222725,5
E00046352,4.627796767,5
E00046353,2.441074293,4
E00046354,1.541413435,4
E00046357,3.956427088,5
E00046358,-2.165393051,2
E00046359,0.292384328,3
E00046360,2.345984696,4
E00046361,-4.222452057,1
E00046362,-0.016535431,3
E00046363,1.62602801,4
E00046364,-0.764566015,3
E00046365,0.509021692,3
E00046366,3.710185375,5
E00046367,1.845174206,4
E00046368,6.27203492,5
E00046369,-0.429305001,3
E00046370,3.055548211,5
E00046371,4.950984805,5
E00046372,-0.223640598,3
E00046373,-3.337695913,1
E00046374,4.221829097,5
E00046376,1.394897687,4
E00046378,-3.088347398,2
E00046379,6.639934846,5
E00046380,-3.045519474,2
E00046381,7.384301058,5
E00046382,1.833623128,4
E00046383,1.289602112,3
E00046384,-2.178325002,2
E00046386,7.185410903,5
E00046387,7.186196455,5
E00046388,0.116739546,3
E00046390,6.818126411,5
E00046391,6.360784547,5
E00046392,3.246532819,5
E00046393,6.679195339,5
E00046394,3.337195821,5
E00046395,5.406977801,5
E00046396,1.141074605,3
E00046397,4.508732362,5
E00046398,3.976690552,5
E00046400,7.639400649,5
E00046402,3.714703288,5
E00046403,3.447237928,5
E00046406,1.487529989,4
E00046408,4.608510952,5
E00046409,5.417998049,5
E00046411,4.141590376,5
E00046412,5.313801422,5
E00046413,2.327947259,4
E00046414,2.718527674,4
E00046416,3.231211008,5
E00046417,1.517031583,4
E00046418,4.478549788,5
E00046419,4.142672942,5
E00046420,3.109504822,5
E00046421,4.271747948,5
E00046422,2.523203611,4
E00046423,3.786679873,5
E00046424,2.836360093,4
E00046425,5.47079907,5
E00046426,6.386707295,5
E00046427,3.960469072,5
E00046429,3.095579489,5
E00046430,2.145492901,4
E00046431,-4.17635278,1
E00046432,2.105123496,4
E00046433,-1.748401607,2
E00046434,-4.891169297,1
E00046435,5.616070461,5
E00046436,2.322189054,4
E00046437,-2.528509651,2
E00046438,4.159819802,5
E00046439,-4.233051599,1
E00046440,-1.490025088,2
E00046442,-2.066636931,2
E00046443,-0.058648358,3
E00046444,2.964091556,4
E00046445,-0.570384581,3
E00046446,5.275444019,5
E00046447,5.546874265,5
E00046448,-2.720617965,2
E00046449,-3.280996824,1
E00046450,1.059014487,3
E00046451,-1.769010932,2
E00046452,-1.245154894,2
E00046453,-0.325783562,3
E00046454,-1.275134236,2
E00046455,-0.620608385,3
E00046456,-4.716644755,1
E00046457,1.034897698,3
E00046458,-4.530130054,1
E00046459,-1.748076092,2
E00046460,-3.338266483,1
E00046461,-3.463214565,1
E00046462,-1.333909485,2
E00046463,-7.563905938,1
E00046464,-0.608215111,3
E00046465,-4.397278199,1
E00046466,-3.270010159,2
E00046467,-1.504396042,2
E00046468,-2.652865732,2
E00046469,0.188643922,3
E00046470,-1.434492701,2
E00046471,-4.145638893,1
E00046472,-4.110474855,1
E00046473,-0.259486365,3
E00046474,-1.015668746,2
E00046475,-3.674699073,1
E00046476,-3.391058248,1
E00046477,-4.687682016,1
E00046478,-0.219781537,3
E00046479,-1.660904301,2
E00046480,-2.393925432,2
E00046481,-4.032645271,1
E00046482,2.093368216,4
E00046483,-3.7999109,1
E00046484,2.750862438,4
E00046485,-0.818516435,3
E00046486,-2.571189989,2
E00046487,-0.202449731,3
E00046488,-2.028716187,2
E00046489,1.862769667,4
E00046490,1.473037207,4
E00046491,1.126696764,3
E00046492,1.102960391,3
E00046493,2.066365881,4
E00046494,1.131104917,3
E00046495,1.027552515,3
E00046496,1.746263067,4
E00046497,1.412603421,4
E00046500,-0.326658089,3
E00046501,-1.52025523,2
E00046502,-2.071480349,2
E00046503,-4.20086401,1
E00046504,-2.625368856,2
E00046505,-2.714625077,2
E00046506,-1.107477657,2
E00046507,1.464999268,4
E00046508,1.679781247,4
E00046509,2.128840284,4
E00046510,0.707077383,3
E00046511,0.62164946,3
E00046512,2.040559613,4
E00046513,0.091843602,3
E00046514,2.635519842,4
E00046515,-0.01025316,3
E00046516,2.328735582,4
E00046517,2.197480245,4
E00046518,2.019958301,4
E00046519,1.823732913,4
E00046520,2.497277692,4
E00046521,2.767055555,4
E00046522,1.805249619,4
E00046523,1.340966556,4
E00046524,-0.966560699,2
E00046525,2.869390212,4
E00046526,2.587827585,4
E00046527,1.607253022,4
E00046528,-5.849974188,1
E00046529,-2.286475744,2
E00046530,1.031815152,3
E00046531,2.432371018,4
E00046532,1.027722033,3
E00046533,0.623877485,3
E00046534,3.102389033,5
E00046535,3.352536072,5
E00046536,-2.375232644,2
E00046537,-1.975604821,2
E00046538,-3.361048615,1
E00046539,-3.1776231,2
E00046540,-1.170910556,2
E00046541,-3.595306416,1
E00046542,-1.017236342,2
E00046543,-2.693530884,2
E00046544,-0.558146042,3
E00046545,-1.847489042,2
E00046546,-3.223885449,2
E00046547,-2.930426715,2
E00046548,-1.612900256,2
E00046549,-2.542669344,2
E00046550,-1.54291201,2
E00046551,2.381729466,4
E00046552,1.424712795,4
E00046553,-0.091354381,3
E00046554,2.256398798,4
E00046555,3.939679774,5
E00046556,2.048620235,4
E00046557,2.597683653,4
E00046558,3.231993968,5
E00046559,4.218999346,5
E00046560,2.016182495,4
E00046561,-2.722566114,2
E00046562,-3.905892083,1
E00046563,3.914455134,5
E00046564,-1.533699131,2
E00046565,-3.596268566,1
E00046566,-2.044763492,2
E00046567,-2.490296295,2
E00046568,1.152653817,3
E00046569,-1.109963083,2
E00046570,-1.454045943,2
E00046571,-4.157434913,1
E00046572,-3.732072821,1
E00046573,4.1299984,5
E00046574,-1.331453504,2
E00046575,-5.176738633,1
E00046576,2.180269014,4
E00046577,-2.21059062,2
E00046578,-0.637711915,3
E00046579,-0.526131572,3
E00046580,-0.836491222,3
E00046581,-4.634218891,1
E00046582,-2.366306591,2
E00046583,-2.422373962,2
E00046584,-3.857410291,1
E00046585,-3.076696224,2
E00046586,-2.489385525,2
E00046587,-1.224412838,2
E00046588,-0.969132816,2
E00046589,-3.364699684,1
E00046590,-1.1955359,2
E00046591,0.249992119,3
E00046592,-1.436713881,2
E00046593,2.369551118,4
E00046594,-3.440503607,1
E00046595,-3.011229524,2
E00046596,-1.693081258,2
E00046597,-7.058602565,1
E00046598,-2.159778726,2
E00046599,-2.105031298,2
E00046600,-1.774587045,2
E00046601,-3.083957729,2
E00046602,-2.482398701,2
E00046603,-2.768664371,2
E00046604,-0.592903835,3
E00046605,-0.781488571,3
E00046606,-1.484177628,2
E00046607,3.806414614,5
E00046608,7.089680218,5
E00046609,5.368685814,5
E00046610,6.416204358,5
E00046611,4.622851707,5
E00046612,3.519040823,5
E00046613,1.842270468,4
E00046614,2.011762898,4
E00046615,1.466287564,4
E00046616,4.48500872,5
E00046617,3.816922083,5
E00046618,3.074384046,5
E00046619,1.041487635,3
E00046620,2.127732444,4
E00046621,4.371336098,5
E00046622,6.892499232,5
E00046624,2.179741942,4
E00046625,1.924667551,4
E00046626,5.046995008,5
E00046627,7.154259081,5
E00046628,7.448860554,5
E00046630,5.194896931,5
E00046631,2.208350062,4
E00046633,3.021237453,4
E00046634,3.695241993,5
E00046635,3.214748488,5
E00046636,5.768055334,5
E00046637,5.730119901,5
E00046638,5.789964302,5
E00046639,1.759853551,4
E00046640,4.140916184,5
E00046641,1.761897887,4
E00046642,3.232450211,5
E00046643,2.281476782,4
E00046644,1.990284547,4
E00046645,3.016022693,4
E00046646,2.717576166,4
E00046647,2.819768413,4
E00046648,3.404289483,5
E00046649,2.618562169,4
E00046650,3.634972905,5
E00046651,2.649193582,4
E00046652,1.276363022,3
E00046653,2.348987451,4
E00046654,5.61058969,5
E00046655,3.479769916,5
E00046656,1.491282683,4
E00046657,2.156881699,4
E00046659,6.354273995,5
E00046660,5.993782926,5
E00046661,4.054324766,5
E00046662,7.115602706,5
E00046663,4.50596142,5
E00046664,5.10823937,5
E00046665,5.567800272,5
E00046666,4.693699847,5
E00046667,4.052032313,5
E00046668,6.827173011,5
E00046669,4.109840643,5
E00046670,6.090518511,5
E00046671,7.367255567,5
E00046672,6.041479522,5
E00046673,3.801564654,5
E00046674,4.023525335,5
E00046675,3.587451153,5
E00046676,2.905991526,4
E00046677,4.96075051,5
E00046678,-5.745298503,1
E00046679,-3.550772637,1
E00046680,-2.717507127,2
E00046681,-4.693231749,1
E00046682,3.857875996,5
E00046683,2.811121424,4
E00046684,-5.440105046,1
E00046685,-4.411372418,1
E00046686,-4.842902762,1
E00046687,0.987174626,3
E00046688,-0.33557267,3
E00046689,-4.216068672,1
E00046690,-2.647555294,2
E00046691,2.523787219,4
E00046692,-2.268768558,2
E00046693,-0.861848594,3
E00046694,0.866721046,3
E00046695,-3.827681789,1
E00046696,2.072767914,4
E00046697,-3.031978644,2
E00046698,0.170291902,3
E00046699,2.811315737,4
E00046700,-1.083362022,2
E00046701,4.387631085,5
E00046702,-2.66989524,2
E00046703,-4.955497296,1
E00046704,2.762410181,4
E00046705,-0.342316583,3
E00046706,0.115464994,3
E00046707,1.276971023,3
E00046708,-1.315906474,2
E00046709,-2.471746007,2
E00046710,1.029703052,3
E00046711,-0.666382511,3
E00046712,-0.305350623,3
E00046713,6.001275691,5
E00046714,1.805156641,4
E00046715,2.957374361,4
E00046716,1.932400565,4
E00046717,-0.752188776,3
E00046718,6.008815755,5
E00046719,-3.260089143,2
E00046720,-2.934205772,2
E00046721,-3.405444737,1
E00046722,-3.733086366,1
E00046723,-4.225577919,1
E00046724,-5.686699782,1
E00046725,2.891015719,4
E00046726,-4.982911837,1
E00046727,-5.674932512,1
E00046728,-1.343378743,2
E00046729,-5.199047763,1
E00046730,-6.889685938,1
E00046731,-5.578299324,1
E00046732,3.027843062,5
E00046733,1.690545078,4
E00046734,-1.134403469,2
E00046735,-3.708677647,1
E00046736,-3.240592204,2
E00046737,-3.093956474,2
E00046738,-4.85228758,1
E00046739,-2.98365322,2
E00046740,-0.804891323,3
E00046741,-4.296261088,1
E00046742,-3.520240488,1
E00046743,-5.603623966,1
E00046744,-5.979585862,1
E00046745,-2.548696532,2
E00046746,-3.40343768,1
E00046747,1.313684037,3
E00046748,-5.58251801,1
E00046749,-5.502952588,1
E00046750,-4.458451466,1
E00046751,-5.378468585,1
E00046752,-3.929323851,1
E00046753,-2.406050229,2
E00046754,0.014024467,3
E00046755,-3.386960707,1
E00046756,-0.817166871,3
E00046757,-4.668776114,1
E00046758,-3.92677581,1
E00046759,-2.193470405,2
E00046760,-4.539891189,1
E00046761,-3.860060008,1
E00046762,-2.519185956,2
E00046763,-2.140426092,2
E00046764,-3.931965791,1
E00046765,-3.212434277,2
E00046766,-2.634141928,2
E00046767,-3.542600308,1
E00046768,-1.375677984,2
E00046769,-2.365112135,2
E00046770,-0.554256828,3
E00046771,-5.121813211,1
E00046772,-2.903103925,2
E00046773,-2.937428883,2
E00046774,-3.002712892,2
E00046775,-3.334731465,1
E00046776,-3.198346695,2
E00046777,-2.592746354,2
E00046778,-2.774233156,2
E00046779,-3.240706091,2
E00046780,-2.57581392,2
E00046781,-3.157616535,2
E00046782,-2.975317622,2
E00046783,-4.703328144,1
E00046784,-2.452662917,2
E00046785,-3.542422274,1
E00046786,-3.512380026,1
E00046787,0.448600406,3
E00046788,-1.311765014,2
E00046789,0.186766542,3
E00046790,1.359509179,4
E00046791,0.065204741,3
E00046792,-0.563529871,3
E00046793,-2.992542708,2
E00046794,1.274932366,3
E00046795,1.023623796,3
E00046796,2.594225287,4
E00046797,0.351870814,3
E00046798,-4.834425362,1
E00046799,0.986484544,3
E00046800,-0.244008281,3
E00046801,-2.469675773,2
E00046802,1.182859095,3
E00046803,0.425045306,3
E00046804,1.480552194,4
E00046805,-3.493389084,1
E00046806,-4.795762435,1
E00046807,-3.772120215,1
E00046808,-4.179772699,1
E00046809,-1.904774878,2
E00046810,0.730243733,3
E00046811,-3.132403926,2
E00046812,-0.894896212,3
E00046813,-3.812534394,1
E00046814,-2.375040736,2
E00046815,-2.054634404,2
E00046816,-3.820361896,1
E00046817,-0.417855836,3
E00046818,-1.967934266,2
E00046819,-2.275480982,2
E00046820,-2.398691154,2
E00046821,1.754867947,4
E00046822,2.31515397,4
E00046823,-3.931129952,1
E00046824,-0.502942056,3
E00046825,0.539015835,3
E00046826,-6.612970382,1
E00046827,-2.526680994,2
E00046828,-2.821772961,2
E00046829,-2.613549215,2
E00046830,-2.449615448,2
E00046831,-3.165073572,2
E00046832,-1.180488352,2
E00046833,-1.995749005,2
E00046834,-2.727589824,2
E00046835,5.204216613,5
E00046836,-2.771178372,2
E00046837,-5.109230051,1
E00046838,-4.094695614,1
E00046839,1.736242012,4
E00046840,-3.642842956,1
E00046841,-4.18822056,1
E00046842,-2.796796025,2
E00046843,-3.342733533,1
E00046844,-2.360058376,2
E00046845,-0.735413497,3
E00046846,-2.667595968,2
E00046847,-2.027792624,2
E00046848,0.932391006,3
E00046849,-1.192846663,2
E00046850,1.02628211,3
E00046851,-3.956675677,1
E00046852,2.095198933,4
E00046853,-2.066090326,2
E00046854,-3.37308869,1
E00046855,2.556179888,4
E00046856,-1.577921319,2
E00046857,-3.322229583,1
E00046858,-0.280596534,3
E00046859,-1.69072457,2
E00046860,-1.533263817,2
E00046861,-0.906754843,2
E00046862,-1.922432784,2
E00046863,-0.651197866,3
E00046864,-3.234555328,2
E00046865,-1.482024203,2
E00046866,-1.535874738,2
E00046867,-0.854456154,3
E00046868,-1.088361412,2
E00046869,-1.021964613,2
E00046870,-0.830327522,3
E00046871,-1.560587476,2
E00046873,-1.355230086,2
E00046874,-1.328584574,2
E00046875,-4.041158322,1
E00046876,-3.741090985,1
E00046877,-3.238591017,2
E00046878,-4.742813264,1
E00046879,-2.451430382,2
E00046880,-3.822036096,1
E00046881,-3.097245002,2
E00046882,-3.010341769,2
E00046883,-1.661898516,2
E00046884,-1.546694737,2
E00046885,-4.520246898,1
E00046886,-2.617802519,2
E00046887,-3.504501773,1
E00046888,-2.08344818,2
E00046889,-3.120300718,2
E00046890,-1.781059651,2
E00046891,-3.04860042,2
E00046892,-4.348408558,1
E00046893,-2.3484518,2
E00046894,-2.556448191,2
E00046895,-2.863594637,2
E00046896,-2.072679747,2
E00046897,-3.375622198,1
E00046898,-4.280906844,1
E00046899,-4.337911162,1
E00046900,-4.989763173,1
E00046901,-2.71309805,2
E00046902,-1.294282503,2
E00046903,-2.358956775,2
E00046904,-4.17665095,1
E00046905,-5.045988877,1
E00046906,1.608883642,4
E00046907,3.075486587,5
E00046908,-2.952188619,2
E00046909,0.701893126,3
E00046910,-4.052860152,1
E00046911,-6.527581029,1
E00046912,-3.643497716,1
E00046913,-5.018467302,1
E00046914,2.06344863,4
E00046915,-4.402532109,1
E00046916,-5.932338059,1
E00046917,-3.204692,2
E00046918,-4.339291614,1
E00046919,-5.556944998,1
E00046920,-2.595215795,2
E00046921,-3.759901786,1
E00046922,-4.14537186,1
E00046923,-3.203675148,2
E00046924,-5.921870101,1
E00046925,-5.386445213,1
E00046926,-3.975973145,1
E00046927,-5.712144225,1
E00046928,-1.308848668,2
E00046929,-5.042209641,1
E00046930,0.884961465,3
E00046931,-5.306390939,1
E00046932,-0.910961385,2
E00046933,-0.907915647,2
E00046934,-3.604225738,1
E00046935,-5.041924249,1
E00046936,-3.20431939,2
E00046937,-2.933535168,2
E00046938,-1.77254775,2
E00046939,-2.39675387,2
E00046940,1.304397997,3
E00046941,0.709985658,3
E00046942,-2.543054984,2
E00046943,-0.097065919,3
E00046944,-0.770761348,3
E00046945,-2.672067815,2
E00046946,1.65563767,4
E00046947,1.173913318,3
E00046948,-2.940566553,2
E00046949,-0.95784775,2
E00046950,2.344018963,4
E00046951,-1.773386429,2
E00046952,3.800002311,5
E00046953,1.658992347,4
E00046954,0.465888347,3
E00046955,-2.590271191,2
E00046956,1.410945829,4
E00046957,2.308748455,4
E00046958,0.04830831,3
E00046959,3.83556657,5
E00046960,2.920832955,4
E00046961,-2.577893657,2
E00046962,2.802767228,4
E00046963,2.187597,4
E00046964,2.772412068,4
E00046965,3.059253112,5
E00046966,2.908913966,4
E00046967,-6.039138563,1
E00046968,-3.473667889,1
E00046969,-5.774706707,1
E00046970,-1.577560877,2
E00046971,-4.480234441,1
E00046973,3.044036509,5
E00046974,5.001245364,5
E00046975,3.11138771,5
E00046976,6.033881686,5
E00046977,2.588960971,4
E00046978,-2.89015204,2
E00046979,-3.839360746,1
E00046980,2.267315657,4
E00046981,3.537569603,5
E00046982,4.336046118,5
E00046983,5.261738709,5
E00046984,2.765098728,4
E00046985,3.027738332,5
E00046986,2.411381583,4
E00046987,-3.536070934,1
E00046988,-2.46056308,2
E00046989,-2.031675979,2
E00046990,-2.813473105,2
E00046991,-1.724636849,2
E00046993,-1.7550427,2
E00046994,-1.909671889,2
E00046995,-2.94584112,2
E00046996,-3.609066747,1
E00046997,4.031248919,5
E00046998,-3.723261028,1
E00046999,-2.409820623,2
E00047000,-4.382403803,1
E00047001,-0.344425728,3
E00047002,-2.559104047,2
E00047003,-2.49638361,2
E00047004,-2.472783241,2
E00047005,2.934964785,4
E00047006,-0.803064269,3
E00047007,-2.99759868,2
E00047009,-3.473953789,1
E00047010,-1.48452963,2
E00047011,2.59120221,4
E00047012,0.402034613,3
E00047013,-2.343190977,2
E00047014,0.035440115,3
E00047015,2.023082172,4
E00047016,-2.527433107,2
E00047017,3.378906943,5
E00047019,2.433182937,4
E00047020,2.036114815,4
E00047021,-1.414587088,2
E00047022,1.719123395,4
E00047024,1.136260198,3
E00047025,-0.876795252,3
E00047026,2.413595593,4
E00047027,-1.331174083,2
E00047028,0.013501539,3
E00047030,-0.039167547,3
E00047031,-1.727641171,2
E00047032,2.250779052,4
E00047033,0.787844835,3
E00047034,1.756591063,4
E00047035,-1.09654181,2
E00047036,3.777118943,5
E00047037,-2.027678559,2
E00047038,2.066377215,4
E00047039,3.662202857,5
E00047040,-0.648551177,3
E00047041,1.754815077,4
E00047042,2.955369127,4
E00047043,0.327423997,3
E00047044,2.098081141,4
E00047045,2.430684079,4
E00047047,3.969616119,5
E00047048,0.878015831,3
E00047049,-0.800681775,3
E00047050,1.319378262,4
E00047051,3.399030804,5
E00047052,0.07814896,3
E00047053,1.97003391,4
E00047054,4.663560107,5
E00047055,3.678594143,5
E00047056,-1.202476009,2
E00047057,2.601515823,4
E00047058,-0.141044913,3
E00047059,1.410034576,4
E00047060,-2.470331642,2
E00047061,-2.95818885,2
E00047062,-3.036665587,2
E00047063,1.401652462,4
E00047064,0.26452389,3
E00047065,0.896096865,3
E00047066,-1.102163366,2
E00047067,-0.148831126,3
E00047068,1.477687414,4
E00047069,-1.737160411,2
E00047070,-3.777777682,1
E00047071,-1.109026403,2
E00047072,-1.341489758,2
E00047073,-2.501519055,2
E00047074,0.808336748,3
E00047075,2.358652487,4
E00047076,0.868805493,3
E00047077,2.052355295,4
E00047078,0.600334992,3
E00047079,1.784109279,4
E00047080,-1.315883366,2
E00047081,-3.839285153,1
E00047082,-0.250140816,3
E00047083,-1.154623926,2
E00047084,-0.78939261,3
E00047085,1.268729983,3
E00047086,-2.569863875,2
E00047087,-0.823161669,3
E00047088,-1.106727288,2
E00047089,5.309020441,5
E00047090,-1.220205314,2
E00047091,-0.922848688,2
E00047092,-2.064146171,2
E00047093,-2.58914521,2
E00047094,-4.558949014,1
E00047095,-0.600228051,3
E00047096,-6.874713634,1
E00047097,1.444064671,4
E00047098,0.047970116,3
E00047099,-3.40197289,1
E00047100,-2.177849386,2
E00047101,-3.17468597,2
E00047102,-4.197277566,1
E00047103,-1.938469715,2
E00047104,-3.363661728,1
E00047105,-2.942942205,2
E00047107,-3.391844881,1
E00047109,-2.512580191,2
E00047110,-1.350385248,2
E00047111,0.524790818,3
E00047112,-3.642290716,1
E00047113,-6.560530503,1
E00047114,0.917352068,3
E00047116,2.098643038,4
E00047117,0.531302093,3
E00047118,1.565211279,4
E00047119,-2.428057137,2
E00047120,-1.87986579,2
E00047121,-4.636280819,1
E00047122,2.036108559,4
E00047123,-0.583663612,3
E00047124,-0.355720328,3
E00047125,2.215071363,4
E00047126,-3.595069351,1
E00047127,-3.512025915,1
E00047128,1.077015648,3
E00047129,-0.33287728,3
E00047130,1.40018605,4
E00047131,1.177277098,3
E00047134,-1.922894144,2
E00047135,1.032099421,3
E00047136,1.244170145,3
E00047137,2.859133044,4
E00047138,-1.826909456,2
E00047139,0.722445338,3
E00047140,0.858843515,3
E00047141,-1.292630521,2
E00047142,3.533346596,5
E00047143,-4.361892608,1
E00047144,2.52615032,4
E00047145,0.575408815,3
E00047146,2.518539793,4
E00047147,0.741740565,3
E00047148,2.88064203,4
E00047149,4.118760345,5
E00047150,1.284283858,3
E00047151,1.822806652,4
E00047152,-2.209219498,2
E00047153,4.057805357,5
E00047154,0.877131947,3
E00047155,-1.445920011,2
E00047156,2.84330189,4
E00047157,3.576618051,5
E00047158,2.848720796,4
E00047159,0.948258424,3
E00047160,2.479567011,4
E00047161,0.254065535,3
E00047162,2.983038961,4
E00047163,3.363405857,5
E00047164,0.028891712,3
E00047165,2.527870307,4
E00047166,-0.866976751,3
E00047167,4.993567935,5
E00047168,2.524990809,4
E00047169,4.904348979,5
E00047170,-1.550608834,2
E00047171,-0.168175389,3
E00047172,-2.211520965,2
E00047173,1.95624729,4
E00047174,-4.452176416,1
E00047175,0.910775083,3
E00047176,-1.855990015,2
E00047177,0.849025127,3
E00047178,3.344274898,5
E00047179,6.111676763,5
E00047180,0.678123865,3
E00047181,-0.609303747,3
E00047182,-1.195967293,2
E00047183,-0.735661113,3
E00047184,1.589401661,4
E00047185,-3.837717163,1
E00047186,0.757591439,3
E00047187,0.428652326,3
E00047188,0.772164104,3
E00047189,3.562171405,5
E00047190,1.544853181,4
E00047191,3.002136899,4
E00047192,1.810859452,4
E00047193,2.563943914,4
E00047194,0.208723571,3
E00047195,1.996869208,4
E00047196,4.401026485,5
E00047198,2.6488621,4
E00047199,1.16171272,3
E00047200,0.146560887,3
E00047201,1.083809925,3
E00047202,0.813004169,3
E00047203,3.780828815,5
E00047204,3.712243911,5
E00047205,-0.06902089,3
E00047206,3.173695441,5
E00047208,-0.205173744,3
E00047209,1.31856724,4
E00047210,4.496779766,5
E00047211,-0.657689395,3
E00047212,1.883547063,4
E00047213,3.353151343,5
E00047214,-1.225503344,2
E00047215,-1.505016381,2
E00047216,2.311074901,4
E00047217,0.941178412,3
E00047218,-0.730621191,3
E00047219,1.858504804,4
E00047220,-5.641658975,1
E00047221,-1.180270721,2
E00047222,-3.5220114,1
E00047223,-2.89127539,2
E00047224,-5.257215207,1
E00047225,-2.130923684,2
E00047226,-1.59388957,2
E00047227,-0.718017159,3
E00047228,-3.333358588,1
E00047229,-4.031100052,1
E00047230,2.975406506,4
E00047231,-4.293528152,1
E00047232,-4.777232865,1
E00047233,-4.364651648,1
E00047234,1.666944822,4
E00047235,-5.007472706,1
E00047236,-4.311948054,1
E00047237,-4.894436655,1
E00047238,-3.270258562,2
E00047239,-2.952229479,2
E00047240,-3.987738457,1
E00047241,-4.013171169,1
E00047242,0.162290727,3
E00047243,-2.225304921,2
E00047244,4.792692545,5
E00047245,1.959632501,4
E00047246,0.872931271,3
E00047247,2.365737349,4
E00047248,-1.613851339,2
E00047249,2.127483254,4
E00047250,1.773990052,4
E00047251,-3.442757949,1
E00047252,3.04788601,5
E00047253,0.807951327,3
E00047254,-2.909916329,2
E00047255,2.582434065,4
E00047256,0.584411002,3
E00047257,2.077331653,4
E00047258,-3.939097998,1
E00047259,-3.186306072,2
E00047260,-4.39947939,1
E00047261,1.584093806,4
E00047262,1.599044468,4
E00047263,-5.717562869,1
E00047264,-2.882733044,2
E00047265,-3.738996068,1
E00047266,-0.535542891,3
E00047267,-3.11099459,2
E00047268,1.42349362,4
E00047269,-2.809800887,2
E00047270,-0.04473033,3
E00047271,-2.732264577,2
E00047272,-0.262285816,3
E00047273,-2.799127931,2
E00047274,-4.685878501,1
E00047275,-4.8116947,1
E00047276,4.38829039,5
E00047277,-3.598915706,1
E00047278,-0.156480214,3
E00047279,-0.952231532,2
E00047280,1.96184826,4
E00047281,0.682858768,3
E00047282,1.037060516,3
E00047283,-5.568302959,1
E00047284,-0.468471175,3
E00047285,-1.781782207,2
E00047286,-1.754996828,2
E00047287,-0.03263992,3
E00047288,-3.854661555,1
E00047289,5.014948686,5
E00047290,4.17948789,5
E00047291,0.957141824,3
E00047292,1.542956704,4
E00047293,2.605797676,4
E00047294,2.291837218,4
E00047295,3.193196185,5
E00047296,1.289444415,3
E00047297,1.841174417,4
E00047298,2.797492802,4
E00047299,0.391332245,3
E00047300,3.510803146,5
E00047301,2.239589521,4
E00047302,3.330033877,5
E00047303,0.853627872,3
E00047304,1.585567474,4
E00047305,1.249105753,3
E00047306,2.718978135,4
E00047307,1.229262736,3
E00047308,1.28003496,3
E00047309,5.088346346,5
E00047310,2.71587365,4
E00047311,4.651057173,5
E00047312,2.997051781,4
E00047313,1.719659339,4
E00047314,3.513363858,5
E00047315,2.161524414,4
E00047316,2.955834868,4
E00047317,4.158962693,5
E00047318,3.058376581,5
E00047319,1.997177073,4
E00047320,2.088936815,4
E00047321,2.586725814,4
E00047322,1.442229303,4
E00047323,2.017003677,4
E00047324,3.791697038,5
E00047325,3.38589822,5
E00047326,3.938246908,5
E00047327,4.951247325,5
E00047328,3.042310982,5
E00047329,0.747178929,3
E00047330,2.549039258,4
E00047331,1.0053951,3
E00047332,1.218133981,3
E00047333,0.750969333,3
E00047334,6.361838436,5
E00047335,2.803235286,4
E00047336,1.185585198,3
E00047337,3.48493788,5
E00047338,0.446493547,3
E00047339,2.062498212,4
E00047340,4.326585576,5
E00047341,3.930927451,5
E00047342,3.073756159,5
E00047343,3.493898447,5
E00047344,3.069232398,5
E00047345,5.138291715,5
E00047346,4.188451116,5
E00047347,3.517719926,5
E00047348,3.398069867,5
E00047349,3.992702431,5
E00047350,3.465033739,5
E00047351,2.301105584,4
E00047353,4.430263642,5
E00047354,4.048493646,5
E00047355,5.869961651,5
E00047356,3.81035624,5
E00047357,5.949959601,5
E00047358,1.764683598,4
E00047359,1.558406121,4
E00047360,1.705885176,4
E00047361,2.618889704,4
E00047362,3.098432336,5
E00047363,2.572617552,4
E00047364,3.219513165,5
E00047365,2.62017649,4
E00047366,3.693271303,5
E00047367,1.78897765,4
E00047368,2.186090744,4
E00047369,3.382677384,5
E00047370,2.651622446,4
E00047371,1.341067282,4
E00047372,3.419130527,5
E00047373,4.015989733,5
E00047374,4.366059867,5
E00047375,4.313982478,5
E00047376,4.007438256,5
E00047377,2.898251994,4
E00047378,1.525125299,4
E00047379,4.677620247,5
E00047380,4.449189376,5
E00047381,2.165943105,4
E00047382,3.566065777,5
E00047383,4.515904759,5
E00047384,3.734751628,5
E00047385,3.976121721,5
E00047387,4.419026633,5
E00047388,4.371815155,5
E00047389,1.706599277,4
E00047390,6.225490655,5
E00047391,5.302018111,5
E00047392,1.234923821,3
E00047393,4.670722957,5
E00047394,1.083224393,3
E00047396,3.544811873,5
E00047397,4.629821117,5
E00047398,3.647073787,5
E00047399,2.88532186,4
E00047400,4.426088113,5
E00047401,4.422881599,5
E00047402,4.907655189,5
E00047403,2.582800684,4
E00047404,2.397580621,4
E00047405,4.256752611,5
E00047406,3.703444349,5
E00047407,3.683556086,5
E00047408,2.807214704,4
E00047409,2.95663651,4
E00047410,2.148848089,4
E00047411,3.434207252,5
E00047412,3.846895547,5
E00047413,3.659196758,5
E00047414,2.882759006,4
E00047415,1.987828067,4
E00047416,3.157166123,5
E00047417,4.398338326,5
E00047418,4.828401217,5
E00047419,2.520467342,4
E00047420,3.173063472,5
E00047421,3.656183412,5
E00047422,5.223907557,5
E00047423,4.080620292,5
E00047424,2.930711807,4
E00047425,3.529409642,5
E00047426,2.430771216,4
E00047427,3.767383112,5
E00047428,1.756362422,4
E00047429,2.007104975,4
E00047430,5.563486644,5
E00047431,4.838682522,5
E00047432,4.113552566,5
E00047433,1.996135045,4
E00047434,2.224197263,4
E00047435,3.78098008,5
E00047437,1.363771373,4
E00047438,2.155724629,4
E00047439,2.837226397,4
E00047440,4.424842586,5
E00047441,1.257296574,3
E00047442,3.929427928,5
E00047443,5.078539364,5
E00047444,2.57890268,4
E00047445,3.652982906,5
E00047446,5.400609862,5
E00047447,4.527424352,5
E00047448,5.447863171,5
E00047449,2.696930426,4
E00047450,5.22111927,5
E00047451,4.829586197,5
E00047452,3.577416056,5
E00047453,4.405225749,5
E00047454,3.515167866,5
E00047456,4.361746856,5
E00047457,3.343479373,5
E00047458,4.600217186,5
E00047460,4.704617702,5
E00047461,3.422553375,5
E00047462,3.637911307,5
E00047463,4.769464891,5
E00047464,3.629951229,5
E00047465,4.554359631,5
E00047466,4.173347729,5
E00047467,3.644676754,5
E00047468,3.799579513,5
E00047470,4.074709231,5
E00047471,4.21352624,5
E00047472,6.85511165,5
E00047473,7.206593482,5
E00047474,5.339072323,5
E00047475,4.526297211,5
E00047476,4.474842836,5
E00047477,3.955511557,5
E00047478,3.618258757,5
E00047479,3.993374301,5
E00047480,6.418822738,5
E00047481,6.480210133,5
E00047482,3.671560157,5
E00047483,4.638050817,5
E00047484,3.986004024,5
E00047485,3.965661196,5
E00047486,1.043614333,3
E00047487,2.581279586,4
E00047488,2.981862564,4
E00047489,2.492373309,4
E00047490,2.570151976,4
E00047491,3.207789527,5
E00047492,3.304978247,5
E00047493,3.135443573,5
E00047494,3.963252978,5
E00047495,4.893798536,5
E00047496,3.57944403,5
E00047497,3.55975072,5
E00047498,5.023915345,5
E00047499,1.680673854,4
E00047500,2.378168861,4
E00047501,2.964757661,4
E00047502,4.381578366,5
E00047503,1.535257063,4
E00047504,2.297104406,4
E00047505,2.605922935,4
E00047506,4.644772288,5
E00047507,3.232913919,5
E00047508,3.770673085,5
E00047509,2.85415071,4
E00047510,3.353199622,5
E00047511,5.506373425,5
E00047512,5.553607954,5
E00047513,6.445907403,5
E00047514,2.934429944,4
E00047515,2.751059171,4
E00047516,5.363402784,5
E00047517,4.66462262,5
E00047518,6.998241992,5
E00047519,5.038767548,5
E00047520,5.381525828,5
E00047521,4.726270585,5
E00047522,5.51892843,5
E00047523,4.007632351,5
E00047524,3.142833672,5
E00047525,4.604700531,5
E00047526,4.699197245,5
E00047527,5.169112613,5
E00047528,2.388991401,4
E00047529,4.206099445,5
E00047530,4.524316188,5
E00047531,2.805030803,4
E00047532,0.982132236,3
E00047533,2.286619201,4
E00047534,2.333507165,4
E00047535,1.632476317,4
E00047536,2.093251049,4
E00047537,1.304103966,3
E00047538,-2.21006795,2
E00047539,1.103184849,3
E00047540,0.415181188,3
E00047541,2.730958951,4
E00047542,0.138347158,3
E00047543,2.103613128,4
E00047544,-1.472282788,2
E00047546,-2.41786116,2
E00047547,0.726804467,3
E00047548,2.965390794,4
E00047549,-2.567280056,2
E00047550,0.007112332,3
E00047551,2.794564176,4
E00047552,1.877395023,4
E00047553,4.440020664,5
E00047554,2.274081103,4
E00047555,3.115644875,5
E00047556,4.396766826,5
E00047557,1.048535534,3
E00047558,1.867997603,4
E00047559,3.173697623,5
E00047560,0.369030793,3
E00047561,2.461242681,4
E00047562,2.947679532,4
E00047563,2.003856903,4
E00047564,4.519604992,5
E00047565,2.967219019,4
E00047566,3.159854253,5
E00047567,1.740854768,4
E00047568,2.53416632,4
E00047569,1.731677448,4
E00047570,1.790262798,4
E00047571,3.851041333,5
E00047572,0.539481057,3
E00047573,2.574829867,4
E00047574,-0.541867274,3
E00047575,2.285671538,4
E00047576,3.529533585,5
E00047577,1.934096156,4
E00047578,3.526180789,5
E00047579,1.638428311,4
E00047580,0.574170122,3
E00047581,3.685736865,5
E00047582,0.648172426,3
E00047583,2.808949369,4
E00047584,2.694056963,4
E00047585,-0.992000212,2
E00047586,0.594085399,3
E00047587,2.046386883,4
E00047588,-0.096272371,3
E00047589,3.299136898,5
E00047590,1.304886965,3
E00047591,2.284483954,4
E00047592,2.617315238,4
E00047593,1.342667491,4
E00047594,3.314894038,5
E00047595,0.001360675,3
E00047596,4.522351764,5
E00047597,0.838132533,3
E00047598,-0.096545641,3
E00047599,-0.63406543,3
E00047600,1.856242166,4
E00047601,-1.078542507,2
E00047602,-2.763837522,2
E00047603,-1.315587758,2
E00047604,0.991933068,3
E00047605,0.870300908,3
E00047606,0.82941009,3
E00047607,1.354624411,4
E00047608,2.007748643,4
E00047609,1.350554572,4
E00047610,-4.194687563,1
E00047611,0.028680692,3
E00047612,1.218711089,3
E00047614,-2.662313293,2
E00047615,2.689453373,4
E00047616,-0.904037252,2
E00047617,2.057618956,4
E00047618,1.136273075,3
E00047619,-1.848536174,2
E00047620,-1.374788642,2
E00047621,1.316244707,3
E00047622,1.964051579,4
E00047623,1.977403942,4
E00047624,0.347076727,3
E00047625,-3.112158215,2
E00047626,-1.420086,2
E00047627,-2.041456771,2
E00047628,-1.869546619,2
E00047629,0.113671687,3
E00047630,3.319045267,5
E00047631,-0.486751211,3
E00047632,1.224227017,3
E00047633,-2.420865913,2
E00047634,0.101801705,3
E00047635,1.946071684,4
E00047636,-1.488344627,2
E00047637,4.359952159,5
E00047638,0.647715779,3
E00047639,-1.135942859,2
E00047640,2.903636536,4
E00047641,-0.607105196,3
E00047642,2.424622329,4
E00047643,-0.243258629,3
E00047644,-2.95464668,2
E00047645,-0.748560257,3
E00047646,0.954983409,3
E00047647,-0.405484689,3
E00047648,-0.027028664,3
E00047649,2.565413066,4
E00047650,1.923211127,4
E00047651,1.438895586,4
E00047652,2.748516426,4
E00047653,3.848699566,5
E00047654,-1.552468053,2
E00047655,1.05810013,3
E00047656,0.208689764,3
E00047657,2.392690611,4
E00047658,-0.173230481,3
E00047659,1.917522696,4
E00047660,0.067730784,3
E00047661,-0.244648115,3
E00047662,-0.212766755,3
E00047663,-1.343825101,2
E00047664,0.603123624,3
E00047665,2.642870803,4
E00047666,-0.762162818,3
E00047667,-0.646987021,3
E00047668,2.331191888,4
E00047669,3.236571724,5
E00047670,1.870951021,4
E00047671,-0.205554233,3
E00047672,-1.838149177,2
E00047673,3.046361378,5
E00047674,-0.150162344,3
E00047675,-0.297750817,3
E00047676,-0.316597154,3
E00047677,-0.58571276,3
E00047678,-1.181479521,2
E00047679,-5.391939556,1
E00047680,-4.823505961,1
E00047681,-1.46884825,2
E00047682,-6.982890958,1
E00047683,-6.135331892,1
E00047684,-4.981708746,1
E00047685,-6.257330771,1
E00047686,-2.507869705,2
E00047687,-5.250808891,1
E00047688,-5.31829758,1
E00047689,-5.812121653,1
E00047690,-4.282298513,1
E00047691,-6.248386631,1
E00047692,-5.694634513,1
E00047693,-5.785980224,1
E00047694,-5.228496136,1
E00047695,-5.190580656,1
E00047696,-6.112715456,1
E00047697,-2.574960286,2
E00047698,-8.628230904,1
E00047700,-6.57332806,1
E00047701,-2.999866779,2
E00047702,-7.312840423,1
E00047703,-7.319224582,1
E00047704,-1.136526473,2
E00047705,-4.052091339,1
E00047706,-5.998678897,1
E00047707,-3.699796149,1
E00047708,-2.635137959,2
E00047709,-7.360240409,1
E00047710,0.537780042,3
E00047711,-5.455473474,1
E00047712,-0.818685486,3
E00047713,-6.575233522,1
E00047714,-4.316886332,1
E00047715,-4.556905245,1
E00047716,-1.359479533,2
E00047717,-4.36601508,1
E00047718,-4.596340285,1
E00047719,-6.91145452,1
E00047720,-2.959954916,2
E00047721,-4.133762018,1
E00047722,-0.947533572,2
E00047723,-7.088438806,1
E00047724,-5.073490238,1
E00047725,-5.674385037,1
E00047726,-3.375003282,1
E00047727,-6.022455804,1
E00047728,-6.604886758,1
E00047729,-6.61621838,1
E00047730,-5.073130608,1
E00047731,-4.308837787,1
E00047732,-5.782951762,1
E00047733,-5.042586801,1
E00047734,-6.318001023,1
E00047735,-7.780043898,1
E00047736,-5.470915306,1
E00047737,-7.894821424,1
E00047738,-4.174075193,1
E00047739,-6.721644595,1
E00047740,-4.764173435,1
E00047741,-0.466165436,3
E00047742,-1.795503535,2
E00047743,-6.14527515,1
E00047744,-7.195951935,1
E00047745,-4.238704377,1
E00047746,-6.167080617,1
E00047747,-6.091687423,1
E00047748,-6.724890363,1
E00047749,-4.42888241,1
E00047750,-6.111867821,1
E00047751,-5.594218686,1
E00047752,-6.768074066,1
E00047753,-5.208905626,1
E00047754,-2.885129746,2
E00047755,-8.009638826,1
E00047756,-6.181666452,1
E00047757,-6.434443404,1
E00047758,-3.640785171,1
E00047759,-4.670855938,1
E00047760,-3.56055117,1
E00047761,3.315057044,5
E00047762,-5.037787033,1
E00047763,-5.297910461,1
E00047764,-6.548208053,1
E00047765,-4.624386883,1
E00047766,-6.560680731,1
E00047767,-5.751192271,1
E00047768,-1.098512772,2
E00047769,-3.945814537,1
E00047770,-7.073158719,1
E00047771,-2.816668954,2
E00047772,-4.417650369,1
E00047773,-3.574787863,1
E00047774,-5.102252276,1
E00047775,-5.701697859,1
E00047776,-1.707014175,2
E00047777,-2.687359934,2
E00047778,-6.618304624,1
E00047779,-5.435493971,1
E00047780,-4.730055901,1
E00047781,-2.486044972,2
E00047782,-3.001202688,2
E00047783,-5.448447635,1
E00047784,-5.123283042,1
E00047785,-4.546424436,1
E00047786,-3.623628778,1
E00047787,-2.207745056,2
E00047788,-4.829876053,1
E00047789,-3.803374426,1
E00047790,-4.60244201,1
E00047791,-1.693486889,2
E00047792,-4.408484347,1
E00047793,-1.173607548,2
E00047794,-3.359042218,1
E00047795,-5.833098174,1
E00047796,-5.144127588,1
E00047797,-1.62485751,2
E00047798,-5.144592797,1
E00047799,-3.119236826,2
E00047800,1.740601192,4
E00047801,-6.469107554,1
E00047802,-4.041497489,1
E00047803,-5.272316831,1
E00047804,-5.892821165,1
E00047805,2.945987949,4
E00047806,-2.620614828,2
E00047807,-6.0389824,1
E00047808,-5.196915557,1
E00047809,-5.725100231,1
E00047810,-2.364042214,2
E00047811,-5.752979322,1
E00047812,-7.230812839,1
E00047813,-0.065976826,3
E00047814,3.485053073,5
E00047815,-6.026100284,1
E00047816,-5.602963944,1
E00047817,-7.861324245,1
E00047818,-5.449522911,1
E00047819,-4.447960327,1
E00047820,-4.144793005,1
E00047821,-5.947411721,1
E00047823,-5.627033847,1
E00047824,-5.42595963,1
E00047825,-2.890687427,2
E00047826,-6.232036708,1
E00047827,-5.028258482,1
E00047828,-3.094594593,2
E00047829,-5.650014183,1
E00047830,-5.34243326,1
E00047831,-5.212923981,1
E00047832,-6.678637169,1
E00047833,-6.60756885,1
E00047834,-4.722954288,1
E00047835,-4.21987089,1
E00047836,-6.468912809,1
E00047837,-5.426333945,1
E00047838,-4.226031964,1
E00047839,-5.148972924,1
E00047840,-5.025182086,1
E00047841,-2.877306702,2
E00047842,-6.149951096,1
E00047843,-5.026511693,1
E00047844,-4.897397104,1
E00047845,-3.958876552,1
E00047846,-6.406957198,1
E00047847,-2.94872488,2
E00047848,-5.169718617,1
E00047849,-5.506597401,1
E00047850,-3.40383461,1
E00047851,-2.230517313,2
E00047852,-4.96762773,1
E00047853,-5.81089865,1
E00047854,-2.297525618,2
E00047855,-4.178659458,1
E00047856,-2.92071387,2
E00047857,-1.815824822,2
E00047858,-6.47567027,1
E00047859,-3.555784855,1
E00047860,-5.515932702,1
E00047861,-5.689441559,1
E00047863,-6.192751096,1
E00047864,1.046077106,3
E00047865,-4.585074582,1
E00047866,-3.667974752,1
E00047867,-2.740899199,2
E00047868,-5.200522961,1
E00047869,5.051556348,5
E00047870,-4.471399243,1
E00047871,1.126402702,3
E00047872,-1.071346011,2
E00047873,-6.199453314,1
E00047874,-3.0417729,2
E00047875,0.901745763,3
E00047876,-2.677086149,2
E00047877,2.323268954,4
E00047878,-1.169336853,2
E00047879,-1.117711529,2
E00047880,-5.457984486,1
E00047881,-3.844878153,1
E00047882,-2.974425829,2
E00047883,-1.695841948,2
E00047884,-1.122078102,2
E00047885,-1.020781701,2
E00047886,-0.413978067,3
E00047887,-5.371390011,1
E00047888,-5.57072492,1
E00047890,-6.90245799,1
E00047891,-4.930111717,1
E00047892,-5.089452941,1
E00047893,-5.625706411,1
E00047894,-6.081394963,1
E00047895,-6.762570165,1
E00047896,-6.363656365,1
E00047897,-4.467846774,1
E00047898,-3.997104151,1
E00047899,-6.297120734,1
E00047900,-6.041496973,1
E00047901,-4.042162884,1
E00047902,-6.483731358,1
E00047903,-5.234150643,1
E00047904,-5.24108471,1
E00047905,1.692285268,4
E00047906,-5.105043947,1
E00047907,-4.642936101,1
E00047908,-5.879702241,1
E00047909,-3.389343421,1
E00047910,-6.457539255,1
E00047911,-5.533912991,1
E00047912,-3.302090956,1
E00047913,-3.991416692,1
E00047914,-4.289429475,1
E00047915,-3.581358044,1
E00047916,-5.447651146,1
E00047917,-4.668614139,1
E00047918,-6.267145048,1
E00047919,-5.866651325,1
E00047920,-3.20053517,2
E00047921,-5.629113326,1
E00047922,-0.983058533,2
E00047923,1.646195099,4
E00047924,-5.693502052,1
E00047925,-4.466123464,1
E00047926,-6.037956001,1
E00047927,-5.538456118,1
E00047928,-6.401859519,1
E00047929,-7.472421738,1
E00047930,-4.901163904,1
E00047931,-6.467809872,1
E00047932,-3.618031529,1
E00047933,-4.673179954,1
E00047934,-6.502698684,1
E00047935,-6.570982594,1
E00047936,-5.218242963,1
E00047937,-5.33595758,1
E00047938,-4.37283075,1
E00047939,-6.076226495,1
E00047940,-4.972439355,1
E00047941,-1.084974195,2
E00047942,-3.160669266,2
E00047943,-5.951389934,1
E00047944,-5.326480074,1
E00047945,-6.616107855,1
E00047946,-4.931320334,1
E00047947,-3.609586402,1
E00047948,-6.170356125,1
E00047949,-1.927714154,2
E00047950,-1.638169608,2
E00047951,-6.594579453,1
E00047952,-7.843361369,1
E00047953,-5.086599476,1
E00047954,-1.899142076,2
E00047955,-6.841210014,1
E00047956,-1.0987715,2
E00047957,-3.161181917,2
E00047958,-4.466655668,1
E00047959,-2.815585041,2
E00047960,-1.390304621,2
E00047961,-4.773642022,1
E00047962,-5.268774081,1
E00047963,-1.163601211,2
E00047964,-6.321156594,1
E00047965,0.905434762,3
E00047966,-6.463299345,1
E00047967,-1.47781959,2
E00047968,-3.37867631,1
E00047969,-4.323757459,1
E00047970,-5.921514265,1
E00047971,-6.81877229,1
E00047972,-6.127096872,1
E00047973,-6.834697898,1
E00047974,-7.806413842,1
E00047975,-4.435863347,1
E00047976,-5.591311565,1
E00047977,-5.515683506,1
E00047978,-5.460368013,1
E00047979,-3.749179705,1
E00047980,-5.059988027,1
E00047981,3.027470675,5
E00047982,2.376721226,4
E00047983,3.025860205,5
E00047984,1.179490423,3
E00047985,4.204228722,5
E00047986,2.580194809,4
E00047987,2.53370186,4
E00047988,1.816758552,4
E00047989,3.161760898,5
E00047990,0.951063982,3
E00047991,2.199501908,4
E00047992,5.102194696,5
E00047993,4.509663618,5
E00047994,3.429552548,5
E00047995,4.893718779,5
E00047996,3.316401623,5
E00047997,6.133170174,5
E00047998,5.696799502,5
E00047999,2.519683622,4
E00048001,6.822254478,5
E00048002,-2.420723527,2
E00048003,5.877652282,5
E00048004,0.588418638,3
E00048005,0.338309673,3
E00048006,4.234334545,5
E00048007,2.193504708,4
E00048008,5.93588645,5
E00048009,1.424718927,4
E00048010,1.335223375,4
E00048011,1.300822686,3
E00048012,4.742868407,5
E00048013,5.201594922,5
E00048014,1.918672218,4
E00048015,2.365305877,4
E00048016,2.456786078,4
E00048017,0.624066888,3
E00048018,2.484786025,4
E00048019,1.61959738,4
E00048020,4.445558547,5
E00048021,3.858970014,5
E00048022,1.73873519,4
E00048023,3.881617661,5
E00048024,4.186585132,5
E00048025,4.874560843,5
E00048026,3.236566712,5
E00048028,2.581900239,4
E00048029,-0.071526838,3
E00048030,4.903147125,5
E00048031,3.83996708,5
E00048032,1.882498058,4
E00048033,5.131192936,5
E00048034,3.120605179,5
E00048035,2.016743584,4
E00048036,3.725732299,5
E00048037,1.407437585,4
E00048038,2.862079017,4
E00048039,6.887913162,5
E00048040,6.347109094,5
E00048041,2.975699122,4
E00048042,1.846463246,4
E00048043,3.03890624,5
E00048044,3.762561569,5
E00048045,2.515962377,4
E00048046,2.597238373,4
E00048047,3.139115037,5
E00048048,4.856661726,5
E00048049,3.297038802,5
E00048050,2.030892505,4
E00048051,2.771361974,4
E00048052,3.122282432,5
E00048053,2.303012664,4
E00048054,3.9272276,5
E00048055,1.719845508,4
E00048056,2.646596353,4
E00048057,1.700119771,4
E00048058,-5.400541734,1
E00048059,2.282326259,4
E00048060,3.903076663,5
E00048061,4.059971327,5
E00048062,7.151906367,5
E00048063,2.509418485,4
E00048064,4.147642789,5
E00048065,-4.047853208,1
E00048066,3.104937347,5
E00048067,1.125756674,3
E00048068,0.150368052,3
E00048069,-5.40921677,1
E00048070,3.068848061,5
E00048071,-4.619569576,1
E00048072,-3.146649359,2
E00048073,0.986387997,3
E00048074,-2.561762601,2
E00048075,-5.530236097,1
E00048076,-1.509953345,2
E00048077,3.381448056,5
E00048078,-2.599779545,2
E00048079,-4.510963522,1
E00048080,-0.156767794,3
E00048081,-3.594164862,1
E00048082,-1.208426818,2
E00048083,-1.757110939,2
E00048084,-1.963463543,2
E00048085,1.863000717,4
E00048086,3.33918876,5
E00048087,0.355810121,3
E00048088,2.06800091,4
E00048089,2.590436009,4
E00048090,0.03135423,3
E00048091,-0.420382196,3
E00048092,0.192402527,3
E00048093,0.198420529,3
E00048094,-0.646062478,3
E00048095,-3.736181355,1
E00048096,2.064944921,4
E00048097,5.354558063,5
E00048098,2.199500213,4
E00048099,1.255457734,3
E00048100,2.188532522,4
E00048101,0.681269593,3
E00048102,0.714497677,3
E00048103,0.734491289,3
E00048104,2.235779762,4
E00048105,0.362036646,3
E00048106,2.649687295,4
E00048107,0.158863332,3
E00048108,0.137919495,3
E00048109,0.830144141,3
E00048110,1.79214155,4
E00048111,0.116704344,3
E00048112,-1.54458189,2
E00048113,0.393447638,3
E00048114,1.993486824,4
E00048115,2.844126907,4
E00048116,-4.859422512,1
E00048117,1.737892908,4
E00048118,-6.332221775,1
E00048119,1.302613479,3
E00048120,2.533457693,4
E00048121,-2.978442563,2
E00048122,0.947849353,3
E00048123,-1.358113366,2
E00048124,5.024372989,5
E00048125,3.475669958,5
E00048126,5.163072485,5
E00048127,0.657395952,3
E00048128,-2.435176484,2
E00048129,2.991687056,4
E00048130,1.902716963,4
E00048131,-1.498020697,2
E00048132,-4.875299369,1
E00048133,0.392313379,3
E00048134,1.274142564,3
E00048135,1.533529105,4
E00048136,2.458768437,4
E00048137,0.758282825,3
E00048138,1.971135803,4
E00048139,1.132636096,3
E00048140,-0.469826114,3
E00048141,-0.73828298,3
E00048142,0.175974756,3
E00048143,0.193937709,3
E00048144,0.475708022,3
E00048146,3.283497786,5
E00048147,1.228988588,3
E00048148,0.761670986,3
E00048149,-1.555920035,2
E00048150,-1.076081084,2
E00048152,-2.908921851,2
E00048153,1.467342988,4
E00048154,-3.226715251,2
E00048155,-1.047851676,2
E00048156,2.557163328,4
E00048157,-0.581688596,3
E00048158,-2.316858875,2
E00048159,-1.901315582,2
E00048161,-0.841463402,3
E00048162,2.205845519,4
E00048163,0.198777751,3
E00048164,0.39179883,3
E00048165,0.828087532,3
E00048166,-1.362735982,2
E00048167,-0.397675567,3
E00048168,-5.083679841,1
E00048169,-0.889730133,3
E00048170,-1.772511949,2
E00048171,-3.355944997,1
E00048172,-3.386957902,1
E00048173,-4.317384212,1
E00048174,-5.606538213,1
E00048175,-2.785675715,2
E00048176,-2.386293302,2
E00048177,-1.525865502,2
E00048178,-4.935759006,1
E00048179,-3.390807906,1
E00048180,-4.225351154,1
E00048181,-5.192474091,1
E00048182,-4.027217574,1
E00048183,-3.588659695,1
E00048184,-2.753314859,2
E00048185,-1.478926004,2
E00048186,-0.649520277,3
E00048187,-3.775585032,1
E00048188,2.495395073,4
E00048189,2.009247594,4
E00048190,2.306110953,4
E00048191,0.12883666,3
E00048192,3.627469097,5
E00048193,4.76967867,5
E00048194,0.867218077,3
E00048195,4.315214222,5
E00048196,2.196732409,4
E00048197,-3.429090642,1
E00048198,-0.545025866,3
E00048199,5.60502494,5
E00048200,-1.043710741,2
E00048201,3.777500556,5
E00048202,-1.309222447,2
E00048203,2.976056349,4
E00165815,-3.545147129,1
E00165817,-4.115496014,1
E00175606,5.134719013,5
E00175607,-0.05326052,3
E00175608,5.938556786,5
E00175609,0.266077888,3
E00175610,-0.343515572,3
E00175611,2.267083425,4
E00175612,6.22793299,5
E00175613,4.680069741,5
E00175614,3.137716642,5
E00175615,2.933712119,4
E00175616,0.355393506,3
E00175617,1.489303545,4
E00175618,0.208620866,3
E00175619,2.323744868,4
E00175620,4.653006827,5
E00175621,3.609707914,5
E00175622,5.009910807,5
E00175623,2.887754589,4
E00175624,-0.703598103,3
E00175625,-0.3953483,3
E00175626,5.721612313,5
E00175627,3.083796748,5
E00175628,2.007883064,4
E00175629,4.851899327,5
E00175630,0.033118367,3
E00175631,0.876717952,3
E00175632,0.236238977,3
E00175633,0.589100665,3
E00175634,0.920953758,3
E00175635,0.788869304,3
E00175636,0.653180236,3
E00175637,6.143801606,5
E00175638,3.030650586,5
E00175639,3.964361324,5
E00175640,1.62023836,4
E00175641,3.316817386,5
E00175642,5.207323757,5
E00175643,1.088496123,3
E00175644,5.193784223,5
E00175645,0.982026238,3
E00175646,2.099586893,4
E00175647,0.518930449,3
E00175648,0.756786313,3
E00175649,2.148352265,4
E00175650,5.738292283,5
E00175651,0.929238622,3
E00175652,3.383033375,5
E00175653,1.978573787,4
E00175654,1.506135699,4
E00175655,-3.200554602,2
E00175656,3.819606993,5
E00175657,3.696503584,5
E00175658,-0.848545382,3
E00175659,1.514003205,4
E00175660,-1.558969117,2
E00175661,3.506487473,5
E00175662,3.334662053,5
E00175663,5.094882558,5
E00175664,2.595355388,4
E00175665,-0.564461388,3
E00175666,0.418522433,3
E00175667,2.233714289,4
E00175668,3.679163288,5
E00175669,2.712297659,4
E00175670,1.313643611,3
E00175671,0.409823387,3
E00175672,3.919465608,5
E00175673,6.048332654,5
E00175674,2.386412389,4
E00175675,-0.913157676,2
E00175676,0.820228176,3
E00175677,5.306465956,5
E00175678,-0.363290217,3
E00175679,-0.289367828,3
E00175680,-3.614659398,1
E00175681,5.985524893,5
E00175682,6.060561438,5
E00175683,-1.03605249,2
E00175684,1.051956153,3
E00175685,-2.606845156,2
E00175686,-2.044258117,2
E00175687,-0.627433508,3
E00175688,3.088899984,5
E00175689,-4.698862326,1
E00175690,-2.096102629,2
E00175691,-2.460225652,2
E00175692,-2.550370076,2
E00175693,-2.801577812,2
E00175694,-4.453072341,1
E00175695,-4.752031285,1
E00175696,-4.299318566,1
E00175697,-3.650660905,1
E00175698,-6.342228711,1
E00175699,2.324284609,4
E00175700,4.196355712,5
E00175701,0.13088804,3
E00175702,-3.811679493,1
E00175703,-0.721125017,3
E00175704,-6.665999001,1
E00175705,1.49632193,4
E00175706,-1.854098998,2
E00175707,-1.87630027,2
E00175708,2.136229864,4
E00175709,0.112952233,3
E00175710,3.133374181,5
E00175711,-4.700756892,1
E00175712,-6.587559368,1
E00175713,-2.62833137,2
E00175714,3.960558269,5
E00175715,2.548528106,4
E00175716,3.77877879,5
E00175717,5.054539826,5
E00175718,0.157169514,3
E00175719,2.315112201,4
E00175720,-3.16344715,2
E00175721,2.216963275,4
E00175722,-0.229329341,3
E00175723,4.39380403,5
E00175724,-4.468573032,1
E00175725,-0.869829031,3
E00175726,1.137597835,3
E00175727,-1.261597525,2
E00175728,2.570564714,4
E00175729,2.508009592,4
E00175730,-2.494025253,2
E00175731,1.689763392,4
E00175732,-1.843431855,2
E00175733,0.593241535,3
E00175734,0.035894249,3
E00175735,4.037320295,5
E00175736,1.072954286,3
E00175737,-4.931051881,1
E00175738,-0.979193691,2
E00175739,4.95114497,5
E00175740,-4.076885841,1
E00175741,-3.513225222,1
E00175742,-3.171045675,2
E00175743,-6.904952813,1
E00175744,3.441453239,5
E00175745,-0.469701284,3
E00175746,1.397637648,4
E00175747,4.607386368,5
E00175748,1.731145798,4
E00175749,6.273688896,5
E00175750,4.304930077,5
E00175751,-0.035538655,3
E00175752,2.951016974,4
E00175753,1.78871794,4
E00175754,1.494237086,4
E00175755,2.287204105,4
E00175756,4.041679812,5
E00175757,5.111659504,5
E00175758,1.323221298,4
E00175759,7.65367256,5
E00175760,5.492901029,5
E00175761,1.884862462,4
E00175762,2.049211891,4
E00175763,5.332016572,5
E00175764,2.474911917,4
E00175765,2.380802175,4
E00175766,-0.092528363,3
E00175767,3.084598316,5
E00175768,4.494792104,5
E00175769,2.826111565,4
E00175770,-0.657280665,3
E00175771,-1.218531905,2
E00175772,3.264809246,5
E00175773,3.893045285,5
E00175774,0.747893384,3
E00175775,5.553020954,5
E00175776,1.839601704,4
E00175777,-1.236650961,2
E00175778,2.94794758,4
E00175779,0.314671238,3
E00175780,-0.175163548,3
E00175781,-3.646852376,1
E00175782,-8.057002575,1
E00175783,-3.610369603,1
E00175784,3.139508568,5
E00175785,-3.94864114,1
E00175786,2.001426805,4
E00175787,3.707652213,5
E00175788,5.436939154,5
E00175789,1.417575524,4
E00175790,-2.241671747,2
E00175791,1.768056339,4
E00175792,2.420019819,4
E00175793,5.72663987,5
E00175794,4.360207893,5
E00175795,4.033465131,5
E00175796,-3.107494715,2
E00175797,3.988574175,5
E00175798,-0.659826218,3
E00175799,0.62122081,3
E00175800,0.520804029,3
E00175801,-0.22235859,3
E00175802,0.354927433,3
E00175803,1.432875782,4
