code,p2002,p2003,p2004,p2005,p2006,p2007,p2008,p2009,p2010,p2011,p2012,p2013,p2014,p2015,p2016
S01009758,31.51,21.19,36.58,19.78,26.74,32.47,20.17,17.99,18.11,20.03,6.54,6.3,10.94,14.33,11.15
S01009759,94,46.84,64.22,50.27,68.18,68.55,34.17,60.57,60.24,40.44,39.73,32.92,19.85,11.1,20.39
S01009760,56.58,88.66,70.95,88.34,86.69,58.75,25.52,30.47,32.29,34.48,38.12,40.84,33.49,18.74,27.09
S01009761,36.68,35.25,38.28,39.94,30.22,19.86,16.4,16.86,28.16,41.57,18.66,14.4,5.62,9.06,6.98
S01009762,67.92,56.79,45.3,61.43,55.17,33.72,39.24,31.8,30.17,37.8,35.52,17.17,21.6,19.96,21.42
S01009763,9.95,19.93,13.29,18.21,12.83,26.87,41.6,19.61,15.44,40,11.33,10.42,8.96,8.74,5.1
S01009764,103.04,58.75,51.11,48.28,49.76,69.4,48.64,24.78,32.36,37.27,23.32,22.5,21.19,14.66,30.57
S01009765,76.03,54.05,40.49,42.32,44.88,40.84,20.41,22.02,23.81,31.53,18.66,27.48,11.55,14.61,21.78
S01009766,60.33,32.51,39.66,43.33,54.59,41.03,64.03,20.52,45.3,39.37,22.23,20.18,11.36,20.6,21.28
S01009767,310.82,219.39,228.45,131.62,198.95,230.11,187.01,150.48,142.32,149.6,106.9,101.89,128.25,117.74,93.41
S01009768,112.47,73.77,178.42,144.33,78.25,63.74,80.39,51.75,46.12,32.36,18.09,28.17,17.88,28.65,12.16
S01009769,109.98,105.66,122.47,75.02,88.4,93.1,85.41,61.38,71.33,140.71,76.49,56.73,48.63,37.07,42.7
S01009770,23.42,13.87,22.35,15.11,21.68,38.85,26.09,20.11,22.89,24.79,15.38,32.95,13.14,17.73,13.31
S01009771,80.66,25.08,13.09,20.34,21.3,30.13,15.52,10.94,19.82,24.66,9.5,18.2,5.76,13.65,15.05
S01009772,61.67,47.23,100.51,124.32,71.67,46.89,37.03,28.17,30.04,17.21,16.7,8.98,17.29,10.23,13.08
S01009773,0,0,0,0,9.87,22.54,12.46,16.73,20.75,33.17,29.11,21.37,22.5,21.71,18.13
S01009774,0,0,0,0,0,0,27.84,13.08,28.53,17.65,22.25,19.33,8.49,16.72,9.72
S01009775,212.02,149.94,148.35,167.99,93.92,194.03,422.62,471.15,548.83,656.21,449.48,476.19,449.26,451.52,500.69
S01009776,78.21,99.95,58.5,69.77,133.76,56.9,52.12,61.37,39.78,36.08,31.64,31.34,24.02,24.5,21.08
S01009777,90.55,67.11,68.42,51.59,70.47,62.06,75.15,60.72,57.51,73.11,30.86,27.03,50.19,22.81,41.26
S01009778,60.12,77.94,71.08,58.68,52.19,36.39,57.36,50.72,44.9,35.5,23.06,29.45,21.9,28.01,41.92
S01009779,111.53,100.91,79.03,121.59,107.76,66.83,124.63,93.16,74.4,88.01,49.64,41.59,26.46,35.71,35.48
S01009780,276.51,158.06,224.29,281.65,133.4,93.43,46.69,87.64,96.91,35.59,33.35,46.34,31.52,21.65,33.24
S01009781,50.63,64.7,93.58,123.34,71.01,49.36,50.96,36.88,66.67,67.14,48.78,41.07,44.25,22.07,24.43
S01009782,183.26,120.67,112.95,174.63,118.21,168.8,55.31,75.44,57.99,42.46,31.26,63.72,46.24,33.83,24.13
S01009783,37.86,71.56,76.33,82.05,69.25,84.34,55.9,47.57,52.41,31.21,36.08,36.01,65.83,21.22,12.93
S01009784,63.71,49.75,28.3,68.6,57.1,46.6,56.72,49.24,47.98,51.21,20.24,41.55,33.06,32.08,36.78
S01009785,72.35,71.22,81.17,71.6,79.72,52.31,62.2,60.61,91.91,56.32,23.43,42.27,35.49,34.87,43.97
S01009786,50.25,53.37,48.95,52.79,45.45,68.69,49.75,56.94,51.05,45.17,19.01,47.3,27.66,21.25,36.96
S01009787,46.56,42.75,39.58,62.63,39.52,39.24,50.79,62.5,35.84,48.55,53,42.53,32.73,37.83,40.9
S01009788,17.2,35.05,27.75,30.01,22.55,35.09,45.03,25.11,35.42,32.53,22.39,16.91,21.33,18.93,22.91
S01009789,44.37,50.54,58.49,46.07,50.62,51.57,30.89,49.18,36.16,32.84,25.55,26.65,20.93,22.99,40.7
S01009790,44.73,40.54,36.67,41.8,29.19,33.06,40.27,59.31,35.95,27.24,18.84,17.3,10.87,15.77,28.39
S01009791,56.55,47.75,90.14,51.39,73.86,56.8,58.65,63.7,43.35,44.91,27.26,22.42,42.91,33.37,56.27
S01009792,29.75,16.42,28.03,6.05,21.92,24.49,24.66,13.26,14.07,18.59,23.28,10.44,17.03,21.21,29.38
S01009793,21.66,32.12,35.71,23.86,18.87,27.44,32.82,6.56,34.75,31.46,36.12,16.72,12.2,9.48,15.73
S01009794,53.54,43.77,78.7,14.82,41.65,39.17,65.39,26.39,33.12,54.63,73.37,46.21,35.45,30.97,26.22
S01009795,17.06,22.16,35.29,10.21,25.53,26.29,41.18,20.8,14.33,17.93,14.2,12.21,4.93,21.48,12.9
S01009796,17.13,10.24,17.48,13.22,27.34,32.07,21.98,12.41,8.1,29.63,32.82,17.93,10.38,37.04,7.89
S01009797,70.76,48.7,66.92,38.41,33.48,78.34,42.87,37.95,73.55,56.7,47.02,34.03,32.55,23.2,25.28
S01009798,33.06,40.71,51.18,15.98,21.32,36.84,31.17,19.03,15.26,26.32,40.71,12.77,7.13,24.11,11.43
S01009799,56.54,50.12,88.47,81.27,66.59,67.07,68.71,86.64,51.16,54.83,29.56,40.24,24.45,32.05,37.14
S01009800,91.63,45.95,99.77,76.25,80.56,50.83,58.19,61.07,56.03,42.34,21.1,36.72,20.95,15.44,21.48
S01009801,51.67,26.85,40.6,57.94,34.18,49.78,34.44,34.14,24.2,23.62,31.53,33.18,15.96,13.94,17.46
S01009802,72.31,30.68,53.82,23.9,37.73,38.45,35.22,32.39,26.49,29.93,31.76,22.5,16.88,16.88,24.95
S01009803,86.75,57.17,63.46,35.79,62.28,45.95,43.64,47.15,41.3,24.97,34.2,25,27.25,30.63,45.33
S01009804,154.46,73.11,108.36,42.56,69.34,57.38,19.82,39.37,28.41,34.85,53.13,15.53,52.94,54.26,41.67
S01009805,86.27,79.49,64.7,49.27,53.87,62.5,48.3,65.43,40.44,39.83,21.37,24.39,21.32,29.82,68.52
S01009806,150.42,104.59,103.15,118.48,155.58,167.03,132.26,121.65,82.66,54.02,104.31,91.12,87.17,76.14,67.8
S01009807,41.27,34.25,45.23,37.49,67.06,74.61,51.88,47.71,40.12,35.61,32.87,35.64,33.7,10.82,12.97
S01009808,72.59,59.52,98.06,60.41,86.91,62.89,76.14,78.53,65.71,60.44,60.57,50.52,45.61,31.75,34.6
S01009809,26.46,36.83,31.94,33.66,27.93,32.49,20.32,28.11,24.32,30.52,16.08,35.93,39.42,25.75,23.77
S01009810,41.99,38.06,38.12,49.12,54.05,18.56,23.57,36.5,21.05,25.61,40.89,22.73,17.64,17.1,27.21
S01009811,48.51,27.15,47.66,50.77,52.58,36.19,25.71,31.16,20.19,36.9,15.11,17.13,13.31,8.61,24.76
S01009812,33.96,22.33,29.15,38.8,48.72,29.64,22.19,30.05,13.55,25.82,9.59,23.16,12.15,12.16,20.6
S01009813,32.1,30.7,17.05,40.51,29.58,28.13,17.06,17.54,10.75,35.78,17.21,21.65,14.18,16.25,22.27
S01009814,75.74,71.51,61.99,45.62,87.51,104.58,63.01,69.99,59.11,48.19,57.38,53.32,61,25.18,36.72
S01009815,27.17,26.57,37.92,34.99,28.25,44.48,54.01,29.41,18.03,31.65,29.23,29.14,28.11,12.05,24.21
S01009816,39.14,32.13,51.93,41.55,50,60.86,34.04,36.26,18.11,24.11,21.77,23.56,28.86,17.02,17.62
S01009817,24.62,44.08,36.99,30.79,26.57,19.72,7.03,24.22,21.61,40.88,30.93,17.86,24.64,27.38,31.7
S01009818,38.26,61.79,43.78,46.09,36.41,36.42,30.39,60.32,60.13,57.61,68.04,47.02,39.55,31.67,15.3
S01009819,127.47,112.39,163.21,101.68,80.28,135.45,109.33,108.82,85.74,116.67,114.7,104.32,121.52,51.95,62.32
S01009820,74.77,60.69,98.04,96.85,66.84,62.28,93.53,100.42,86.96,95.16,90.13,73.05,58.64,43.61,69.62
S01009821,24.87,33,61.87,58.51,53.64,56.33,35.81,24.17,33.63,40.89,33.54,50,21.41,16.69,27.64
S01009822,16.2,23.6,46.89,21.08,39.52,44.31,45.9,26,35.02,18.93,10.36,10.35,10.16,0,12.88
S01009823,30.49,24.08,18.96,21.2,59.13,32.09,33.51,26.28,20.44,29.93,27.03,11.43,14.03,11.17,16.64
S01009824,40.62,19.29,35.31,46.55,29.06,14.35,41.28,24.89,15.38,12.32,13.11,7.5,13.7,11.59,9.43
S01009825,38.63,45.83,47.07,56.28,55.1,46.79,58.68,30.29,30.14,37.97,22.65,31.07,11.43,17.14,20.97
S01009826,37.8,41.27,35.88,33.12,59.1,41.14,56,38.16,16.03,27.44,41.81,20.07,15.2,29.7,60.34
S01009827,45.03,55.81,56.6,34.84,48.41,87.37,52.01,35.89,29.27,18.78,13.06,14.51,8.4,10.73,16.89
S01009828,15.73,34.03,31.83,25.44,18.84,27.03,47.38,39.53,19.82,26.04,10.61,14.3,10.68,9.67,14.35
S01009829,31.29,30.07,21.58,42.05,44.83,26.62,33.39,30.05,29.25,46.69,39.08,38.22,43.71,24.57,34.66
S01009830,39.56,41.2,54.5,38.37,47.5,31.25,14.12,37.32,14.67,27.49,14.34,19.28,10.68,5.24,23.29
S01009831,29.74,37.18,40.45,43.77,73.21,32.49,15.64,18.54,12.73,16.79,12.9,25.77,15.58,7.59,24.11
S01009832,54.28,44.88,44.63,52.15,61.05,61.82,65.94,59.56,48.13,78.76,73.48,46.14,28.86,37.56,28.17
S01009833,371.75,352.11,355.4,270.32,215.96,173.78,235.2,186.47,210.43,275.74,343.23,283.81,236.43,168.88,229.6
S01009834,98.67,139.08,73.6,50.97,37.35,31.09,25.44,44.89,20.13,21.14,22.56,20.91,20.54,22.84,17.7
S01009835,221.42,219.7,92.64,70.18,53.54,31.81,67.78,94.44,35.96,69.48,34.17,19.78,39.93,18.74,29.16
S01009836,30.41,15.7,16.93,20.81,20.5,29.69,32.36,44.78,8.5,15.64,22.04,21.92,14.08,10.92,34.56
S01009837,90.14,66.09,78.26,47.69,85.63,43.54,79.34,56.55,45.39,29.5,43.73,34.58,21.19,20.23,14.39
S01009838,66.8,77.49,65.1,76.65,55.7,85.16,88.57,92.83,51.58,83.85,51.58,73.83,45.3,32.88,30.53
S01009839,70.36,64.76,62.82,75.9,54.7,58.25,76.03,120.46,86.15,60.7,57.96,70.47,78.23,39.25,40.61
S01009840,75.63,70.75,44.16,32.87,52.58,45.36,81.98,72.46,50.59,39.5,26.56,27.34,24.7,18.4,22.63
S01009841,104.82,62.35,58.45,60.03,32.66,27.6,49.3,41.72,30.16,36.5,29.04,28.7,34.32,14.93,16.04
S01009842,138.81,148.09,194.79,105.42,96.49,128.94,133.24,96.13,66.47,100.15,101.92,66.19,70.2,49.59,45.27
S01009843,517.07,512.4,623.68,463.55,460.76,393.33,378.28,429.31,322.64,348.12,275.48,269.82,223.46,216.02,218.06
S01009844,281.72,208.5,185.62,200.42,144.88,176.59,178.59,187.83,171.69,112.33,96.92,103.17,76.74,79.22,65.31
S01009845,159.47,125.32,112.09,93.77,107.86,115.13,129.78,100.32,76.81,72.94,68.3,70.2,86.86,46.1,44.44
S01009846,107.18,117.65,89.23,91.43,74.12,73.17,68.34,69.77,56.06,49.89,36.63,38.29,39.81,27.28,31.34
S01009847,203.47,162.36,130.29,128.6,77.07,104.19,140.77,148.25,107.34,109.45,72.75,79.06,59.41,58.41,21.56
S01009848,98.77,79.01,83.33,54.31,60.28,42.2,86.85,50,56.19,64.48,55.89,37.38,42.63,42.48,31.98
S01009849,62.82,133.77,47.03,31.17,37.14,41.5,25.37,48.65,24.46,39.94,28.57,29.83,16.17,21.95,37.71
S01009850,64.52,62.63,35.55,50.29,26.29,39.57,36.96,37.91,16.45,23.91,21.91,26.7,31.89,12.28,17.68
S01009851,91.51,79.94,81.01,104.32,62.9,55.06,49.43,55.26,39.72,67.46,33.46,67.82,49.09,18.63,25.37
S01009852,133.22,134.92,165.29,111.11,110.55,135.54,84.05,74.32,55.28,66.89,75.5,123.91,122.34,72.2,74.95
S01009853,59.02,33.94,39.86,14.25,60.61,39.95,46.62,27.43,21.25,16.13,33.56,16.47,14.32,15.7,30.67
S01009854,47.01,27.03,32.99,34.53,26.75,49.5,49.52,22.33,11.39,26.2,24.31,20.88,21.64,12.96,8.31
S01009855,50.76,33.96,43.41,34.13,23.53,25.21,15.18,17.45,19.37,8.77,15.71,19.03,19.37,3.52,5.2
S01009856,15.31,35.84,44.44,24.39,30.61,38.87,48.19,13.51,29.36,22.15,12.78,16.31,22.22,14.38,14.45
S01009857,40,36.38,33.18,38.42,31.43,28.97,27.75,22.37,28.15,26.29,21.21,22.7,32.11,13.51,20.57
S01009858,24.77,50.58,25.41,24.2,30.57,29.6,19.08,21.66,22.37,26.7,15.79,27.27,18.28,16.97,11.97
S01009859,172.58,129.91,148.69,165.8,156.41,149.07,111.65,122.79,79.41,64.36,80.19,87.7,59.36,70.84,45.42
S01009860,226.76,201.45,201.44,186.28,169.44,178.34,202.21,136.01,89.73,103.16,149.04,116.12,131.84,106.45,100.99
S01009861,212.24,169.63,200.36,199.25,156.21,162.01,152.37,74.65,74.1,64.84,74.24,102.54,67.37,40.27,36.2
S01009862,201.81,158.33,172.67,145.75,147.93,152.6,175.28,108.98,75.15,103.83,96.12,104.4,100.83,61.36,73.57
S01009863,107.28,81.88,108.21,109.71,88.12,86.01,81.46,71.69,52.51,74.21,46.04,77.3,51.62,38.18,43.58
S01009864,174.57,184.97,183.48,138.77,177.44,187.59,183.16,123.99,92.17,45.08,70.38,44.48,25.13,28.29,35.2
S01009865,119.51,119.5,123.36,113.36,121.74,91.8,92.92,89.61,58.82,49,29.6,62.36,34.9,41.74,45.53
S01009866,33.94,52.94,35.76,42.92,54.41,60.78,33.75,74.54,30.53,28.47,22.5,39.15,18.81,28.38,24.92
S01009867,120.08,199.51,181.6,113.56,163.76,107.71,117.87,97.98,78.26,96.43,78.06,98.97,73.83,53.93,57.91
S01009868,58.37,87.72,48.15,37.91,36.92,56.15,83.57,37.52,31.75,29.13,27.7,54.09,62.41,17.2,32.83
S01009869,74.96,77.56,45.31,66.67,74.78,44.37,31.09,45.79,46.13,28.96,37.84,44.96,26.37,32.91,29.47
S01009870,152.17,145.31,100.31,131.28,84.14,78.74,83.84,84.26,88.42,109.24,65.55,58.24,71.9,55.47,46.78
S01009871,94.68,78.66,84.25,89.07,86.54,97.87,60.14,53.3,53.45,48.55,54.73,74.27,60.92,42.51,32.47
S01009872,129.95,85.13,84.99,74.22,65.66,63.58,44.82,87.27,53.07,43.48,47.49,65.03,46.22,31.55,49.42
S01009873,216.15,159.12,218.48,170.51,197.5,165.15,146.1,114.51,75.42,85.1,101.53,116.61,90.41,70.38,77.16
S01009874,44.68,47.76,50.8,32.84,36.08,37.29,11.06,38.8,17.03,18.98,32.29,24.88,21.26,24.65,34.15
S01009875,208.54,63.79,92.5,52.37,62.29,65.92,53.31,53.92,62.11,38.24,39.11,36.28,30.05,20.91,41.52
S01009876,134.83,81.83,64.9,39.9,54.92,48.38,41.7,39.62,42.17,93.41,83.71,130.57,79.34,70.78,39.41
S01009877,77.73,69.95,61.67,52.7,49.26,69.88,21.53,17.26,26.64,37.36,41.13,29.14,13.47,11.18,21.21
S01009878,61.54,65.63,69.25,73.67,56.68,76.07,48.75,35.96,26.76,44.99,22.16,35.96,19.26,27.78,25
S01009879,54.11,35,36.63,24.46,38.7,35.68,32.12,23.73,32.12,22.95,25.16,17.84,23.65,10.24,32.04
S01009880,38.74,35.8,33.54,15.25,52.35,59.51,32.43,31.12,21.88,23.63,17.09,13.7,21.98,3.75,26.02
S01009881,151.06,121.51,112.25,92.89,85.84,80.88,69,49.6,70.33,41.41,34.11,39.84,45.1,19.53,43.64
S01009882,133.46,127.65,104.31,152,118.15,149.02,184.01,130.07,118.85,96.74,52.37,54.53,84.7,118.26,70.93
S01009883,93.88,112.04,93.84,66.67,118.38,84.51,89.81,80.75,59.76,51.74,43.27,20.94,41.06,25.12,60.64
S01009884,60.61,57.82,41.17,48.75,53.16,49.22,52.7,43.19,35.35,25.83,26.35,45.98,28.46,21.11,40.47
S01009885,79.91,43.98,45.3,42.94,59.62,56.5,34.13,32.19,35.75,34.33,18.89,23.39,20.16,21.76,25.11
S01009886,36.59,59.8,47.07,42.66,74.36,57.97,60.53,43.1,46.65,37.41,33.01,22.84,20.57,25.06,20.43
S01009887,142.86,104.93,64.63,91.34,76.38,68.78,54.14,67.61,90.06,42.99,74.32,61.25,78.32,75.96,90.04
S01009888,104.37,44.84,62.5,78.15,85.57,42.25,54.19,73.44,80.92,70.28,86.76,73.67,95.8,120.18,71.91
S01009889,99.75,72.27,90.55,90.91,72.61,65.6,85.38,74.12,41.21,62.35,80.76,48.87,73.74,67.38,55.86
S01009890,89.67,67.07,91.82,68.18,89.87,64.89,50.94,64.89,43.56,69.52,56.99,44.75,39.32,36.02,61.67
S01009891,235.71,202.88,178.84,237.08,194.82,148.32,190.76,102.27,77.24,151.6,115.85,100.77,130.76,136.08,95.82
S01009892,75.2,71.7,61.92,74.9,91.77,43.8,48.6,52.96,52.17,47.26,39.22,30.56,44.08,51.44,49.88
S01009893,199.08,119.95,114.8,138.71,91.74,92.27,69.08,89.07,70.73,83.63,87.76,92.72,153.85,94.58,92.38
S01009894,59.61,45.4,51.25,53.98,52.7,37.78,45,44.12,43.1,38.18,33.45,30.45,30.02,37.08,39.04
S01009895,76.54,73.83,87.55,93.06,71.53,52.27,75.86,51.14,43.13,68.4,47.88,38.19,49.27,56.5,38.87
S01009896,60.67,52.95,55.99,51.64,34.59,54.6,36.47,38.15,36.73,51.33,30.33,22.57,36.03,20.28,15.36
S01009897,90.73,62.31,91.98,81.61,65.54,58.02,46.89,60.99,58.57,46.44,77.53,37.21,46.14,41.71,46.34
S01009898,96.08,121.27,123.53,102.42,100.54,74.47,57.49,39.54,61.87,48.31,53.12,40.82,24.54,27.65,28.61
S01009899,38.56,42.25,45.87,28.91,33.78,28.42,28.57,53.13,20.55,35.99,33.94,20.86,16.6,9.72,9.78
S01009900,44.16,55.84,46.51,67.71,59.66,70.57,21.79,33.96,23.06,26.99,41.11,20.58,20.58,24.3,22.43
S01009901,102.65,90.37,101.19,92.55,81.87,52.07,41.57,54.12,34.44,44.19,45.15,42.2,38.55,21.74,32.52
S01009902,63.85,56.52,49.79,70.09,75.58,58.07,43.33,34.63,44.55,34.79,23.92,21.97,25.35,22.75,17.48
S01009903,127.86,96.89,105.01,119.75,113.21,80.99,76.66,55.81,55.68,58.97,47.45,37.71,27.91,35.97,35.96
S01009904,228.3,244.51,244.5,256.73,162.24,192.76,142.23,135.5,106.16,107.72,112.73,81.38,90.8,94.65,62.27
S01009905,163.53,70.9,108.47,103.78,93.54,99.9,93.55,90.59,71.91,74.8,83.72,99.16,98.78,83.33,90.91
S01009906,139.72,133.19,135.69,102.25,105.55,96.24,86.85,123.31,106.92,83.97,79.01,92.22,129.45,156.43,152.74
S01009907,147.02,90.8,100,78.58,99.86,51.75,73.98,88.98,64.1,61.05,69.05,61.2,92.5,90.67,102.53
S01009908,123.17,91.58,100.45,110.73,129.44,96.11,87.81,77.6,66.14,65.37,60.75,67.62,75.9,41.67,50.05
S01009909,232.34,247.02,214.02,219.34,158.58,171.56,156.7,113.97,124.96,112.93,72.97,63.75,78.3,43.86,48.27
S01009910,125.69,113.85,76.34,94.12,101.48,69.03,83.18,66.42,65.06,45.28,57.92,54.16,54.61,47.98,71.04
S01009911,62.21,62.07,31.47,38.95,60.18,35.71,32.45,23.46,26.79,23.76,29.36,25.09,17.86,22.49,20.41
S01009912,69.84,63.38,82.74,60.75,60.71,104.86,66.74,40.64,31.08,43.8,45.64,43.04,29.88,22.91,15.03
S01009913,42.12,66.46,92.04,93.89,70.36,44.91,45.19,50.29,25.39,26.24,32.12,19.02,22.04,17.71,18.21
S01009914,63.03,62.43,67.24,26.34,61.62,67.99,27.38,23.69,27,34.69,36.71,23.21,35.86,23.64,15.15
S01009915,80.09,78.56,65.5,88.04,66.9,89.2,70.29,49.65,42.7,50.18,41.77,26.19,36.34,49.31,31.71
S01009916,52,49.41,43.66,42.92,49.37,56.56,40.38,30.33,30.93,31.44,28.51,27.47,31.66,25.03,29.03
S01009917,35.66,49.52,31.4,31.2,36.5,26.55,32.95,20.92,19.26,19.89,25.21,12.47,12.53,19.55,8.21
S01009918,41.1,50.14,39.37,38.36,41.04,32.17,36.11,11.17,26.06,21.28,18.03,26.13,11.35,21.49,7.26
S01009919,273.74,301.23,265.58,250.52,226.77,248.53,243.27,177.14,203.17,149.28,143.78,103.54,142.34,127.1,85.3
S01009920,43.17,77.22,55.27,53.35,54.41,34.4,20.83,30.77,18.66,24.04,18.91,18.2,19.86,19.36,22.15
S01009921,178.85,197.47,140.8,253.11,201.29,201.31,232.14,143.32,192.75,170.85,157.98,129.03,125.61,72.61,78.86
S01009922,101.24,60.98,66.94,74.64,56.74,48.11,38.14,42.34,35.05,45.68,27.36,26.44,20.37,18.17,24.09
S01009923,40.95,52.93,35.63,33.56,30.27,22.42,33.64,30.37,25.76,32.07,20.43,16.22,28.3,4.56,9
S01009924,106.11,114.9,80.49,112.29,100.56,45.41,100.69,75.05,64.19,56.63,44.95,43.48,29.52,23.45,42.23
S01009925,95.76,52.31,77.63,81.53,49.92,35,46.93,54.52,41.6,58.3,30.52,50.7,24.97,14.53,22.66
S01009926,87.29,50.15,44.44,68.31,61.54,46.03,40.11,35.62,37.91,44.81,34.7,39.85,28.53,23.32,41.18
S01009927,83.3,29.86,48.96,28.2,64.74,34.08,39.21,47.94,13.81,46.47,46.03,23.64,49.18,24.73,18.8
S01009928,106.99,54.45,68.47,55,54.1,43.8,32.98,26.09,24.04,15.22,25.35,12.17,17.49,9.67,13.66
S01009929,66.34,63.79,73.7,71.34,53.03,49.37,25.14,28.48,24.74,10.04,17.79,14.81,20.6,22.1,10.83
S01009930,57.25,50.7,28.21,36.13,45.96,25.28,31.02,45.62,27.06,25.82,23.23,23.5,12.82,27.62,16.65
S01009931,47.03,66.76,47.35,31.87,42.97,42.27,61.91,31.29,11.75,34.62,28.99,16.27,27.09,6,10.56
S01009932,73.68,55.87,65.68,51.54,60.13,71.17,80.92,56.07,29.31,39.96,25.33,27.2,30.89,16.11,17.96
S01009933,45.4,63.68,48.36,54.52,40.49,42.45,26.26,22.74,32.22,35.75,18.48,11.7,12.73,12.45,12.61
S01009934,295.38,333.97,220.51,179.08,168.18,155.33,156.77,129.84,130.98,125.54,86.14,76.18,53.82,37.2,75.16
S01009935,180.55,195.5,177.38,135.85,125.76,182.22,92.01,75.77,93.09,73.57,58.02,47.9,42.03,38.9,29.37
S01009936,83.25,73.7,66.27,52.61,63.95,49.62,42.72,39.5,34.16,33.71,43.16,34.09,18.87,18.06,23.33
S01009937,156.29,161.98,177.58,166.24,152.64,139.64,84.11,64.88,69.81,116.56,102.83,115.26,42.9,60.69,45.7
S01009938,102.43,109.01,79.17,84.71,98.82,72.63,62.7,76.76,58.19,45.65,34.52,31.03,47.13,32.47,27.66
S01009939,22.39,29.7,37.02,68.61,42.13,68.76,55.61,38.81,52.55,52.39,49.35,69.86,41.07,39.5,17.27
S01009940,58.95,67.63,61.88,97.21,100,98.11,81.73,85.82,54.22,71.18,28.47,40.87,42.12,23.2,48.22
S01009941,7.86,10.42,27.08,25.5,13.69,29.55,22.47,7.56,13.58,27.75,8.45,13.3,4.9,2.92,12.44
S01009942,28.74,43.28,44.5,46.13,53.87,36.43,40.35,21.94,14.02,24.51,37.24,27.78,19.77,30.27,29.87
S01009943,59.95,67.58,65.48,54.4,88.27,66.04,47.29,48.95,33.96,48.35,35.96,34.32,30.14,31.42,29.67
S01009944,21.63,27.64,33.16,40.61,21.36,27.03,32.95,13.63,14.78,16.31,19.33,17.9,15.58,20.51,11.73
S01009945,40.65,39.39,67.46,59.49,64.31,41.84,51.1,35.82,42.16,41.33,34.95,38.59,16.99,23.99,37.59
S01009946,35.89,34.7,29.42,47.7,51.85,28.82,21.85,22.78,23.32,21.19,10.2,13.45,15.87,5.82,11.47
S01009947,42.21,41.53,43.97,30.25,30.6,21.42,30.72,25.42,18.77,33.27,13.72,18.97,25.55,13.45,11.73
S01009948,6.99,16.38,23.84,15.13,23.72,21.54,20.15,17.95,12.46,14.73,13.39,24.78,18.89,5.03,14.27
S01009949,17.71,19.28,34.28,23.57,18.4,29.63,32.14,24.66,18.66,12.38,12.3,20.14,15.05,16.18,11.3
S01009950,34.61,37.32,46.75,33.55,48.56,25.54,39.89,30.01,20.33,15.21,25.35,17.98,15.43,12.5,21.25
S01009951,38.6,40.29,50.25,38.61,63.55,35.43,19.61,52.02,19.71,23.68,27.78,20.11,26.92,8.11,24.86
S01009952,64.78,63.62,54.17,71.33,61.58,66.31,97.17,57.33,42.06,15.01,34.67,22.76,17.59,16.69,11.33
S01009953,70.48,57.46,57.83,54.54,36.19,36.24,25.43,31.66,25.95,36.85,18.15,21.86,20.02,15.82,19.06
S01009954,95.1,100.15,118.77,64.23,69.36,61.08,53.25,55.06,31.77,56.6,35.17,56.75,36.2,39.47,28.33
S01009955,40.76,64.58,47.52,52.95,46.2,47.76,30.66,58.14,33.33,36.36,29.69,33.2,18.11,15.05,25.54
S01009956,25.07,33.21,23.35,53.13,29.97,32.12,18.21,31.9,36.78,21.33,25.3,9.27,13.68,9.37,8.21
S01009957,31.13,46.04,42.66,54.83,57.36,31.37,27.74,52.84,29.26,37.56,31.37,21.22,13.33,16.24,18.59
S01009958,30.24,16.1,28.28,15.31,31.02,24.72,17.75,18.95,23.73,17.6,16.5,16.59,20.18,19.06,16
S01009959,26.91,26.51,33.03,30.44,33.95,25.04,20.06,22.52,14.97,21.18,20.96,12.07,8.73,7.66,9.16
S01009960,83.15,58.29,29.18,46.61,29.57,34.63,44.18,21.6,14.48,35.67,25.96,14.69,20.77,9.05,15.37
S01009961,12.55,9.86,30.88,13.33,23.77,13.39,11.68,10.36,16.67,14.6,28.19,9.08,10.53,13.16,4.46
S01009962,42.18,49.68,29.09,38.71,72.2,61.59,48.29,40.63,39.8,44.67,20.92,27.44,26.61,29.74,21.43
S01009963,13.93,22.68,21.23,15.78,23.6,10.48,16.43,4.81,4.94,7.45,25.16,2.59,3.91,10.5,5.33
S01009964,48.73,51.09,33.81,57.95,66.82,48.21,26.73,38.99,37.9,34.52,41.19,22.88,15.4,17.69,22.91
S01009965,41.93,32.06,32.33,37.81,26.54,39.3,26.19,13.51,19.69,6.97,16.74,12.71,2.82,17.54,19.17
S01009966,27.68,26.47,11.1,35.04,14.8,28.71,7.66,7.77,6.46,5.14,18.42,7.97,8.06,16.06,17.08
S01009967,41.67,55.76,46.63,44.67,57.22,37.66,20.28,18.77,16.35,21.12,20.94,10.01,11,19.08,19.79
S01009968,86.76,106.75,95.61,99.53,70.4,46.18,43.76,46.13,24.79,33.28,14.78,42.62,36.24,41.1,28.27
S01009969,76.2,43.16,45.17,47.44,59.12,52.73,30.66,48.98,23.69,26.75,9.22,19.59,26.05,23.86,16.78
S01009970,19.68,46.72,43.87,54.94,37.63,32.33,32.25,22.6,39.22,35.88,22.82,13.31,21.6,11.43,14.77
S01009971,37.4,28.65,39.05,60.15,63.13,56.37,40.09,39.97,32.14,39.38,35.22,22.35,23.94,27.17,23.72
S01009972,128.6,163.32,100.89,94.66,89.68,104.12,59.76,52.35,47.73,39.09,49,29.31,61.27,54.42,20.98
S01009973,6.55,5.26,8.54,23.27,13.12,20.09,10.4,14.59,22.63,22.2,4.1,5.49,19.2,11.13,1.42
S01009974,54.09,37.17,46.32,23.51,15.47,27.33,19.27,13.76,15,9.81,19.35,15.55,15.72,18.24,0
S01009975,51.86,41.52,38.39,58.39,72.01,54.43,45.93,45.2,55.03,61.79,59.09,31.57,45.85,44.23,29.67
S01009976,14.47,14.71,19.31,47.68,38.08,43.87,23.44,21.39,16.21,14.42,16.88,36.96,18.6,26.75,10.68
S01009977,82.16,31.44,34.02,59.32,37.97,41.17,20.54,20.36,23.55,35.56,24.1,31.28,26.37,27.15,14.62
S01009978,166.01,100.35,120.82,143.23,67.39,91.8,56.21,37.58,31.65,34.38,22.64,26.97,23.67,14.9,14.91
S01009979,116.5,121.7,135.46,159.91,93.02,88.01,32.38,26.93,28.87,33.39,21.52,25.3,31.42,41.9,21.15
S01009980,291.78,225.84,288.44,261.68,172.6,178.95,157.74,218.96,124.94,144.74,127.83,155.04,103.24,156.83,76.31
S01009981,97.94,105.7,134.48,180.96,98.28,109.6,86.71,74.94,68.94,54.11,50.83,39.82,46.27,34.07,35.36
S01009982,64.65,33.37,37.88,33,39.62,34.42,34.25,31.31,29.24,17.68,17.84,17.22,12.85,30.54,18.76
S01009983,69.31,89.01,82.18,59.12,58.38,59.23,60.2,53.68,42.05,54.21,41.68,43.1,38.18,28.15,21.74
S01009984,70.03,40.03,52.95,69.45,54.16,59.68,52.29,55.52,48.08,65.56,35.12,32.26,33.47,33.38,21.58
S01009985,46.62,59.97,40.65,43.89,45.66,32.92,34.92,40.52,34.09,29.75,23.61,23.1,27.03,26.94,14.11
S01009986,35.77,47.86,27.73,54.58,31.52,26.32,25.45,35.78,26.02,16.27,5.57,11.54,19.34,7.75,17.41
S01009987,59.61,43.19,46.81,53.57,35.34,35.66,19.07,26.41,31.36,12.67,18.35,23.53,16.45,20.46,12.06
S01009988,28.52,29.9,33.74,44.75,20.67,83.01,34.96,35.28,20.43,8.08,8.08,10.31,8.23,8.28,14.77
S01009989,101.48,102.47,84.56,116.34,73.29,91.02,64.64,86.29,75.4,79.4,54.16,73.7,57.99,64.21,46.95
S01009990,44.63,54.83,30.81,40.46,48.57,41.67,26.76,24.64,27.74,21.25,8.63,18.79,26.28,15.54,9.51
S01009991,49.18,41.24,29.53,45.63,53.78,33.59,46.15,27.95,45.23,28.64,25.22,24.02,17.43,15,13.6
S01009992,91.45,65.31,89.24,68.09,44.69,43.36,52.04,28.37,25.86,28.82,18.49,20,11.24,27.78,8.45
S01009993,69.77,70.13,45.08,49.1,53.86,39.9,34.56,34.48,18.14,24.91,24.03,25.37,13.71,16.32,19.91
S01009994,49.2,38.93,20.38,78.35,49.93,36.98,37.2,22.28,12.89,28.17,19.75,21.34,19.46,27.4,27.73
S01009995,41.21,39.94,43.23,33.53,47.97,43.01,32.98,19.37,20.83,22.56,10.9,11.18,21.31,27.64,12.97
S01009996,83.78,50.56,41.02,78.64,97.81,81.9,76.16,52.93,76.5,61.92,30.46,29.29,45.16,22.05,32.26
S01009997,44.8,39.47,27.87,76.26,38.33,36.84,43.18,45.06,28.02,33.22,24.05,31.8,8.68,24.82,18.77
S01009998,70.71,61.94,53.78,65.5,75.04,48.6,61.86,42.11,35.2,50.62,41.72,54.49,44.87,66.13,50.39
S01009999,39.79,28.1,28.95,53.18,30.14,34.85,24.83,16.51,13.64,29.37,20.92,18.01,4.16,33.95,10.25
S01010000,39.49,26.63,21.99,56.49,55.3,24.31,34.2,26.19,16.37,24.04,21.35,23.89,17.42,32.93,31.2
S01010001,89.15,34.7,20.86,36.23,42.68,32.97,34.39,25.74,22.84,16.37,28.97,16.97,23.95,14.56,11.06
S01010002,41.18,32.81,40.56,60.57,66,33.92,24.91,14.16,25.03,31.41,16.93,35.67,20.97,27.29,6.75
S01010003,79.89,38.83,42.47,48.16,50.42,29.75,22.73,25.75,34.14,22.79,27.62,15.94,27.22,22.19,19.01
S01010004,41.24,39.04,12.82,9.36,21.14,18.54,21.59,20.69,16.76,20.69,9.71,9.72,13.93,28.17,14.29
S01010005,11.73,45.33,23.75,19.76,24.9,23.94,26.77,31.54,29.93,18.62,22.25,11.08,17.57,10.74,15.21
S01010006,56.8,34.16,45.35,40.19,43.84,30.3,32.45,37.65,43.22,37.59,37.29,26.54,20.15,22.36,17.32
S01010007,41.94,33.92,28.89,25,31.89,21.2,29.85,16.91,26,13.46,18.05,8.47,3.17,15.91,17
S01010008,29.5,25.06,27.51,30.98,46.59,25.86,38.77,41.84,16.17,31.12,12.49,16.54,15.58,14.93,13.39
S01010009,109.31,100.96,66.55,70.69,72.88,36.41,59.95,59.53,111.42,58.25,27.76,33.04,41.53,14.93,26.77
S01010010,52.28,54.82,40.16,45.81,43.18,27.3,25.14,13.45,23.92,22.18,20.08,16.67,16.3,11.86,19.25
S01010011,25.68,58.19,26.95,21.04,37.04,23.91,18.34,21.71,32.88,27.59,17.69,21.62,18.01,9.6,24.9
S01010012,34.19,50.7,37.65,37.8,43.23,20.5,21.15,29.38,35.11,20.24,16.75,15.51,17.28,20.57,16.87
S01010013,86.92,90.94,55.37,81.97,79.71,83.74,66.15,48.72,44.95,35.15,36.89,38.78,27.81,32.62,32.83
S01010014,61.03,51.09,43.12,48.07,64.94,64.24,71.42,36.93,32.72,24.72,31.38,11.86,21.01,19.94,22.7
S01010015,76.54,73.33,44.87,48.5,53.59,57.17,51.2,57.17,37.79,34.46,33.37,29.7,32.1,28.21,21.3
S01010016,43.59,31.01,31.05,27.85,25.33,18.84,15.09,9.41,19.47,21.43,11.63,29.85,17.75,14.73,15.71
S01010017,34.75,19.71,31.34,24.46,46.01,37.28,24,15.42,41.22,25.21,20.63,20.22,19.15,9.31,28.35
S01010018,32.88,31.34,53.28,77.89,35.95,40.49,46.48,29.74,30.37,24.42,18.33,12.86,27.49,18.79,16.96
S01010019,90.45,72.99,68.41,42.47,53.43,51.09,40.19,37.69,32.87,40.45,51.92,20.47,44.62,48.82,58.91
S01010020,32.09,22.64,20.38,38.06,35.95,17.5,12.45,12.24,9.42,18.64,6.73,21.36,26.17,30.05,6.67
S01010021,259.6,360.93,309.87,303.24,329.17,281.93,317.58,276.55,249.22,239.55,296.05,380.22,405.8,451.53,290.56
S01010022,87.82,90.41,73.92,73.95,49.37,71.44,52.09,46.62,68.26,53.42,38.15,33.27,28.46,18.12,22.62
S01010023,38.33,33.27,30.59,29.95,86.47,28.07,15.08,32.62,28.89,31.28,29.55,7.56,18.9,21.84,22.08
S01010024,82.12,120.56,82.05,89.6,128.4,83.66,44.88,61.39,44.06,43.54,45.32,44.23,20.1,20.71,43.32
S01010025,146.15,184.82,139.22,162.21,150.28,144,118.47,92.98,95.24,70.27,80.68,63.2,82.87,49.82,56.99
S01010026,67,24.44,39.72,37.54,62.76,53.53,37.61,33.91,34.61,45.61,28.21,17.64,27.9,40.82,29.8
S01010027,63.75,88.23,71.21,102.48,93.11,65.13,43.53,51.39,54.52,33.09,28.58,17.11,26.15,22.73,26.12
S01010028,36.1,45.63,59.3,57.68,95.14,44.35,40,51.94,27.59,29.84,39.36,31.8,24.96,21.54,22.62
S01010029,56.72,58.98,72.93,55.54,71.85,61.01,32.41,34.17,36.02,28.68,28.32,28.32,16.44,16.32,22.66
S01010030,60.96,133.26,95.8,101.04,91.64,46.75,46.9,28.5,21.42,17.13,24.38,20.66,16.69,15.35,18.65
S01010031,287.78,301.84,244.94,235.25,296.47,271.68,252.14,170.06,135.5,154.56,137.55,134.29,138.11,102.12,67.46
S01010032,926.54,941.33,716.1,608.4,514.49,426.63,483.21,336.06,212.25,227.09,183.95,195.65,163.5,134.88,197.47
S01010033,193.87,212.64,183.21,191,150.88,116.09,105.87,113.5,122.99,105.03,125.33,85.28,63.6,76.62,62.32
S01010034,166.89,209.76,243.5,175.39,156.15,132.13,121.58,122.92,128.53,90.96,75.36,73.06,45.55,28.68,66.28
S01010035,184.24,203.07,148.1,154.56,142.53,150.87,147.26,148.25,113.04,85.96,110.94,92.68,76.8,55.91,89.74
S01010036,46.56,104.93,33.96,58.9,169.2,70.72,71.84,68.74,36.65,35.13,38.82,24.91,43.43,15.07,13.09
S01010037,140.32,76.92,71.19,55.37,57.34,33.22,37.41,43.13,21.98,33.79,34.11,25.64,28.83,27.11,21.31
S01010038,387.87,162.73,135.29,143.43,163.99,93.06,86.41,87.39,75.54,82.04,73.99,91.38,117.41,83.68,88.27
S01010039,450.64,298.15,278.62,218.47,207.74,179.83,188.57,108.44,81.93,84.91,82.18,49.66,66.73,47.01,50.14
S01010040,500.96,332.68,253.14,221.26,228.24,156.95,149.05,132.09,95.56,121.22,88.23,113.23,123.97,48.59,65.8
S01010041,150.64,150.81,186.95,110.31,135.04,156.63,107.97,112.68,129.91,113.15,80.12,63.57,67.12,37.74,56.58
S01010042,300.53,211.69,132.1,109.26,89.01,101.44,86.76,68.76,35.61,73.02,51.41,34.54,61.22,25.49,34.48
S01010043,104.87,123.23,147.45,123.08,99.02,103.86,133.33,89.61,106.1,81.61,89.45,62.99,46.48,51.28,85.71
S01010044,63.83,58.3,63.29,55.08,60.34,84.63,64.55,49.58,45.17,28.27,25.13,25.04,21.88,20.07,34.42
S01010045,46.36,50.25,51.19,59.75,60.9,51.5,86.06,74.01,37.52,38.46,30.77,39.57,18.71,30.72,17.01
S01010046,130.61,190.54,118.39,116.67,95.94,93.33,117.14,102.12,103.62,116.85,97.81,78.41,69.85,49.12,62.27
S01010047,39.86,37.21,43.48,34.02,35.11,53.44,56.09,38.93,30.3,33.13,25.21,31.06,9.55,13.91,17.63
S01010048,82.52,53.7,111.57,62.5,31.37,69.18,57.97,60.67,84.95,53.91,37.15,30.08,32.54,16.32,22.44
S01010049,166.41,142.66,153.63,143.05,139.15,95.82,87.6,80.1,71.15,69.51,83.54,44.22,26.84,36.43,46.24
S01010050,72.35,84.02,56.15,47.31,55.89,42.65,25.73,27.65,42.33,49.8,31.16,35.39,32.77,18.22,36.33
S01010051,140.46,145.55,134.78,71.32,108.79,83.49,91.45,76.09,89.36,93.02,107.56,89.45,61.5,52.49,42.05
S01010052,1258.23,1110.92,1087.19,772.89,969.65,889.08,822.85,814.31,904.61,770.99,722.47,603.33,503.48,525.33,492.37
S01010053,278.18,189.19,253.39,122.15,126.12,132.82,118.13,89.66,81.73,65.07,83.44,74.36,47.15,39.49,66.74
S01010054,214.03,145.42,176.3,183.91,152.71,174.43,151.64,119.91,90.67,92.6,89.01,94.74,88.85,67.21,72.46
S01010055,284.58,203.65,190.97,132.74,170.26,154.83,132.65,111,75.61,110.71,62.77,71.19,65.4,62.4,81.75
S01010056,83.2,88.35,110.84,172.96,90.92,172.22,100.02,61.18,70.48,79.33,31.27,18.22,24.44,30.43,11.67
S01010057,79.83,76.52,103.73,108.58,82.68,57.37,201.03,70.4,63.94,68.32,121.92,54.76,46.73,38.9,38.96
S01010058,47.98,41.82,31.33,28.21,35.04,34.39,37.52,33.12,32.43,43.09,33.38,26.58,27.36,23.05,17.72
S01010059,148.63,76.72,119.61,88.22,129.09,108.93,78.15,86.33,50.49,61.22,78.53,81.3,59.83,39.87,62.7
S01010060,124.23,107.07,77.69,66.17,57.64,77.47,38.62,57.91,36.9,65.47,69.57,45.35,35.68,17.11,24.49
S01010061,63.1,29.31,44.59,57.6,63.84,59.28,40.74,28.3,22.33,29.39,54.95,43.48,14.68,21.74,26.07
S01010062,102.32,68.34,78.56,72.74,86.82,70.54,63.71,33,35.89,43.97,42.7,60.98,78.38,48.43,53.79
S01010063,105.09,106.66,103.49,114.53,113.84,92.1,110.61,78.12,79.37,75.9,83.07,58.04,60.34,40.44,43.62
S01010064,64.8,40.78,40.07,24.16,49.52,43.8,54.21,25.78,50.85,56.88,25.83,47.88,17.79,9.92,25.49
S01010065,50.13,47.26,70.62,61.45,63.86,66.92,50.62,37.96,30.51,27.96,41.1,24.91,24.53,25.82,22.62
S01010066,59.35,42.04,56.68,49.87,43.65,32.47,29.53,26.42,34.17,46.79,50.67,38.73,21.36,31.7,25.77
S01010067,151.18,105.06,131.66,101.45,161.03,104.07,136.53,112.29,61.94,126.54,54.94,53.24,48.78,54.46,32
S01010068,75.92,78.45,55.98,63.42,69.82,42.92,77.7,110,55.49,130.94,57.91,60.38,46.93,23.23,26.7
S01010069,77.53,36.54,36.82,37.05,33.79,40.88,26.57,24.14,16.47,13.62,30.64,15.17,33.07,14,26
S01010070,18.62,21.68,19.23,17.66,15.34,21.37,12.97,7.17,5.84,5.93,2.99,4.51,10.9,12.42,12.25
S01010071,132.38,148.87,146.75,187.49,171.68,179.82,133.67,108.73,118.44,92.76,111.32,98.9,89.78,82.37,73.89
S01010072,31.77,13.85,31.75,24.18,23.81,21.44,22.64,23.31,7.38,15,22.53,28.68,23.69,24.66,11.35
S01010073,26.19,27.58,14.65,11.92,28.29,27.06,24.18,17.59,5.06,28.46,19.74,22.52,29.14,20.46,14.57
S01010074,87.36,79.91,82.08,90.15,85.37,50.25,45.17,43.53,55.92,50,35.53,41.17,37.69,27.97,43.24
S01010075,20.49,19.86,8.73,14.84,19.4,9.08,21.31,11.01,10.99,12.88,11.46,11.42,4.81,17.52,6.2
S01010076,44.19,10.7,36.73,26.43,23.88,28.11,13.04,12.78,10.04,19.09,4.36,2.9,4.48,11.85,10.8
S01010077,37.64,27.8,16.08,32.57,22.09,22.06,16.52,26.53,6.51,9.82,3.21,10.87,24.21,9.23,12.31
S01010078,20.9,23.93,36.64,23.54,10.61,10.85,18.59,14.37,19.04,3.17,18.05,11.31,24.15,13.09,8.38
S01010079,21.23,13.97,29.29,31.06,34.77,24.03,39.83,17.41,23.73,15.47,20.27,18.16,14.71,9.11,13.79
S01010080,24.83,23.74,28.61,16.76,46.04,18.81,25.19,19.79,18.6,13.7,15.04,12.21,27.23,13.35,17.75
S01010081,41.83,27.24,41.08,26.79,60.08,30.75,28.38,10.94,23.98,24.32,18.68,18.92,21.58,12.18,33.59
S01010082,83.29,37.15,58.36,47.2,33.8,23.88,32.59,18.32,26.26,15.01,23.73,19.42,21.28,9.95,14.85
S01010083,23.84,25.45,25.2,41.44,10.91,28.65,20.78,16.62,16.44,33.57,12.4,2.75,11,8.1,12.08
S01010084,28.94,27.03,36.71,65.41,56.05,40.04,41.53,40.09,23.97,21.84,15.37,14.49,13.37,20.73,8.62
S01010085,51.8,53.43,54.35,42.84,51.53,37.41,28.06,27.6,25.84,42.22,22.64,7.98,31.17,12.55,12.55
S01010086,25.91,25.74,33.33,38.07,30.92,29.41,44.74,34.18,20.04,17.49,12.17,14.41,16.61,12.37,11.49
S01010087,10.28,26.79,11.99,4.66,15.8,9.93,10.05,5.05,13.47,7.07,5.29,5.26,7.27,5.45,9.09
S01010088,98.34,36.22,28.4,73.53,34.84,52.89,51.2,53.51,62.56,47.55,36.32,21.94,16.56,13.65,19.7
S01010089,162.7,155.9,136.5,148.02,129.75,86.66,114.6,119.81,116.55,134.66,118.02,98.1,129.66,93.43,101.47
S01010090,24.13,15.87,18.88,20.29,32.88,25.26,27.29,19.46,24.65,29.54,19.5,22.54,12.24,5.72,10.49
S01010091,103.6,39.21,47.13,74.05,52.6,32.34,51.76,30.29,33.51,54.37,27.5,16.15,11.66,18.01,23.11
S01010092,39.76,25.35,22.04,46.58,61.29,31.32,39.71,30.95,22.7,20.33,13.35,10.18,17.47,3.15,12.46
S01010093,73.2,51.16,39.38,36,48.69,28.04,51.28,26.17,58.14,56.71,32.52,21.79,27.51,21.58,37.44
S01010094,47.68,24.87,31.45,30.14,32.48,29.25,43.24,25.21,56.58,30.22,24.85,50.45,58.65,17.57,39.07
S01010095,58.01,36.65,57.18,39.05,52.49,53.07,27.14,11.19,13.04,7.33,10.32,11.94,9.19,10.82,12.48
S01010096,19.07,16.24,51.11,29.64,41.44,22.73,42.23,10.81,24.19,12.1,23.42,19.61,7.1,7.2,11.76
S01010097,90.57,57.5,69.97,75.54,129.49,121.05,88.04,126.86,102.94,63.26,83.11,85.91,47.88,19.31,57.53
S01010098,41.67,30.5,32.99,38.36,23.38,16.02,30.63,16.04,13.76,15.28,35.01,23.13,18.94,8.06,18.64
S01010099,37.52,11.98,33.29,14.86,15.98,21.71,18.23,4.21,23.12,18.52,24.08,11.4,32.9,13.24,2.93
S01010100,33.76,19,23.21,15,18.31,20.28,17.48,18.95,17.11,12.35,12.64,7.2,7.29,7.39,7.42
S01010101,34.16,15.29,30.41,37.8,17.11,11.36,44.93,24.03,22.34,20.49,22.07,10.96,10.81,12.69,23.09
S01010102,16.78,6.09,13.43,12.71,11.76,14.88,16.3,9.57,11.93,5.26,4.22,5.43,14.77,4.62,4.71
S01010103,18.43,13.3,16.05,20.35,12.99,24.63,23.39,21.96,31.12,23.33,7.93,20.08,15.83,19.72,7.84
S01010104,22.72,15.6,28.72,25.93,20.01,46,22.31,19.02,24.4,26.27,11.23,8.19,12.43,4.4,8.63
S01010105,88.47,50.32,42.12,78.16,42.37,55.4,51.54,73.75,34.45,80.8,16.14,44.81,31.18,47.73,68.72
S01010106,74.18,40.6,68.13,50.27,59.49,53.13,47.01,36.19,45.88,61.33,39.53,26.71,33.22,30.65,22.73
S01010107,81.24,35.38,48.44,44.27,89.5,41.43,72.55,51.31,30.46,23.23,29.87,29.26,18.47,20.61,13.41
S01010108,33.07,17.46,18.88,14.85,24.7,15.23,26.21,19.58,10.83,34.26,8.4,16.46,17.62,8.24,20.86
S01010109,29.31,16.13,25.42,33.7,32.06,26.45,24.18,38.12,24.42,18.63,24.49,19,29.13,23.94,24.73
S01010110,47.11,56.55,64.2,45.96,63.77,50.92,42.77,39.46,24.17,25.87,16.03,29.49,28.21,8.92,28.54
S01010111,61.06,49.24,90.22,90.39,55.89,56.59,68.36,76.66,63.77,58.34,46.07,27.85,21.94,37.04,26.11
S01010112,107.63,28.11,53.17,69.91,94.49,87.72,56.13,50.17,30.41,50.78,39.53,22.29,25.37,19.52,13.03
S01010113,30.26,31.45,88.67,123.95,114.96,94.28,85.37,35.27,27.37,51.57,37.45,32.99,25.72,16.52,14.75
S01010114,66.75,36.41,73.36,87.81,144.44,169.61,213.03,127.32,107,132.37,115.58,106.84,89.35,74.12,95.17
S01010115,29.16,17.99,35.5,35.18,31.35,46.23,7.43,9.01,12.4,14.15,7.82,8.03,14.71,10.15,6.54
S01010116,51.63,18.88,42.94,31.34,25.62,50.93,36.93,18.05,25.49,17.88,12.6,20.32,16.65,18.45,8.57
S01010117,401.97,140.79,228.18,357.5,441.98,435.48,399.5,429.18,288.37,208.56,179.15,186.44,143,159.57,145.91
S01010118,93.25,83.6,72.85,66.27,74.9,86.9,96.66,47.22,46.92,64.78,46.26,48.85,46.18,51.38,46.67
S01010119,88.64,92.38,69.18,77.14,66.57,46.33,42.67,65.54,62.82,45.85,12.92,34.61,30.97,57.45,25.27
S01010120,84.57,40.34,60.4,45.85,60.64,43.89,47.79,31.51,20.6,30.1,35.14,31.88,20.85,24.22,17.19
S01010121,49.52,51.45,57.34,65.32,60.04,57.46,38.81,36.62,28.24,32.46,26.73,26.69,27.03,19.74,14.83
S01010122,178.07,195.69,211.27,157.24,156.71,127.07,144.97,201.77,172.72,143.48,268.5,162.34,232.22,151.02,119.19
S01010123,51.41,92.31,82.55,110.78,90.63,78.55,73.42,25.1,36.68,16.37,26.06,20.58,28.97,10.06,13.14
S01010124,19.4,14.51,34.53,41.61,27.4,37.57,11.78,33.74,17.08,19.11,21.94,19.39,8.2,8.14,10.1
S01010125,46.73,45.12,80.03,49.31,126.2,41.88,46.8,58.51,32.87,48.74,28.19,17.41,19.84,23.72,23.39
S01010126,53.29,67.48,57.82,52.26,86.33,59.04,50.52,58.52,63.66,36.68,41.25,26.28,27.54,43.97,31.84
S01010127,32.12,37.54,75.45,58.11,103.28,35.07,41.36,22.16,41.97,28.17,23.26,22.62,17.49,9.36,9.43
S01010128,73.63,55.46,47.53,32.43,85.18,44.37,65.22,32.55,36.75,61.48,24.02,17.65,26.1,16.33,18.98
S01010129,96.19,116.41,189.59,145.15,238.42,169.16,186.2,126.11,80.33,80.64,114.28,92.09,85.98,48.01,57.26
S01010130,40.4,20.86,51.68,64.14,101.02,97.86,71.43,40.56,42.86,59.55,60.91,44.67,55.69,49.26,56.79
S01010131,46.21,26.85,42.82,33.8,34.05,38.81,35.57,32.03,27.25,38.78,28.75,24.74,47.02,21.85,18.09
S01010132,53.61,54.1,63.83,78.28,57.16,69.97,81.31,63.01,48.63,42.96,37.26,40.71,25.91,23.19,21.17
S01010133,48.08,39.38,95.86,59.86,105.44,57.65,68.91,51.13,39.4,44.36,34.67,40.39,31.46,22.44,40.62
S01010134,78.78,55.04,79.02,37.97,101,55.84,60.82,35.9,42.77,40.49,28.54,19.98,18.85,16.03,13.44
S01010135,46.54,36.6,51.52,51.93,67.29,62.93,32.89,26.21,15.98,34.17,21.48,19.43,13.05,12.08,10.9
S01010136,85.47,44.19,103.85,74.72,113.52,83.33,65.08,35.71,54.5,34.61,32.22,35.76,42.37,35.15,27.19
S01010137,42.24,50,35.26,31.52,31.97,26.82,40.3,35.94,23.53,31.75,18.71,18.69,39.19,23.35,13.93
S01010138,27.91,32.38,37.14,27.23,32.82,37.79,33.17,27.08,21.92,52.97,27.78,27.72,29.05,25.67,22.53
S01010139,109.92,103.92,134.9,100.1,68.54,79.03,72.14,50.15,29.38,58.2,53.05,30.66,49.8,49.37,32.29
S01010140,97.92,112.88,144.46,148.94,207.32,237.14,288.86,313.98,287.07,186.93,145.04,117.79,150.19,160.89,158.02
S01010141,104.06,114.68,89.6,82.68,80.18,97.33,76.74,81.05,109.38,107.14,64.75,72.43,80.46,47.29,45.61
S01010142,80.41,79.33,75.89,70.51,98.93,67.06,91.05,65.71,38.8,48.06,51.1,50.42,49.16,25.53,42.77
S01010143,49.47,29.41,33.01,32.88,34.58,12.48,35.52,10.72,11.14,23.16,13.79,26.57,13.91,15.28,20.3
S01010144,157.71,85.98,68.88,87.63,65.39,62.94,48.55,69.87,56.06,62.11,63.78,55.87,50,39.9,27.81
S01010145,73.96,38.93,53.28,57.01,33.95,54.24,67.78,66.9,52.49,49.14,46,33.68,41.72,25.64,21.89
S01010146,72.26,43.36,63.75,61.64,36.66,35.34,42.64,38.22,43.7,50.33,56.71,30.5,38.04,21.53,28.23
S01010147,152.69,106.78,130.49,114,70.98,85.85,61.2,51.02,41.71,58.27,35.79,31.12,45.79,42.33,38.66
S01010148,300.14,177.19,157.11,247.92,201.04,273.97,166.28,90.13,117.81,70.46,78.01,49.74,40.68,50.24,49.89
S01010149,27.88,20.61,28.63,32.45,36.12,46.43,37.85,16.85,30.04,27.03,12.19,26.86,30.57,39.01,23.41
S01010150,37.86,32.23,37.05,43.59,40.58,47.47,72.93,26.6,24.99,77.11,49.39,25.08,61.87,24.78,26.24
S01010151,37.82,19.83,17.07,43.03,33.63,20.96,35.38,20.83,11.29,40.72,36.8,12.68,50.25,20.48,20.03
S01010152,83.45,72.68,91.63,48.06,47.07,40.94,64.31,35.41,50.06,33.29,30.62,30.81,23.98,32.61,26
S01010153,58.57,59.96,65.17,38.54,69.34,56.6,49.58,37.97,21.34,40.77,41.62,24.39,38.75,41.71,28.35
S01010154,33.66,29.46,25.03,27.83,32.76,43.63,45.57,17.06,18.34,44.14,37,22.95,24.73,24.16,25.45
S01010155,41.72,41.83,35.48,37.53,44.65,50,29.97,32.83,20.92,36.14,33.6,42.35,34.39,33.78,30.5
S01010156,100.51,33.44,52.51,89.37,66.52,60.91,53.18,49.35,25.32,37.61,36.22,41.82,50.37,46.38,23.17
S01010157,39.8,26.93,46.15,44.98,48.87,46.02,39.86,35.09,46.88,35.52,22.69,30.51,66.1,51.19,48.04
S01010158,54.11,47.77,70.06,67.27,67.68,44.69,52.85,43.57,37.74,44.76,26.76,41.39,46.72,43.48,24.52
S01010159,86.9,70.98,80.31,102.09,61.94,57.82,45.4,63.16,32.97,28.85,38.2,35.62,37.66,43.48,43.6
S01010160,95.15,70.97,86.23,107.87,91.53,70.32,60.03,76.15,64.49,74.31,86.24,57.95,75.7,48.19,46.9
S01010161,150.08,119.11,139.39,115.86,68.11,60.43,44.1,55.71,42.97,48.21,41.8,76.8,73.37,33.55,40.31
S01010162,40.97,35.2,43.93,53.25,41.72,31.37,26.62,37.64,30.95,31.69,51.56,38.69,46.54,26.82,12.15
S01010163,29.09,41,39.44,31.41,63.4,36.12,45.1,47.45,44.26,37.54,22.08,42.11,37.3,31.4,19.26
S01010164,70.68,55.99,66.93,53.92,48.66,53.44,41.26,50.93,30.95,47.68,33.98,17.01,18.5,25.39,15.13
S01010165,34.05,34.86,58.86,66.14,41.97,57.62,36.13,39.32,37.17,30.69,29.02,32.21,19.67,14.31,19.97
S01010166,116.47,51.56,85.31,38.74,53.15,43.9,75.5,20.44,22.76,19.55,35.87,25.84,11.98,18.83,13.59
S01010167,44.16,33.14,47.43,51.76,31.01,74.04,51.45,35.26,36.07,34.36,24.71,14.07,20.83,17.18,10.01
S01010168,47.9,31.25,27,58.56,31.01,47.34,31.53,56.38,30.42,23.35,32.13,32.5,9.62,23.53,25.44
S01010169,83.77,71.42,100.25,91.3,64.79,51.23,61.87,50.7,56.04,35.11,35.04,26.41,38.03,20.64,20.07
S01010170,53.29,37.95,38.39,57.2,41.82,25.36,31.8,40.64,17.73,26.52,29.59,15.78,41.15,10.08,22.54
S01010171,48.32,20.59,66.18,81.46,46.97,66.42,85.02,62.23,40.81,52,55.79,41.82,66.73,43.44,30.8
S01010172,36.16,30.68,33.85,47.41,35.56,42.15,46.18,43.8,24.64,31.65,39.77,37.5,15.65,31.34,35.66
S01010173,29.7,20.31,46.19,40.82,56.25,30.23,11.49,21.79,5.26,11.8,21.14,17.24,17.08,28.61,30.87
S01010174,30.47,27.57,46.39,22.7,26.44,17.92,13.51,9.61,11.97,15.33,28.37,16.5,11.88,16.82,19.37
S01010175,67.13,86.78,177.94,115.46,105.6,87.42,60.54,74.72,35.76,48.01,54.37,45.27,54.05,50,42.39
S01010176,30.5,31,43.24,27.59,44.9,18.06,18.36,24.79,12.77,32.08,27.86,11.05,38.2,24.52,18.74
S01010177,92.02,52.81,85.85,85.9,48.23,49.53,34.16,47.29,23.05,41.13,43.8,17.57,21.56,22.85,26.5
S01010178,146.02,76.15,114.2,99.08,94.01,67.78,41.77,37.58,29.49,25.17,23.4,38.69,22.75,34.91,43.48
S01010179,66.97,27.23,63.94,69.4,87.31,49.92,19.62,22.41,23.74,18.99,21.74,12.33,9.84,11.03,21.12
S01010180,110.36,67.03,98.08,73.37,105.41,86.26,54.46,55.17,41.08,40.81,29.07,23.92,32.44,25.94,28.82
S01010181,37.24,26.09,43.87,63.93,67.16,66.26,30.53,72.56,28.26,28.66,20.6,18.21,11.76,17.27,21.13
S01010182,55.4,36.08,47.08,59.17,53.18,34.28,37.2,32.5,19.15,31.72,28.23,8.9,19.32,11.96,17.44
S01010183,25.33,17.09,33.5,48.85,41.98,26.71,60.69,53.51,21.89,40.61,19.18,15.05,12.55,19.87,35.4
S01010184,52.71,42.72,50.96,58.44,61.32,24.31,38.82,72.73,24.04,17.57,33.23,16.69,13.25,19.33,29.26
S01010185,68.26,47.55,51.22,65.39,81.01,138.4,56.96,49.88,36.82,40.12,24.46,40.85,29.26,13.24,27.07
S01010186,30.86,15.62,17.12,10.09,17.37,31.07,11.63,20.59,6.17,17.11,7.74,18.66,12.4,16.05,9.46
S01010187,17.07,16.74,24.6,23.88,37.09,20.16,11.15,23.89,11.04,7.9,7.81,17.83,21.42,15.2,17.89
S01010188,144.83,114.72,164.12,148.46,118.61,80.13,60.82,72.5,88.21,68.93,68.25,41.72,59.89,27.3,76.92
S01010189,18.8,10.96,8.05,19.37,19.4,19.84,24.4,39.89,17.73,25.49,14.01,19.18,16.11,16.22,13.42
S01010190,13.88,2.14,2.18,2.15,2.13,0,13.42,16.71,20.17,12.19,15.76,7.37,10.56,7.98,3.38
S01010191,24.9,19.4,22.02,28.68,27.67,30.63,28.69,29.09,16.44,17.52,14.78,12.18,6.88,16.74,24.18
S01010192,10.98,10.87,16.02,11.22,15.09,15.73,17.62,18.85,10.07,11.57,12.85,14.15,15.7,10.9,10.64
S01010193,131.81,199.55,160.41,159.3,193.59,132.62,137.55,147.83,119.16,168.72,130.32,87.7,79.3,126.67,122.34
S01010194,16.64,26.63,20.71,39.82,20.9,29.23,34.06,23.47,25.76,37.1,23.66,9.36,13.82,6.21,12.62
S01010195,19.5,56.8,49.82,23.09,23.13,10.79,21.9,11.26,21.28,24.25,28.9,12.1,25.59,3.78,18.8
S01010196,61.81,48.95,64.34,51.75,53.07,90.26,51.17,58.66,46.06,86.49,30.01,24.39,12.4,27.57,44.84
S01010197,32.29,20.36,48.7,66.21,43.22,26.22,55.08,58.23,36.34,54.38,40.69,46.4,24.79,15.62,22.85
S01010198,40.48,47.18,35.78,19.5,29.19,26.02,50.33,35.78,27.78,39.88,19.61,16.93,15.81,14.45,12.73
S01010199,51.34,22.85,24.07,23.48,48.51,27.46,44.12,36.02,44.44,51.61,41.16,24.43,18.58,14.73,11.19
S01010200,84.14,89.01,65.84,64.1,38.46,51.43,32.53,25.9,20.47,39.65,5.81,26.35,10.22,21.8,31.67
S01010201,67.04,74.89,39.47,64.5,29.54,47.45,18.07,17.17,22.78,25.12,9.5,12.94,15.9,9.48,17.13
S01010202,117.94,84.13,84.4,84.18,71.27,79.42,97.57,51.71,65.85,78.91,40.39,49.1,39.24,20.36,27.64
S01010203,23.53,39.28,42.08,49.11,37.39,16.66,21.12,22.23,22.88,23.42,18.6,13.74,21.53,12.94,12.18
S01010204,17.43,37.55,48.06,29.49,20.22,23.78,34.73,12.76,25.32,32.75,30.59,13.27,28.29,20.53,21.98
S01010205,53.79,52.16,35.09,34.02,43.09,27.91,47.24,58.82,66.37,55.22,31.91,32.64,26.95,75.8,25.19
S01010206,30.22,27.51,20.41,28.32,45.63,23.47,20.82,40.4,28.09,29.47,9.91,27.65909091,27.42628099,27.41867017,28.05582201
S01010207,94.03,73.67,56.91,55.59,57.01,56.81,38.58,45.19,34.7,33.81,32.88,33.17,19,25.89,29.32
S01010208,121.12,117.94,110.09,87.24,105.34,90.21,97.83,80.67,60.27,116.09,51.09,57.65,54.43,38.42,48.42
S01010209,105.49,117.46,91.38,114.5,139.96,82.82,88.98,53.63,62.5,62.96,50.79,34.58,39.55,43.82,32.03
S01010210,56.52,83.05,85.65,83.42,84.55,51.25,37.12,34,36.47,39.17,19.39,23.46,20.86,24.45,16.33
S01010211,50.87,56.31,52.87,82.74,60.47,32.52,32.22,25.26,16.18,20.38,17.71,22.51,28.78,10.84,32.14
S01010212,263.5,229.53,211.22,153.47,175.31,187.3,167.05,146.21,123.57,175.97,110.65,142.03,192.43,243.16,192.75
S01010213,59.15,31.56,29.57,32.04,26.97,25.76,28,28.42,32.22,28.2,18.76,20.59,13.99,9.81,16.23
S01010214,21.76,21.44,19.91,22.16,24.83,18.92,25.35,20.75,12.96,40.04,22.45,7.25,16.58,22.8,13.89
S01010215,134.52,70.72,82.13,97.68,132.93,93.65,73.66,74.92,72.92,92.68,80.96,42.74,61.95,62.77,46.94
S01010216,33.06,38.71,30.74,35.77,35.95,26.77,37.38,34.98,25.97,41.87,49.44,25.68,26.23,41.86,18.69
S01010217,126.16,101.71,88.22,72.77,91.48,67.46,70.47,43.11,31.1,42.92,49.3,64.99,63.15,37.16,43.7
S01010218,125.69,63.33,56.4,61.58,62.4,54.61,49.21,55.41,63.37,55.67,41.53,29.96,34.98,40.95,37.48
S01010219,133.84,130.06,130.85,78.57,56.39,57.12,36.31,27.03,39.19,43.24,15.98,42.15,15.04,6.04,10.75
S01010220,94.29,126.87,106.36,72.32,62.56,115.46,83.94,72.51,67.58,108.01,59.11,90.16,32.92,37.62,40.94
S01010221,98.69,127.42,144.99,87.99,87.07,66.1,88.83,66.13,74.49,60.61,39.95,22.22,47.06,40.94,37.9
S01010222,229.43,219.62,204.1,206.9,280.09,325.83,287.96,310.86,220.68,124.48,93.07,77.84,58.33,78.6,47.38
S01010223,54.64,66.68,48.61,36.61,58.24,39.8,47.59,68.15,42.55,39.76,26.69,37.04,24.65,13.47,27.63
S01010224,158.51,91.46,150.21,129.36,103.98,70.24,83.74,78.39,91,84.47,60.64,69.07,89.58,71.15,94.96
S01010225,113.83,88.77,134.58,151.46,150.48,79.7,84.31,56.91,154.39,273.93,201.02,183.4,140.78,114.75,104.71
S01010226,32.42,29.38,30.67,26.22,27.19,33.29,25.47,18.58,20.52,17.97,10.37,12.78,14.08,28.93,4.46
S01010227,61.62,127.63,87.56,79.94,54.05,51.12,52.24,34.78,25.38,43.7,16.85,57.71545455,57.36049587,50.97235913,47.64620996
S01010228,50.45,38.23,48.29,61.18,60.96,30.46,36.9,33.65,39.24,35.9,27.16,21.04,21.79,24.21,28.15
S01010229,103.54,78.19,56.95,115.25,87.05,105.78,85.71,63.46,71.3,62.45,60.05,26.51,21.23,26.88,24.43
S01010230,43.53,31.32,51.42,50.28,39.41,26.6,31.22,51.18,49.23,29.44,41.83,26.95,18.79,24.62,6.12
S01010231,93.79,59.56,62.64,85.27,48.46,72.73,65.82,63.98,47.81,34.62,66.53,43.92,41.29,46.46,27
S01010232,37.42,74.58,99.67,109.83,73.48,60.51,50.2,46.8,39.89,43.56,22.73,35.71,31.97,38.85,26.8
S01010233,44.76,44.63,63.9,58.52,49.13,36.11,27.48,40.86,33.65,27.81,40.87,17.24,5.91,5.96,13.07
S01010234,171.89,215.66,194.51,202.05,194.6,164.13,183.61,120.08,97.97,128.94,106.44,92.59,78.85,65.48,87.27
S01010235,49.44,33.16,43.22,39.71,62.23,59.3,79.02,54.26,32.46,56.64,35.32,20.67,23.01,44.9,36.96
S01010236,180.78,104.42,148.15,102.73,151.03,78.41,87.76,55.52,47.11,54.67,48.99,40.05,28.78,46.12,34.28
S01010237,47.68,40.11,72.84,74.13,58.55,54.1,50.85,29.37,26.52,19.85,32.76,33.39,26.32,21.81,16.18
S01010238,115.89,102.29,138.96,129.95,103.07,91.72,56.17,45.45,38.1,44.23,35.71,42.66,29.59,41.51,37.65
S01010239,93.63,37.76,50.06,41.04,45.68,26.72,31.66,31.33,26.76,14.05,9.66,16.33,29.78,15.38,10.37
S01010240,38.96,30.04,36.02,16.85,37.2,33.71,38.22,13.95,12.05,27.5,13.62,30.35,23.73,19.64,26.9
S01010241,93.41,94.96,103.94,61.1,58.7,83.74,63.19,58.82,49.28,52.38,48.46,41.52,47.14,40.33,33.16
S01010242,79.95,49.6,61.06,40.36,44.12,41.55,34.48,48.94,57.07,60.57,51.15,42.67,37.53,38.51,28.91
S01010243,73.12,90.71,94.83,42.03,60.13,77.89,64.81,74.11,45.28,65.09,57.87,56.77,33.4,41.04,40.86
S01010244,93.96,59.65,91.98,88.44,88.73,79.81,112.18,73.75,72.85,80.28,61.14,60.75,46.62,42.88,48.05
S01010245,400,284.4,231.72,133.19,142.86,110.3,87.9,80.38,87.83,131.86,122.19,146.5,196.33,154.5,191.23
S01010246,52.29,44.51,54.13,37.74,37.81,46.39,54.29,37.26,38.69,42.7,48.29,33.05,19.95,27.28,13.06
S01010247,47.52,27.87,45.42,47.33,42.43,54.33,52.27,19.89,16.07,28.79,35.83,23.64,36.83,35.28,32.92
S01010248,43.89,22.87,58.24,41.67,49.34,47.9,19.61,21.74,18.36,19.07,25.99,14.74,18.02,29.21,31.65
S01010249,62.16,82.21,131.25,104.1,76.8,33.71,52.39,26.15,59.01,44.34,27.03,27.58,27.5,33.43,37.59
S01010250,90.79,56.03,101.45,76.39,79.89,51.21,70.01,32.13,40.42,40.11,24.74,36.78,40.93,39.95,44.76
S01010251,46.06,43.86,41.9,42.48,101.36,50.57,51.63,31.62,28.05,28.86,34.78,31.47,26.72,15.3,21.16
S01010252,110.09,95.64,182.99,137.64,169.79,113.19,78.62,57.1,36.41,61.32,61.03,46.85,45.89,43.48,41.94
S01010253,28.44,23.33,56.94,83.35,58.96,39.84,45.27,24.77,20.57,29.45,42.82,28.92,21.51,20.7,19.26
S01010254,112.69,67.36,65.1,72.75,79.56,80.25,60.99,57.9,49.61,62.62,60.89,69.33,61.32,60.98,64.01
S01010255,70.59,54.51,70.68,69.01,87.62,59.25,52.46,39.9,28.38,40.7,24.08,11.64,17.66,22.73,25.48
S01010256,49.89,59.03,58.22,55.68,82.18,48.08,39.57,34.81,61.43,38.11,31.06,16.09,22.86,17.5,25.58
S01010257,509.64,329.69,292.51,209.46,234.2,141.78,150.56,179.42,188.05,227.25,197.11,130.64,121.5,60.58,53.37
S01010258,91.72,69.31,74.19,34.63,40.62,26.08,44.03,29.09,35.8,27.28,23.57,26.39,28.43,13.99,15.86
S01010259,33.38,28.09,47.68,54.09,69.3,71.75,51.89,55.64,43.71,79.35,71.14,53.39,39.2,50.12,28.95
S01010260,484.31,423.42,498.41,332.16,362.65,395.72,340,299.28,252.31,272.69,236.14,229.4,225.91,148.65,140.12
S01010261,148.23,142.69,95.47,92.37,61.81,70.18,50.22,49.78,33.75,31.82,37.38,26.97,24,17.66,18.49
S01010262,302.6,219.87,231.64,219.89,293.45,181.51,176.67,127.29,128.67,159.76,219.01,141.43,129.99,105.57,129.67
S01010263,544.14,383.63,326.4,363.78,345.88,222.66,242.6,169.03,165.29,163.29,194.84,115.88,149.72,132.33,117.98
S01010264,1281.53,1079.18,1368.54,1036.47,957.62,1034.21,1003.98,870.37,620.02,588.19,576.98,510.56,529.34,417.81,368.72
S01010265,833.76,642.17,598.16,535.53,464.14,814.94,768.2,810.6,670.26,737.27,632.11,511.4,563.89,377.14,383.75
S01010266,131.31,90.82,106.97,230.25,172.28,173.84,126.5,138.05,109.78,118.64,105.22,52.01,84.26,39.56,107.74
S01010267,648.07,547.23,673.95,821.7,767.23,529.85,544.27,526.41,547.64,476.63,422.81,385.45,379.15,287.63,226.78
S01010268,265.8,208.39,101.07,96.37,63.74,80.82,41.86,39.21,47.48,70.72,53.01,22.7,29.22,33.33,13.38
S01010269,84.98,67.2,100.94,71.92,87.38,86.28,88.92,78.51,61.13,117.65,110.81,44.36,51.85,34.8,38.13
S01010270,218.18,256.86,223.48,221.48,222.01,258.6,189.95,176.86,136.81,192.21,134.9,109.86,102.13,71.91,174.88
S01010271,2055.2,1626.77,2095.01,2088.34,1837.18,1462.48,1336.96,1394.37,1184.01,1063.86,805.71,817.95,793.28,684.08,592.88
S01010272,166.13,159.24,233.19,153.75,163.8,151.83,116.12,122.87,97.18,123.39,92.56,90.74,85.99,48.06,68.86
S01010273,891.53,667.52,637.53,485.53,403.67,346.54,369.46,333.64,239.05,221.55,200.44,171.5,158.77,113.67,127.85
S01010274,7058.21,5390.6,5258.07,4562.06,4153.73,3512.2,3052.74,2407.65,2137.19,2092.86,2163.92,1873.26,1844.04,1739.79,1831.85
S01010275,5995.72,5696.23,5677.55,5062.88,4801.71,3999.72,3751.99,3143.15,2526.23,2664.72,2401.55,2023.48,1791.39,1442.75,1329.92
S01010276,134.24,104.75,97.27,104.57,115.49,116.33,140.76,88.93,71.28,84.38,65.28,70.58,67.8,42.29,41.24
S01010277,221.74,183.4,103.53,66.5,81.95,55.95,52.72,70.48,48.2,81.77,23.1,35.31,44.94,33.44,30.25
S01010278,23.56,39.51,59.97,44.01,49.64,44.69,36.02,43.54,32.35,32.98,27.07,27.49,18.97,18.49,14.66
S01010279,66.26,84.04,114.23,102.82,83.05,78.15,51.45,75.08,67.65,72.85,54.12,42.88,32.88,45.32,40.58
S01010280,207.25,149.32,106.38,127.96,95.37,101.55,103.8,88.15,89.87,102.04,63.53,59.54,54.05,44.25,58.82
S01010281,43.4,78.77,53.38,67.47,66.99,65.05,72.49,37.53,34.05,77.87,70.56,70.2,69.58,41.67,33.86
S01010282,73.42,74.45,119.48,87.83,85.29,88.09,83.23,84.35,60.28,69.5,59.19,50.26,35.11,30.02,37.18
S01010283,486.12,369,422.85,336.18,307.85,325.21,286.71,260.65,137.05,232.32,184.08,242.26,277.15,191.58,249.65
S01010284,211.05,147.83,87.62,84.52,85.31,98.04,87.92,79,46.17,39.64,35.05,48.43,26.87,29.67,17.41
S01010285,41.8,28.87,53.32,65.11,76.15,47.87,63.86,53.44,61.79,69.17,61.3,65.76,75.5,89.24,58.52
S01010286,15.92,25.81,36.1,52,52.17,45.12,41.07,41.98,38.27,44.47,36.46,27.17,29.66,19.41,15.8
S01010287,54.47,71.97,94.65,84.34,102.6,100.65,103,107.06,90.58,74.41,61.16,54.59,62.11,58.76,56.99
S01010288,108.19,88.85,136.81,150.25,159.94,177.57,103.92,116.69,85.48,119.51,70.57,69.4,59.78,39.54,34.42
S01010289,412.18,289.27,166.61,209.2,228.44,125.67,104.9,55.19,70,119.94,77.95,46.02,46.07,34.78,46.56
S01010290,102.87,74.97,95.66,85.45,77.03,87.63,66.33,53.96,62.73,44.67,57.94,52.33,41.82,34.48,42.37
S01010291,58.25,51.86,101.09,76.62,96.67,72.37,59.52,70.14,57.83,62.21,53.59,66.41,52.53,31.31,35.62
S01010292,62.31,68.21,82.47,75.39,85.06,33.68,53.44,53.18,58.62,46.17,57.71,69.49,52.18,36.13,29.78
S01010293,191.55,175.66,103.26,83.97,63.21,44.5,29.68,36.7,48.02,48.25,62.2,34.29,22.25,24.61,28.54
S01010294,40.58,40.58,77.59,82.5,71.22,58.74,40.7,57.35,73.17,70.28,93.42,42.96,42.39,38.4,45.08
S01010295,81.61,78.48,110.6,62.23,119.69,80.81,73.86,59.62,80.17,56.76,55.44,61,43.35,45.02,61.8
S01010296,70.69,69.98,106.48,162.72,172.92,145.7,158.31,117.47,115.85,132.65,130.5,97.09,111.91,102.86,75.31
S01010297,124.89,95.33,100.35,72.96,166.84,115.59,116.73,94.84,93.79,117.13,72.44,56.44,59.22,39.36,38.25
S01010298,58.77,49.09,60.79,67.58,61.71,74.27,72.09,52.06,66.2,66.09,50.13,70.37,42.5,45.15,54.51
S01010299,33.58,18.1,40.5,30.91,52.53,45.72,42.26,37.77,28.49,39.3,18.04,21.7,24.3,20.3,31.63
S01010300,50.66,34.76,57.09,62.38,114.08,61.63,56.02,66.24,51.87,66.14,45.83,46.53,34.01,35.43,41.25
S01010301,118.07,92.49,120.69,107.66,169.46,113.28,122.61,115.38,139.81,149.9,115.31,106.01,113.48,80.99,116.44
S01010302,119.94,78.18,79.32,61.73,54.01,51.91,74.96,63.05,61.69,52.86,34.19,32.17,29.22,18.38,9.76
S01010303,64.27,20.13,30.95,29.36,52.36,44.51,55.76,32.72,37.66,25.87,16.24,4.83,13.62,7.74,5.84
S01010304,179.81,126.5,110.17,113.07,120.88,71.81,76.5,73.36,51,71.17,43.82,29.81,40.71,25.1,41.5
S01010305,53.04,39.95,41.95,40,43.7,34.7,34.35,53.46,33.5,16.33,22.44,31.82,22.47,13.92,17.41
S01010306,82.75,44.57,71.83,52.63,93.53,43.18,28.93,59.89,33.9,44.97,40.32,29.93,35.71,19.56,21.09
S01010307,72.54,42.91,49.1,47.93,50.62,38.51,53.7,63.63,44.74,35.19,38.46,30.01,40.59,36.01,21.61
S01010308,156.85,113.82,93.98,98.84,139.23,82.22,113.1,90.78,89.12,64.98,55.26,43.35,44.69,58.47,63.87
S01010309,112.49,88.83,95.21,83.86,102.99,98.95,52.31,51.51,68.91,53.6,18.32,38.34,9.52,6.37,12.62
S01010310,29.36,30.92,39.44,47.12,51.45,57.8,54.22,113.82,51.27,57.32,85.43,54.91,56.12,37.2,40.29
S01010311,132.35,91.26,130.49,111.75,145.53,147.95,167.11,109.44,100,89.24,63.74,47.75,63.17,54.74,54.99
S01010312,73.77,51.53,76.92,72.22,57.77,82.07,67.63,40.18,45.56,66.27,60.1,76.35,53.83,37.08,90.02
S01010313,73.02,47.46,35.91,58.61,67.35,56.22,30.67,52.98,39.25,42.93,52.67,40.06,22.91,30.56,25.86
S01010314,79.22,48.48,39.93,65.41,50.16,51.86,51.72,40.37,42.81,38.13,36.57,31.37,29.39,26.11,22.37
S01010315,65.39,91.53,90.06,40.29,91.72,69.98,24.9,54.91,43.39,32.88,17.7,13.3,22.83,23.09,14.71
S01010316,113.11,66.75,40.06,28.68,50.4,39.94,34.97,45.6,30.02,29.26,33.46,29.41,15.99,16.27,24.06
S01010317,101,97.06,69.63,68.97,93.06,57.35,83.33,98.71,88.07,72.4,66.49,48.69,58.63,36.73,35.79
S01010318,37.91,12.78,43.48,24.89,29.44,34.34,32.79,52.92,40.88,56.41,24.34,25.11,35.83,38.19,35.05
S01010319,74.58,38.05,42.95,33.35,55.63,62.6,60.78,75.06,70.48,49.55,40.42,29.37,30.59,27.85,43.59
S01010320,123.41,45.22,66.1,56.92,97.95,50.82,51.28,92.15,49.11,54.14,21.8,44.78,47.49,26.17,37.84
S01010321,160.65,132.85,163.83,134.55,149.81,151.19,175.39,135.34,88.45,280.72,250.59,172.34,185.73,176.33,121.84
S01010322,68.49,56.53,56.89,48.66,76.88,60.15,63.03,69.8,56.43,52.27,34.41,38.87,30.45,15.12,25.81
S01010323,70.24,65.11,79.83,65.12,89.79,54.16,65.91,45.74,38.97,45.73,51.48,33.11,47.39,47.39,27.4
S01010324,65.68,66.03,42.58,56.51,47.8,40.59,64.04,61.3,74.45,43.02,21.05,34.7,23.35,14.87,22.46
S01010325,45.64,53.8,47.72,52.03,39.91,23.23,27.44,37.76,26.97,29.98,17.06,16.06,21.6,16.27,16.29
S01010326,114.75,98.38,75.41,77.59,112.97,120.27,105.41,81.97,60.21,84.88,71.81,57.81,62.69,56.39,46.23
S01010327,41.13,22.11,25.77,53.52,93.08,68.85,37.28,36.75,40.69,47.83,28.13,18.95,38.42,16.91,15.07
S01010328,112.59,80.57,106.87,81.92,143.62,73.66,97.64,118.08,107.48,109.52,82.14,54.66,73.24,39.49,38.46
S01010329,49.34,23.16,28.1,11.96,30.68,39.96,30.07,11.11,27.52,20.93,25,15.93,3.48,5.02,11.67
S01010330,42.7,29.72,24.35,54.3,44.51,51.68,57.32,27.19,22.12,36.2,18.05,44.58,32.45,28.74,15.5
S01010331,43.3,22.87,46.96,59.45,84.84,59.2,41.58,38.38,32.05,42.58,31.57,27.96,33.9,18.91,17.7
S01010332,116.82,77.33,95.24,93.09,117.65,70.46,50.96,30.3,53.13,53.07,49.13,54.13,34.92,37.34,37.87
S01010333,77.56,53.28,66.53,69.65,104.71,60.86,52.25,57.85,54.28,67.99,50.65,36.6,61.36,41.3,29.5
S01010334,96.89,62.5,57.47,76.52,135.95,87.87,85.57,53.49,74.37,80.39,40.4,40.63,41.11,48.69,27.54
S01010335,50.96,70.09,43.63,51.16,55.83,55.49,28.78,27.03,26.8,55.49,26.48,45.74,25.58,14.63,7.39
S01010336,96.74,98.25,55.44,54.48,64.48,64.6,46.24,43.97,50.29,52.06,50.29,32.79,27.74,19.26,14.35
S01010337,96.8,52.69,48.07,50.4,72.11,41.81,57.03,46.18,31.4,27.83,19.57,39.02,32.57,35.9,17.51
S01010338,51.36,37.68,67.37,45.56,63.79,42.05,64.5,43.65,31.08,45.69,39.25,53.79,29.26,29.1,16.76
S01010339,45.7,33.57,36.11,33.76,40.62,43.79,42.4,32.4,24.78,27.42,16.44,19.58,29.67,28.35,10.22
S01010340,52.07,39.2,47.08,55.26,82.71,60.03,48.33,56.32,38.07,33.81,34.63,20.6,32.65,48.48,21.25
S01010341,43.13,44.97,26.97,32.59,34.58,32.66,20.61,12.24,13.92,20.42,13.58,11.78,13.4,6.75,13.4
S01010342,25.25,18.01,18.81,9.47,28.89,25.58,28.81,21.06,17.83,17.54,12.82,4.75,23.77,13.89,12.27
S01010343,23.19,38.5,13.99,5.09,22.15,13.44,24.79,9.36,7.54,19.57,15.57,7.72,23.18,13.3,11.36
S01010344,75.69,26.12,38.44,50.58,62.7,69.07,49.49,42.33,38.88,28.96,13.19,33.97,38.01,59.44,21.34
S01010345,222.49,124.74,31.4,53.53,132.71,69.61,33.71,43.65,59.25,59.26,29.77,20.46,29.45,16.69,23.2
S01010346,49.23,58.08,45.25,44.14,53.8,58.82,86.24,48.39,25.96,27.97,16.36,20.92,20.94,22.24,11.68
S01010347,57.61,49.19,37.99,30.08,56.85,70.29,70.15,52.87,48.94,45.86,42.63,24.34,30,27.78,29.12
S01010348,48.2,21.22,14.35,26.64,46.09,30.57,26.53,18.48,10.26,13.43,18.65,8.14,5.93,7.93,9.06
S01010349,111,91.19,100.1,119.54,235.1,165.93,185.19,103.18,111.61,140.91,129.78,88.73,78.22,110.32,67.8
S01010350,47.2,38.58,67.83,34.02,53.63,37.68,38.11,41.36,46.98,39.34,29.63,18.42,17.76,21.25,18.2
S01010351,21.21,18.69,44.75,31.6,32.66,30.17,39.33,41.13,30.15,34.17,24.86,23.48,30.01,14.61,18.99
S01010352,62.96,31.66,45.89,38.1,28.88,29.36,32.14,39.55,17.48,25.49,35.23,31.43,25.44,23.76,28.46
S01010353,60.87,72.26,77.1,73.75,71.15,73.03,59.29,59.05,55.67,51.96,46.17,21.49,29.15,31.12,25.89
S01010354,24.19,35.88,24.81,29.92,7.65,47.91,46.48,42.22,22.85,35.47,16.06,19.1,24.48,21.55,17.79
S01010355,58.51,30.59,66.14,69.77,42.41,75.9,71.23,77.78,44.08,50.19,34.23,32.03,25,16.53,14.18
S01010356,55.14,81,73.09,76.79,73.21,99.13,91.7,89.11,66.77,51.17,43.29,20.23,49.49,12.72,31.69
S01010357,86.61,83.77,104.76,68.47,85.46,159.87,126.44,108.06,83.48,62.28,37.87,28.47,45.61,36.02,29.88
S01010358,40.85,16.88,27.73,39.16,48.42,35.32,41.17,43.05,32.34,46.27,36.93,21.57,26.11,23.76,21.16
S01010359,71.23,86.38,73.78,71.4,72.39,91.5,84.97,59.22,75.57,77.58,53.85,39.09,38.36,32.04,38.22
S01010360,97,99.98,120.26,84.84,56.47,67.88,46.58,59.47,54.33,40.11,44.76,32.7,55.39,34.65,33.67
S01010361,55.48,40.07,75.71,44.01,42.45,57.97,61.24,51.52,75.2,49.22,60.05,60.3,60.75,52.94,47.69
S01010362,47.87,27.99,54.43,31.82,37.39,34.02,60.95,51.85,49.2,61.46,64.77,32.02,27.47,41.92,35.62
S01010363,32.85,10.62,11.89,10.6,25.37,44.9,27.29,22.55,29.06,44.44,14.05,13.61,32,11.87,12.53
S01010364,37.31,9.74,30.14,32.4,31.49,31.25,40.75,26.94,30.77,15.18,18.54,30.57,45.3,27.44,24.1
S01010365,58.71,39.8,46.35,33.4,63.98,79.64,52.89,44.35,59.72,44.12,29.85,40,34.14,31.03,25.38
S01010366,31.66,19.11,20.08,22.22,31.28,23.84,20.34,32.29,29.38,43.69,23.19,26.32,27.51,18.62,26.22
S01010367,94.23,65,34.33,42.17,83.5,60.61,30.53,40.82,44.23,40.87,31.13,34.35,25.79,18.23,33.03
S01010368,89,29.26,26.58,28.29,67.89,67.64,49.37,29.62,47.03,47.75,57.37,39.59,48.59,27.78,23.93
S01010369,164,119.42,73.59,42.58,74.9,50.21,38.98,54.45,47.93,47.44,41.56,29.64,27.31,15.73,32.43
S01010370,90.58,88.48,76.1,87.45,87.87,96.45,96.21,111.77,79.37,109.69,83.21,73.55,49.52,38.51,54.05
S01010371,104.29,81.81,84.4,85.15,105.61,78.07,70.16,119.55,68.34,68.07,37.21,39.31,19.77,21.89,32.15
S01010372,71.82,72.24,52.34,45.63,68,56.22,52.85,54.79,30.25,52.04,28.63,33.83,23.68,29.47,23.38
S01010373,42.55,28.42,30.39,29.41,46.58,50.99,34.97,32.79,24.23,25.84,21.63,17.22,13.43,15.82,16.95
S01010374,21.96,48.01,34.68,77.35,49.7,33.84,70,53.24,45.16,28.95,46.92,35.99,17.02,19.07,31.44
S01010375,129.82,179.32,343.04,263.92,306.58,260.78,207.74,285.4,202.4,290.63,276.64,275.67,232.32,164.12,143.9
S01010376,90.44,67.96,104.4,126.81,116.67,106.84,89,80.26,80.57,60.89,69.84,64.3,48.34,41.15,30.26
S01010377,92.11,58.82,140.06,104.29,147.99,103.69,86.44,122.11,101.3,88.5,97.72,58.89,54.39,44.15,38.05
S01010378,41.67,54.89,76.26,57.95,61.22,60.61,42.74,51.08,48.16,44.63,42.76,30.23,35.67,30.67,22.73
S01010379,566.63,481.58,367.77,379.27,283.43,302.51,208.8,220.57,210.42,211.68,138.59,154.77,130.55,124.37,84.28
S01010380,18.22,18.91,31.97,35.15,56.52,36.87,34.64,34.41,30.24,36.73,29.17,23.38,17.52,24.06,16.88
S01010381,68.48,85.33,121.18,67,152.46,135.53,92.46,83.32,124.71,117.08,80.63,94.34,117.83,64.52,69.88
S01010382,139.94,108.73,52.9,61.47,68.14,48.64,36.21,33.86,59.81,38.45,37.69,31.82,25.12,21.51,24.14
S01010383,46.04,33.12,51.24,64.63,79.61,59.81,37.56,45.79,68.95,58.79,44.41,47.41,30.84,28.99,34.23
S01010384,206.19,155.91,139.55,147.62,202.99,197.43,170,140.25,133.25,156.76,123.59,99.56,86.16,60.45,40.94
S01010385,28.82,11.58,20.3,15.09,12.63,19.63,25.86,18.36,18.65,23.78,19.49,21.33,28,10.74,10.71
S01010386,315.71,264.73,194.91,162.63,166.93,144.02,151.45,138.18,130.4,141.13,129.65,123.75,93.65,88.48,104.8
S01010387,55.98,34.44,65.46,54.39,80.23,62.24,53.8,47.99,38.69,37.47,37.09,41.19,38.39,34.67,30.1
S01010388,56.86,50.88,86.26,61.8,71.43,76.26,53.85,55.89,49.75,53.62,58.23,48.58,59.25,40.13,38.7
S01010389,144.74,73.58,60.76,58.18,36.13,49.71,54.3,39.61,60.03,49.75,29.16,31.68,13.8,11.16,21.39
S01010390,21.26,20.74,27.74,12.76,31.71,29.78,15.43,24.07,20.14,19.7,18.65,19.64,14.73,9.93,13.4
S01010391,190.35,69.3,125.97,173.81,156.1,108.24,55.24,52.64,44.41,41.48,26.67,29.16,29.98,40.98,27.85
S01010392,221.53,228.9,190.34,194.43,100,55.45,96.65,70.98,53.95,78.89,38.73,39.32,22.2,19.78,26.86
S01010393,66.91,63.25,76.64,111.26,128.47,96.32,75.04,61.86,67.47,78.7,96.76,56.97,71.78,42.04,80.04
S01010394,177.44,111.83,55.84,35.58,31.13,32.72,22.99,28.86,25.22,46.02,27.47,23.23,20.76,16.67,29.62
S01010395,25.08,15.61,16.74,18.34,17.17,15.02,20.45,12.61,21.72,27.27,19.05,25.07,23.02,11.95,20.98
S01010396,111.22,100.61,67.76,74.44,68.09,53.95,65.45,64.14,83.41,79.73,55.12,60.73,54.46,56.82,38.11
S01010397,42.66,40.05,44.53,25.1,28.16,43.12,55.7,36.1,21.14,49.53,36.59,35.06,15.07,3.65,43.96
S01010398,30.84,35.61,19.82,30.96,40.99,42.37,35.26,27.57,30.13,48.45,18.7,17.26,11.76,13.57,17.35
S01010399,33.03,30.41,18.74,26.97,28.99,54.51,18.16,43.21,25.59,27.7,25.79,10.9,15.54,13.09,17.26
S01010400,50.51,84.81,51.21,44.68,43.27,64.11,46.01,63.85,54.58,78.24,43.28,33.03,24.6,29.67,30.95
S01010401,52.71,38.47,34.1,45.2,49.95,41.57,42.46,42.74,41.15,38.8,39.66,41.96,21.62,9.58,28.11
S01010402,17.93,32.99,38.1,32.77,17.78,36.81,30.67,36.29,26.21,30.01,26.78,17.41,15.81,16.82,23.23
S01010403,91,110.64,51.28,43.07,48.96,69.77,51.99,36.38,48.4,50.77,39.41,27.57,25.17,18.74,18.7
S01010404,110.26,90.29,80.67,60,69.74,66.2,40.27,51.45,60.84,77.61,28.95,27.64,36.86,26.5,26.35
S01010405,36.27,42.32,53.57,52.24,77.01,64.74,62.04,49.28,42.03,63.21,45.74,21.92,25.86,34.57,20
S01010406,183.5,148.29,99.48,92.38,82.47,81.71,78.48,68.65,39.14,45.07,45.73,25.55,24.01,11.89,14.34
S01010407,241.05,282.79,328.5,293.22,270.59,283.9,277.3,228.72,175.27,136.26,138.51,160.59,209.41,229.38,227.13
S01010408,57.97,27.03,36.61,36.19,44.96,43.31,38.89,33.09,39.93,42.75,30.2,43.71,34.05,37.91,31.78
S01010409,29.67,4.5,17.52,11.03,17.82,16.84,14.92,17.8,9.82,11.26,21.54,18.52,4.29,19.17,9.01
S01010410,86.27,74.78,62.36,39.28,31.71,18.32,24.13,29.24,14.98,51.78,30.68,29.11,32.09,13.82,36.91
S01010411,50.77,33.9,54.58,31.33,41.13,34.7,34.14,40.21,26.48,48.69,38.88,28.78,34.61,22.34,24.19
S01010412,177.99,193.07,146.37,132.08,158.37,183.08,227.6,187.58,153.75,217.03,129.31,99.55,88.76,90.61,79.78
S01010413,52.46,40.82,46.18,36.28,43.48,100.63,84.57,60.79,50.37,48.36,33.52,27.89,50.6,46.11,25.06
S01010414,50.86,41.39,33.98,47.57,51,32.55,51.05,51.38,29.58,55.45,38.46,31.88,31.39,42.27,27.73
S01010415,24.95,15.27,27.3,31.76,62.5,41.05,41.07,46.49,26.5,46.72,27.21,12.65,18.52,17.44,22.4
S01010416,53.56,44.43,52.46,66.29,32.59,51.42,53.7,45.89,37.44,96.49,39.03,28.82,32.9,44.57,19.39
S01010417,106.6,73.74,37.92,50.82,57.65,56.96,27.94,30.67,30.02,60.34,38.95,36.59,20.37,30.41,16.34
S01010418,53.61,26.32,43.25,51.26,54.19,42.74,29.73,58.88,45.84,55.09,40.91,48.85,33.9,24.02,35.71
S01010419,22.13,35.99,24.61,18.99,22.5,38.91,16.09,16.81,15.46,23.83,23.79,29.68,12.15,30.66,15.46
S01010420,35.77,38.74,28.99,22.03,43.42,18.68,18.6,41.79,28.37,31.25,24.57,22.82,9.94,14.06,18.11
S01010421,37.8,30.14,34.56,35.48,60.5,34.64,34.97,61.36,28.25,69.32,26.32,28.94,29.45,33.84,40.75
S01010422,31.31,23.55,42.3,43.65,65.67,42.3,30.3,52.68,28.85,57.09,36.48,31.25,26.18,29.46,26.75
S01010423,20.46,23.31,21.12,46.4,47.56,50.51,46.23,49.46,55.49,47.96,42.01,36,32.04,39.63,20.69
S01010424,208.58,147.4,82.73,82.83,102.9,80.6,82.23,59.21,54.19,69.38,38.59,40.97,28.99,43.85,37.39
S01010425,41.51,46.33,64.77,56.98,61.4,62.75,43.44,44.97,69.63,101.35,46.85,37.7,38.9,44.78,42.79
S01010426,37.42,56.56,68.92,27.07,54.21,53.7,48.68,35.36,46.64,46.28,51.36,39.65,37.82,32.79,37.4
S01010427,50.35,41.46,61.88,53.68,52.04,45.99,36.76,27.72,35.43,40.57,24.06,25.71,14.19,17.81,35.41
S01010428,43.42,40.87,67.86,68.39,48.24,25.81,46.88,17.54,29.89,36.83,38.62,49.79,34.01,26.95,47.16
S01010429,148.56,130.58,110.35,70.09,76.02,50.36,57.92,51.93,45.64,76.45,39.92,43.11,37.08,23.52,50.15
S01010430,34.44,27.3,33.44,36.09,50.12,34.76,39.81,24.58,31.4,32.26,31.35,28.67,16.29,24.2,25.14
S01010431,59.51,36.23,80.06,39.53,89.69,33.18,27.48,31.63,38.29,71.43,43.84,43.29,37.3,33.33,65.22
S01010432,37,44.19,37.12,30.82,50.52,44.42,56.78,58.42,32.41,31.93,33.59,24.86,36.28,10.12,18.68
S01010433,40.66,33.16,45.45,48.17,54.57,50.43,35.09,46.54,38.61,52.56,34.03,49.38,35.32,31.04,21.7
S01010434,29.91,40,49.55,50.61,88.51,55.73,52.63,36.8,47.46,43.06,49.21,25.97,40.5,25.16,34.71
S01010435,100.49,105.43,80.11,62.68,77.98,134.81,187.79,177.71,155.46,200.02,104.1,73.96,110.76,59.2,113.96
S01010436,87.63,90.68,119.95,120.81,137.98,127.8,82.12,103.54,113.43,138.82,65.05,66.83,52.22,44.42,67.08
S01010437,34.75,32.2,43.64,41.28,42.28,22.1,14.73,26.79,12.52,28.73,45.13,25.09,19.71,14.13,36.14
S01010438,23.55,27.34,49.23,42.25,38.78,98.31,70.46,38.13,31.91,26.38,40.27,44.72,16.97,48.05,32.26
S01010439,36.49,31.86,41.88,61.76,59.27,27.25,43.23,33.11,29.41,28.72,22.98,14.82,17.39,29.38,25.28
S01010440,72.68,62.03,99.55,61.26,67.11,64.72,34.65,59.46,35.88,44.88,19.97,30.44,40.45,26.4,30.84
S01010441,116.06,89.72,61.07,58.1,45.75,55.81,32.25,41.58,40.38,47.76,37.91,32.93,38.78,16.36,41.43
S01010442,100.49,119.58,98.37,92.36,95.39,70.03,90.12,52.69,48.99,51.51,39.11,26.82,29.87,25.61,13.96
S01010443,19.61,14.29,36.78,22.38,13.86,28.99,23.81,21.98,16.3,16.42,19.54,15.52,27.92,8.85,20.15
S01010444,23.29,21.4,33.53,63.89,15.9,22.39,45.8,44.55,35.66,47.27,22.22,22.49,23.99,26.32,16.44
S01010445,52.72,53.76,36.03,28.48,33.82,16.83,26.58,9.68,20.91,20.81,10.63,15.99,19.21,10.76,7.59
S01010446,26.82,15.64,34.52,16,18.87,14.17,27.25,20.24,24.27,19.39,9.94,9.82,15.91,3.7,13.65
S01010447,52.43,33.68,24.66,32.2,36.93,29.35,34.99,17.24,19.31,32.85,25.89,26.04,21.72,17.26,25.67
S01010448,36.63,21.61,29.99,30.87,25.74,25.66,22.44,19.07,22.02,38.37,17.24,19.63,20.12,21.1,15.62
S01010449,21.85,27.31,32.43,45.1,41.27,28,25.57,42.01,16.88,44.93,25,36.79,13.77,17.5,23.13
S01010450,112.85,77.48,57.01,58.82,39.95,54.57,41.4,32.59,35.06,26.58,45.92,13.8,16.5,11.69,18.11
S01010451,61.02,66.67,97.11,53.98,68.15,44.74,54.95,56.27,29.65,67.44,52.39,40.27,29.31,30.79,30.41
S01010452,28.83,18.35,27.74,29.99,49.1,28.15,30.89,27.6,19.93,43.7,26.83,19.13,24.42,12.56,13.05
S01010453,61.9,52.86,54.09,50.36,62.68,98.01,61.19,63.22,49.33,50.6,26.67,36.57,31.46,25.82,20.41
S01010454,35.63,29.23,36.36,28.85,28.24,27.47,29.22,15.82,17.86,42.11,18.63,35.67,20.48,14.27,18.47
S01010455,13.57,21.85,30.24,31.76,21.43,29.99,16.82,15.77,27.32,33.08,22.78,24.63,29.22,32.22,21.15
S01010456,26.32,26.67,30.2,41.07,31.03,15.96,27.27,13.16,27.42,29.3,26.98,18.15,16.39,13.04,7.58
S01010457,56.57,70.23,56.73,79.53,65.15,34.54,71.91,44.03,27.4,37.68,50,29.91,29.74,13.21,30.08
S01010458,51.11,41.06,42.53,64.97,42.44,48.3,36.89,21.88,33.77,37.61,23.02,29.91,22.73,26.89,15.17
S01010459,162.45,127.38,84.33,103.61,67.69,110.33,96.44,76.92,73.26,91.76,115.02,57.35,53.1,57.97,48.65
S01010460,25.75,13.55,9.1,23.92,21.28,31.31,23.07,15.77,22.19,25.48,20.49,16.93,9.85,7.4,4.94
S01010461,42.55,19,92.27,36.47,43.22,37.43,38.74,23.88,38.57,46.92,49.86,47.55,22.88,24.59,37.21
S01010462,70.15,77.45,125.33,81.9,95.67,65.57,52.44,46.26,55.68,63.78,44.49,23.17,24.91,13.84,23.48
S01010463,34.67,28.38,35.39,23.72,41.78,36.73,28.87,20.83,28.31,40.15,44.25,24.11,16.07,24.27,25.38
S01010464,238.05,162.86,68.67,42.28,45.14,48.49,32.62,10.13,41.18,28.45,13.52,34.55,9.71,17.82,13.83
S01010465,45.61,40.95,35.71,34.19,37.72,46.69,41.71,32.7,44.97,19.11,21.99,13.9,21.3,10.59,18.99
S01010466,62.95,43.67,43.25,25.06,42.74,44.9,53.13,52.38,53.24,27.21,32.3,25.91,33.21,9.51,31.69
S01010467,27.38,22.47,19.02,13.53,15.91,74.94,35.89,34.15,20.14,22.6,23.44,27.75,28.86,16.85,12.56
S01010468,13.38,16.53,21.35,20.29,14.59,34.56,18.56,23.31,28.18,25.4,17.04,27.23,17.67,15.09,4.18
S01010469,284.93,219.08,267.15,180.42,209.52,251.87,278.39,246.73,211.29,250.9,233.39,185.96,147.63,118.88,119.93
S01010470,51.01,33.56,38.2,33.69,30.87,42.05,47.62,30.34,38.61,41.93,31.77,42.86,20.54,15.48,15.62
S01010471,59.68,41.6,51.85,32.26,61.47,62.5,52.07,60.41,80.37,67.06,67.61,49.65,27.82,31.02,37.09
S01010472,34.41,43.56,26.29,37.7,31.05,25.39,34.62,58.82,31.48,59.31,26.9,21.77,29.13,16.02,28.57
S01010473,65.66,66.22,52.29,36.23,25.43,24.7,44.43,42.86,39.83,46.82,33.07,31.83,25.54,18.4,26.83
S01010474,31.89,23.26,41.24,30.89,25.35,15.52,30.03,24.11,24.3,17.22,14.34,14.65,16.15,16.93,16.05
S01010475,21.3,40.63,21.78,22.11,22.06,25.94,38.1,23.28,22.68,24.32,11.75,10.85,4.13,8.02,19.53
S01010476,55.48,56.88,74.32,44.21,51.28,23.6,72.41,38.05,51.74,56.6,29.09,14.67,32.8,29.51,40.24
S01010477,54.47,46.22,68.77,84.8,75.44,37.2,31.9,42.92,22.89,58.09,31.59,35.76,33.33,34.7,23.63
S01010478,31.19,32.7,33.93,75.19,41.62,42.03,40.61,16.49,28.69,32.42,22.02,30.91,29.2,29.56,34.45
S01010479,54.63,59.58,27.03,56.04,39.76,25.69,42.74,20.67,36.96,33.04,26.97,34.65,30.33,16.41,16.21
S01010480,65.35,62.4,67.4,87.83,57.72,93.99,56.25,47.39,53.92,62.8,60.16,39.28,53.6,36.73,45.84
S01010481,47.95,48.61,70,73.89,61.77,32.52,25.45,15.17,43.48,38.81,18.02,28.99,9.46,9.13,16.79
S01010482,41.61,30.75,58.82,57.26,47.04,42.12,30.96,39.85,47.38,37.64,30.81,34.44,11.31,15.02,16.13
S01010483,26.62,26.76,36.07,44.34,46.58,27.55,36.52,33.4,41.86,40.27,34.95,22.75,18.7,19.31,14.61
S01010484,26.8,26,40.07,52.72,34.31,24.56,32.65,19.57,28.78,34.73,16.36,24.57,22.6,18.83,18.21
S01010485,37.17,34.29,60.63,42.43,35.66,29.05,35.13,30.46,17.8,32.36,25.7,31.12,26.16,21.34,15.9
S01010486,177.06,92.5,101.4,107.29,130.09,125.82,97.65,104.83,70.1,78.16,61.41,58.11,59.91,78.26,76.67
S01010487,30.88,42.69,41.13,49.79,27.87,31.76,36.73,22.56,28.14,25.84,32.48,17.53,12.77,16.57,13.58
S01010488,35.19,21.2,37.74,25.3,45.92,32.26,31.09,34.31,33.65,41.36,33.16,24.57,27.13,25.91,28.97
S01010489,59.04,49.29,73.52,66.92,58.32,68.14,56.14,50.7,36.22,69.57,72.5,32.77,55.71,43.81,46.6
S01010490,18.06,20.35,39.44,47.06,39.71,36.83,40.85,46.04,29.45,35.67,74.73,24.62,22.97,22.16,25.6
S01010491,19.76,24.91,39.72,54.4,37.04,59.56,48.46,57.97,35.84,39.17,40.98,39.34,29.75,24.17,21.51
S01010492,54.46,22.8,29,36.04,49.39,75,57.01,44.61,18.97,61.18,41.67,36.79,27.73,41.59,29.93
S01010493,36.54,15.79,54.15,82.05,67.53,87.3,41.97,82.64,30.13,49,38.73,30.84,47.9,38.35,25.68
S01010494,48.83,57.6,50,40,36.99,49.18,71.54,55.21,36.33,30.6,29.41,25.97,50.32,36.79,23.18
S01010495,47.73,39.13,62.09,95.58,84.63,67.87,90.41,41.99,58.03,43.63,54.72,46.12,36.72,34.36,34.7
S01010496,88.83,88.11,56.44,97.5,67.53,61.08,44.28,41.79,59.05,51.27,50.96,41.86,27.12,25.15,27.45
S01010497,44.77,42.79,62.56,48.22,75.48,49.38,62.53,41.49,42.83,47.3,36.68,21.19,25.56,3.01,20.68
S01010498,45.45,38.66,86.56,70.56,66.31,48.58,41.67,40.62,22.84,24.94,34.29,19.52,19.45,21.3,26.29
S01010499,133.26,105.58,120.25,144.67,127.6,131.78,137.28,109.62,70.32,116.33,152,151.14,137.04,98.25,136.67
S01010500,103.45,134.62,108.39,92.88,85.55,69.57,117.87,69.85,44.99,84.65,63.03,41.47,27.86,22.59,26.37
S01010501,20.14,42.9,36.25,56.18,73.35,47.97,85.33,44.62,23.05,70.04,36.09,19.74,20.47,28.36,22.5
S01010502,14.89,17.84,18.03,14.99,34.22,37.59,45.19,29.38,27.58,39.95,24.72,16.62,19.42,12.27,6.06
S01010503,39.77,44.88,41.32,49.44,71.94,37.63,34.19,27.19,33.49,47.11,58.28,26.91,19.29,26.23,17.41
