"V1","V2","V3","V4","V5","V6","V7","V8","V9","V10","V11","V12","V13","V14","V15"
598.753591,618.43094,634.360221,538.784531,557.524862,576.265194,702.762431,744.928177,817.078453,844.251934,836.755801,853,865,882,858
809.830939,794.712707,807.426519,839.143646,860.983425,826.823204,805.491712,796.381215,799.614364,776.832044,761.496132,792,807,814,809
902,875,891,901,913,924,928,926,898,897,886,885,915,884,846
903,920,917,880,853,892,898,872,897,927,874,874,844,848,873
748.003315,741.39779,752.717127,737.801105,761.176795,796.552486,848.088398,877.933701,886.38011,859.924862,867.774585,868,883,880,894
877,849,816,808,805,791,789,788,809,806,794,787,776,841,852
669,679,666,657,648,639,648,666,668,661,668,663,687,653,655
901,926,928,930,928,958,994,1009,980,985,1004,984,977,975,980
775.412155,872.458564,947.496133,964.270718,966.314917,1064.359116,1072.657459,1100.756906,1088.927072,1091.99116,1078.973481,NA,NA,NA,NA
388.27612,484.197761,496.589552,510.358209,517.242537,548.910448,570.940299,581.496269,599.854478,611.328358,620.048508,643,636,603,639
552.820513,543.846154,517.820513,566.282051,603.974359,569.871795,554.615384,514.230769,493.589743,485.51282,473.846154,487,484,486,468
717,710,680,675,673,672,685,676,660,685,674,661,665,684,672
840,825,815,806,769,770,789,799,795,805,812,799,818,786,758
457.72388,570.802239,585.410448,601.641791,609.757463,647.089552,673.059701,685.503731,707.145522,720.671642,730.951492,729,729,719,703
925,986,970,944,948,923,925,933,934,928,913,895,910,884,889
703.862002,616.290573,516.747328,481.52381,483.757046,499.941691,524.951409,556.922255,588.922255,598.990282,603.970845,593,541,525,520
201.266902,206.491383,211.715864,213.954927,272.17057,397.060539,502.794079,535.136103,560.760937,566.731772,584.146708,569,589,598,617
489.030646,519.611598,525.273996,524.22217,517.714237,538.87912,561.468997,564.857798,562.119077,554.802936,570.603269,530,538,603,835
905,917,917,934,892,896,902,914,908,892,842,879,868,879,864
899.724702,851.003093,888.281485,876.400796,893.502872,906.157755,914.79187,889.515246,887.88069,914.198851,911.126823,903,890,883,860
603.037882,601.998811,601.798575,603.989597,623.628022,707.01896,769.194582,764.819381,777.358492,775.09248,794.41726,768,781,801,784
666.508738,660.702912,656.058252,657.219417,635.737864,646.768932,644.446602,611.353398,607.28932,599.161165,611.353398,635,640,628,628
770,788,774,768,771,751,780,795,824,815,827,826,826,823,847
657,637,638,633,625,628,617,607,605,601,609,610,607,584,566
666.111531,668.930057,652.018904,625.712666,580.616257,542.096409,514.850662,510.153119,489.483932,495.120983,495.120983,485,486,483,474
610.047577,628.760476,606.70186,615.249148,596.740146,603.525707,614.938518,630.241471,632.324341,635.613304,641.465333,645,649,644,629
801.137998,946.709427,993.252672,970.47619,994.242954,1013.058309,1014.048591,1011.077745,1011.077745,1018.009718,1016.029155,NA,NA,NA,NA
533.809756,505.565854,486.736586,507.448781,530.985366,506.507317,514.980488,521.570732,546.990244,590.297561,647.72683,696,681,675,644
224.861246,230.698188,236.53513,239.036677,304.076889,443.6076,561.73619,597.869641,626.498452,633.169243,652.625717,702,711,737,717
227.006186,232.898807,238.791427,241.316836,306.977463,447.839151,567.094564,603.572691,632.474591,639.209014,658.851082,668,694,684,688
726,721,716,728,738,695,690,696,699,726,715,698,685,677,676
854,898,883,879,870,860,892,912,928,926,929,932,926,952,NA
972,891,888,883,819,817,862,886,898,870,892,906,866,907,886
616,626,614,595,621,607,586,590,586,571,583,580,587,595,597
933,926,895,887,890,859,852,832,810,805,795,771,767,762,751
834.644221,842.102512,835.136683,819.79196,791.299497,763.265326,763.78794,740.428141,711.181909,717.526633,716.935678,708,710,684,678
1006.551313,1018.732697,1025.527447,1026.627685,990.474941,953.565633,943.694511,908.847256,860.880669,867.909308,871.966587,850,851,831,829
615,585,577,568,571,570,550,559,538,553,539,520,517,516,517
653.469066,671.730616,646.931277,663.12845,651.194297,656.940457,668.900924,680.527385,681.721315,683.843584,688.600943,678,670,675,707
622,617,615,638,657,638,630,617,616,605,593,606,629,631,638
408.983348,379.579316,347.502191,346.432953,396.152497,454.960561,510.026292,541.03418,585.407537,618.019281,663.461875,639,671,698,740
545.5624,520.528327,481.742158,479.874905,520.345888,569.290247,632.208369,651.708554,686.96383,710.669632,758.280859,899,987,NA,NA
613.300323,615.118407,579.968784,576.938644,567.848224,560.575888,609.058127,584.817007,573.908504,558.757804,584.817007,545,528,534,517
611.391469,663.778199,684.860663,683.582938,663.139336,677.194313,678.472038,686.138388,679.749763,670.805687,686.138388,711,708,682,687
1000,918,872,915,924,992,995,974,913,915,881,881,907,901,883
884,873,840,864,827,848,867,858,854,848,862,845,929,923,910
821,789,780,775,805,791,806,833,850,852,861,851,858,869,841
845,849,860,846,844,858,832,850,833,878,885,942,NA,NA,NA
1016.355779,1005.897488,1025.863317,1019.20804,1009.700503,989.734674,961.21206,973.571859,968.818091,975.473367,964.064322,977,972,962,948
717,693,714,692,700,696,710,690,685,706,695,692,685,708,736
678,689,706,705,716,715,711,705,696,694,703,700,712,720,710
793,776,779,767,781,774,780,787,796,803,793,791,803,800,809
762.0162,857.500736,850.060383,881.061856,861.840942,874.861561,898.42268,865.561119,837.659794,836.419735,845.100147,819,812,838,853
511.062559,525.239494,569.408714,575.724701,566.053417,568.571619,569.670632,568.922381,564.551149,556.779621,543.88054,553,567,588,620
865,834,830,835,843,797,802,828,824,817,824,815,822,821,811
419.661876,417.217244,453.071851,504.00169,496.667794,499.519865,505.631445,510.52071,486.889264,478.74049,486.074387,518,538,526,509
947,999,988,1016,1025,1053,1029,999,1008,1015,1018,NA,NA,NA,NA
916,902,905,895,890,846,832,839,830,857,843,832,831,819,788
1113.587368,1085.945263,1078.54421,1062.183158,1058.183158,1070.452631,1040.916842,1048.44421,1069.670526,1019.825263,993.48421,972,961,925,971
1033.178137,1066.317813,1067.29251,1025.380567,1010.760121,1003.937247,998.089069,1004.911943,996.139676,967.873482,972.746963,933,942,917,931
858.975206,854.780992,838.842975,858.975206,843.03719,835.487603,843.876033,835.487603,802.772727,814.516529,821.227273,807,794,796,771
786,796,784,788,796,814,789,807,812,797,776,782,770,780,767
758,783,771,734,734,716,714,721,707,750,751,755,731,747,731
1006,1022,1010,1001,974,1005,1011,1032,1020,1045,1044,NA,NA,NA,NA
767,750,758,759,763,752,747,761,735,752,719,722,740,745,723
831,831,811,799,811,801,783,772,774,778,760,753,744,747,761
930,914,900,880,878,849,871,887,923,966,942,945,945,943,941
752,745,736,702,721,703,699,718,698,710,709,703,668,657,649
752,712,707,674,685,696,709,699,719,759,788,751,775,771,744
727,809,924,1000,1060,1046,1051,1022,1026,1018,1009,987,NA,NA,NA
639.263598,660.351464,735.062761,745.305439,732.652719,738.075313,729.037657,733.25523,729.037657,720.60251,695.297071,670,666,653,664
1244,1039,887,838,853,822,820,825,816,799,811,828,789,803,796
945,959,960,942,911,892,886,880,865,865,849,823,825,793,758
633.892941,628.842556,681.220507,755.656117,750.936857,758.872162,769.189152,777.761682,744.090802,736.923961,748.354184,722,714,707,696
327.41196,306.631229,309.863787,314.943522,397.604651,450.24917,470.106312,490.425249,500.122924,565.23588,575.857143,565,692,739,746
893.412632,808.054737,837.45579,830.816842,830.816842,872.547369,881.083158,927.55579,913.329474,916.174737,891.51579,730,560,557,579
1018,1056,1108,1098,1096,1083,1068,1058,1031,1045,1065,NA,NA,NA,NA
835.821863,835.682187,815.70749,838.619433,829.239879,798.062753,823.910931,834.088057,814.860324,802.126518,784.253037,818,819,859,872
673,689,682,685,692,704,676,672,661,636,654,652,663,684,706
752.024794,783.219008,778.157025,825.024794,828.96281,855.512397,865.123967,884.512397,886.227273,895.483471,881.772727,915,899,885,892
809,777,770,775,762,744,727,733,738,723,710,723,713,720,706
829,819,796,803,771,762,765,769,761,760,756,746,743,740,724
992,994,990,980,967,971,958,950,927,909,909,904,892,892,875
548.896082,574.470188,556.000001,551.73765,521.427598,521.901193,533.741057,537.529813,556.473595,549.369677,576.364566,575,602,603,635
1090.293447,1076.259259,1070.806268,1047.774929,1019.034188,1025.615385,1034.356125,1040.774929,1045.031339,1036.806268,1045.837607,NA,NA,NA,NA
664.706553,645.740741,632.193732,641.225071,652.965812,658.384615,646.643875,641.225071,624.968661,632.193732,623.162393,624,624,620,635
860,827,843,835,817,827,839,841,827,843,874,867,875,858,854
728,701,694,686,688,651,667,671,672,665,642,626,610,615,617
650.12016,739.220294,777.036048,807.081442,806.563418,816.923898,793.094793,790.504673,774.963952,776,765.639519,764,768,776,791
1036,985,848,758,753,794,811,792,792,742,741,746,726,717,707
553,541,545,527,507,466,471,461,540,566,574,560,565,589,573
358.033223,335.30897,338.843854,344.398671,434.790698,492.358804,514.07309,536.292359,546.89701,618.099668,629.714286,669,698,693,692
915,887,910,881,905,871,840,832,809,797,772,756,739,722,729
1196.364786,1104.835603,1020.412451,993.753891,699.765564,587.212062,543.424125,541.106031,547.882296,530.082685,637.659533,668,690,694,715
484.123944,491.064789,539.650704,614.264789,689.746479,766.095775,797.329578,816.416902,878.016902,924,917.059155,932,929,914,918
947,954,960,968,931,950,925,925,928,920,869,838,785,770,723
741,723,720,701,747,739,741,750,737,733,750,747,739,719,706
847,830,846,806,815,810,840,811,804,808,813,844,864,865,885
803,782,797,766,802,765,757,757,752,772,765,754,750,739,753
775.769741,753.027306,744.81476,745.446494,776.401476,799.143911,818.727675,843.365313,831.994095,854.104797,868.002952,904,915,931,952
778,781,763,761,740,739,700,734,730,778,766,767,783,823,818
610.103918,638.529812,617.999999,613.26235,579.572402,580.098807,593.258943,597.470187,618.526405,610.630323,640.635434,665,706,737,747
776,794,780,748,757,755,741,725,716,725,721,720,718,710,700
779,783,760,771,730,746,725,727,733,715,717,722,722,707,683
436.942391,487.183154,570.917758,660.742153,730.013507,816.793006,851.428684,904.714341,923.744933,968.276518,988.068334,NA,998,990,987
604.87984,687.779706,722.963952,750.918558,750.436582,760.076102,737.905207,735.495327,721.036048,722,712.360481,705,701,705,700
995,993,1001,985,968,1019,1005,1001,999,974,947,909,940,941,947
924,930,889,890,889,892,874,854,885,883,861,863,860,870,860
930,913,937,933,887,912,866,876,847,830,804,828,844,845,873
767,771,787,785,785,777,786,785,760,749,760,770,766,766,752
819,747,794,782,832,888,856,709,616,489,389,321,303,346,372
968,984,971,978,987,977,970,992,970,1029,1060,NA,NA,NA,NA
682.876056,690.935211,744.349296,733.735211,790.253521,800.904225,837.670422,835.583098,868.983098,895,919.940845,940,943,964,952
653,678,675,688,715,717,723,758,765,781,807,778,736,729,777
610.783186,608.592036,593.80177,601.470797,598.731859,604.209735,617.904425,606.400885,614.069912,625.573452,631.599115,625,615,683,724
504.216814,502.407964,490.19823,496.529203,494.268141,498.790265,510.095575,500.599115,506.930088,516.426548,521.400885,550,549,566,585
452.230259,438.972694,434.18524,434.553506,452.598524,465.856089,477.272325,491.634687,485.005905,497.895203,505.997048,540,534,543,554
867,841,840,832,855,845,842,850,871,860,886,853,882,874,861
740,739,742,713,702,711,709,737,730,725,735,740,722,729,723
936,927,903,873,879,878,851,851,826,840,836,838,868,875,889
709,676,682,655,651,617,614,611,611,624,609,586,574,577,577
774,778,815,828,820,819,785,777,788,794,794,825,835,824,814
828.190244,849.434146,793.263414,777.551219,794.014634,787.492683,765.019512,738.429268,728.009756,762.702439,740.27317,744,747,719,695
877,903,924,922,901,911,914,914,892,890,886,897,902,949,NA
350.283671,390.560191,457.687724,529.697259,585.230036,654.79857,682.564958,725.282479,740.538737,776.238379,792.104887,781,771,756,760
466.9838,525.499264,520.939617,539.938144,528.159058,536.138439,550.57732,530.438881,513.340206,512.580265,517.899853,541,536,549,534
725,733,710,720,704,669,665,675,669,668,697,803,839,809,782
626,592,600,622,651,605,596,607,612,624,637,636,644,634,634
849,858,859,849,856,835,815,831,860,839,812,820,818,780,754
702,592,576,666,785,808,828,851,878,878,864,862,878,849,842
803,738,762,730,731,746,720,716,729,705,721,727,705,698,689
923.606272,861.644599,869.689895,872.715447,894.993031,902.980255,923.631823,959.41928,981.464576,1006.509872,1045.61324,NA,NA,NA,NA
636.635214,624.164397,603.587549,589.246109,594.234436,624.787938,608.575875,632.893969,644.117704,622.917315,602.340467,616,636,609,600
637,650,657,601,621,600,618,642,649,669,688,710,721,688,706
723,704,718,753,768,757,743,767,766,751,759,799,812,833,852
928,888,898,894,859,892,862,856,854,842,832,863,848,877,889
762.146342,715.707317,732.097561,701.138212,721.170732,736.650407,731.186992,774.894309,791.284553,807.674797,824.97561,811,804,803,819
718.620332,736.374482,735.529046,742.292531,783.71888,787.100623,761.737552,787.100623,793.864108,812.463693,809.081951,808,810,780,798
983.179803,998.283777,997.134979,977.71391,1000.858368,1011.884692,1008.146208,1028.849417,1008.592663,1011.325856,1019.67881,NA,NA,NA,NA
816.882767,813.7034,812.644783,817.355217,815.410316,800.0551,786.0551,820.992966,778.644783,796.52755,840.230949,851,863,889,853
730,734,732,719,751,741,753,807,889,983,1091,NA,NA,NA,NA
777,761,734,736,739,751,750,778,752,714,727,742,731,752,776
850,823,789,809,803,796,803,777,759,764,768,757,763,733,741
803,774,773,754,750,743,729,744,719,700,688,670,676,679,700
751,721,730,706,714,706,704,699,703,702,688,690,698,676,684
732,705,687,674,670,661,657,636,637,621,611,613,624,628,645
625,608,574,577,574,570,579,577,571,572,582,566,576,564,586
233.066349,259.864919,304.529202,352.441796,389.39134,435.679778,454.15455,482.577275,492.728249,516.481527,527.038539,515,510,516,528
823,868,881,893,891,912,911,917,989,954,936,943,938,939,934
853,927,914,922,867,827,802,806,799,801,848,760,734,751,750
929,931,936,932,907,924,900,908,909,889,888,874,877,861,859
756,706,720,713,716,708,689,676,699,688,684,668,685,699,673
881,884,853,842,825,876,858,875,847,868,864,850,838,828,815
591,589,599,586,595,595,593,573,568,570,573,578,568,568,577
641,647,641,671,668,668,686,696,709,724,716,736,726,734,714
923,931,939,932,952,937,941,956,970,986,982,983,979,999,999
645,626,637,673,685,678,698,717,727,704,714,722,718,716,731
990,976,979,970,1001,1018,1003,1050,1073,1112,1078,NA,NA,NA,NA
643,633,625,644,621,611,616,621,607,638,633,651,613,606,596
796.247387,724.648084,696.212544,743.146341,800.836237,804.369338,772.181185,789.686411,800.250871,867.815331,863.41115,847,894,912,953
541,527,524,510,542,507,529,542,538,530,518,517,531,521,549
962,867,819,810,848,852,861,860,880,831,843,822,860,834,862
992,963,935,968,946,948,981,951,939,926,890,860,867,935,971
1178.714286,1088.857143,1039.142857,939.857143,893.142857,851.285714,900.571429,904,914.857143,718,513.428571,455,414,392,413
908.317098,884.638342,883.691192,884.638342,860.012435,860.959585,877.06114,895.056995,897.898446,919.682901,878.00829,865,868,879,858
840.285714,863.142857,847.857143,824.142857,804.857143,743.714286,746.428571,743,730.142857,717,712.571429,635,650,635,713
802,761,751,737,785,747,773,796,825,818,842,839,773,846,913
664.1024,647.4016,621.8592,614,633.648,634.6304,605.1584,603.1936,614,611.0528,622.8416,644,661,650,650
822,815,800,778,797,794,800,816,812,812,837,821,866,863,871
823.381083,832.955757,817.699359,842.732733,821.315964,784.102333,778.006765,781.779373,802.117117,819.301554,790.512754,819,802,777,785
748,751,785,762,751,743,723,735,743,751,743,749,726,732,750
792,748,735,719,712,676,690,704,697,681,688,689,669,675,648
376.44598,408.075481,445.581661,472.663654,513.342458,556.647973,656.927043,726.268438,805.616478,882.883721,981.865249,929,943,944,952
617.173077,508.476923,426.494231,379.515385,379.515385,406.228846,435.705769,461.498077,456.892308,475.315385,482.684615,483,492,484,466
993.315539,971.00858,959.271687,954.613918,933.824595,933.509056,921.210677,928.429933,914.736892,920,896.561487,872,885,884,915
989.696104,972.179221,979.179221,980.85065,957.522078,947.275325,930.222078,956,965.912987,945.758442,954.154546,972,972,963,948
1200.457965,1153.429204,1142.608407,1141.053098,1092.289823,1121.347345,1099.809735,1080.688053,1088.612832,1086.329646,1089.792036,NA,NA,NA,NA
736,715,712,686,708,697,685,714,721,695,650,652,676,664,661
923,924,877,927,909,954,985,955,974,910,842,673,592,567,578
825,852,874,859,891,863,865,894,888,913,896,881,872,888,875
670,655,652,664,684,667,683,697,677,679,677,695,698,726,751
936,929,937,949,925,956,986,1013,1000,980,1008,991,976,973,990
902,852,846,856,873,925,929,935,933,959,986,999,937,873,865
834,790,778,806,827,814,768,780,804,832,846,824,856,878,948
924,942,916,886,867,852,882,846,843,857,838,840,853,872,883
1061,1015,1017,1027,997,1008,1017,1023,1008,1010,1056,NA,NA,NA,NA
958,950,896,876,873,926,968,1018,1013,1025,1070,NA,NA,NA,NA
709,669,624,627,596,568,609,640,655,683,657,638,595,649,737
737.210526,690.719772,633.792319,635.6899,663.204836,644.229018,679.334282,681.231863,589.199146,690.719772,708.746799,694,703,684,694
733.789474,719.280228,682.207681,732.3101,801.795164,770.770982,769.665718,794.768137,764.800854,735.280228,800.253201,837,820,804,814
812,791,820,843,851,916,942,991,966,977,915,947,881,961,944
510,503,510,537,557,564,574,607,598,621,640,637,652,651,664
869,842,784,793,763,802,883,842,820,849,809,701,676,793,801
513,492,501,528,523,524,530,524,528,561,579,581,585,583,600
797,745,731,720,727,727,725,743,742,731,731,707,751,761,746
449.793435,447.359488,440.544436,433.729384,434.702963,442.004804,476.080064,543.257006,581.226582,608.48679,655.218575,601,615,606,625
752,738,728,736,717,702,694,697,685,674,668,665,642,644,653
857.755798,846.42292,863.778991,862.556617,830.001364,836.824011,849.401092,843.066849,852.066849,858.311051,851.598909,843,856,852,840
760.960961,793.753754,814.774775,782.822823,769.36937,782.822823,790.390391,787.027027,789.54955,881.201201,881.201201,857,877,857,846
870,876,865,843,820,816,797,781,769,780,788,753,743,715,717
732.365714,753.668571,753.967143,762.705714,798.788571,837.394286,828.394286,818.564286,837.912857,866,842.908571,824,799,804,808
725,716,699,716,695,691,675,657,645,657,665,655,661,674,676
989,1002,990,966,949,957,929,919,927,905,888,881,884,878,870
866,860,848,861,847,847,846,836,854,852,842,827,833,839,829
731,726,730,747,715,710,711,702,694,685,679,672,690,694,694
954.249624,977.962533,1003.256909,1004.065695,1007.075294,1014.3813,1022.042073,1018.737851,1019.375249,1035.67393,1038.996205,NA,NA,NA,NA
741,747,751,722,720,723,705,717,718,705,689,679,693,705,738
1042,1051,995,987,1014,965,983,1006,1022,983,1004,954,920,924,925
867.933157,846.252827,843.90652,855.043808,836.864571,833.957725,838.812062,870.454064,851.007934,878.173584,912.68077,899,878,896,905
780,755,723,738,727,747,749,740,736,726,735,704,742,729,716
1392,1184,1041,944,789,677,677,621,575,599,611,607,597,601,625
957.652445,930.100936,929.150884,914.900104,906.349636,908.24974,903.49948,908.24974,914.900104,893.048907,886.398543,909,907,952,972
998,1000,1010,981,956,953,934,927,934,915,914,897,888,879,905
820,786,786,797,780,759,793,812,836,802,818,832,778,798,783
876,864,883,885,889,885,879,901,895,903,900,898,893,873,876
792,761,753,759,790,772,778,764,792,813,835,783,738,758,766
614.411111,611.05,661.466666,710.538889,744.822222,764.988889,836.916666,914.894444,1026.483333,1095.722222,1088.327777,NA,NA,NA,NA
758,795,759,721,741,799,823,793,805,804,816,818,794,797,822
700,695,671,658,657,654,671,704,725,719,751,784,803,801,814
956,1001,1018,1065,983,989,987,996,980,974,1022,NA,NA,NA,NA
789,804,780,789,731,773,784,753,780,819,811,817,800,772,790
762.961538,685.746154,622.319231,608.530769,607.611538,615.884615,671.957692,772.153846,922.907692,973.465384,1022.184615,NA,NA,NA,NA
758,803,794,780,813,825,811,803,801,736,685,778,816,794,803
1430,1378,1201,1072,1020,983,966,956,977,946,969,931,922,NA,NA
740.467316,746.041724,740.467316,756.261474,723.744089,688.439499,740.467316,760.906815,721.885953,662.425591,670.787204,671,669,674,662
604,597,547,569,624,602,581,554,533,546,520,556,588,586,588
775,785,794,782,756,770,779,757,761,748,750,723,749,757,776
571,564,549,538,525,548,535,543,531,545,542,543,506,504,510
1132.346189,1162.536272,1140.245179,1108.843893,1098.066115,1085.772268,1102.984389,1088.110193,1033.159779,988.157943,1011.232323,982,928,915,940
412.047619,477.619048,493.404762,486.119048,469.928572,472.357143,490.976191,494.619048,492.595238,510.404762,509.595238,506,545,552,537
605.952381,702.380952,725.595238,714.880952,691.071428,694.642857,722.023809,727.380952,724.404762,750.595238,749.404762,738,740,826,818
787,794,819,827,798,793,795,815,813,800,799,802,802,811,793
840,834,819,839,813,813,827,796,790,773,760,755,755,733,755
717.537143,710.325714,682.381428,679.677143,659.845714,645.422857,645.422857,626.492857,630.098571,631,609.365714,619,621,611,597
797,786,754,748,733,733,722,722,730,715,726,727,727,741,745
933,925,899,902,892,899,891,873,876,870,846,828,823,820,812
1042,1010,990,972,938,918,894,907,898,915,904,902,903,889,870
763,764,754,747,743,777,781,759,757,768,754,769,749,724,697
1031.684461,1024.99142,1030.728313,1016.386082,999.175405,970.490944,985.789323,990.570067,997.263108,1003,993.438513,997,NA,985,994
737.402597,738.480519,698.480519,698.266233,710.051948,730.883117,722.551948,680,664.824675,659.961039,653.863636,671,683,693,690
845,853,855,833,857,851,857,843,829,830,854,844,836,834,817
944,937,921,920,932,928,930,896,871,870,882,867,803,788,885
588,586,585,574,588,566,581,592,613,632,626,613,630,626,623
593,630,605,603,597,605,583,592,615,598,596,573,564,554,547
1052,1005,1004,1005,970,1019,995,1031,1057,1054,1053,NA,NA,NA,NA
826,810,805,787,745,773,771,739,777,804,819,803,819,800,807
627,606,618,600,575,586,579,546,542,518,555,556,531,547,543
862,872,827,816,812,830,836,869,901,910,924,961,965,984,990
845,838,852,828,794,723,718,723,710,689,722,723,727,756,760
297.896296,296.266667,320.711111,344.503704,361.125926,370.903704,405.777778,443.585185,497.688889,531.259259,527.674074,502,510,512,527
735,714,714,750,718,710,746,743,753,831,832,812,828,836,808
882.051404,837.107962,867.839208,863.872482,901.404294,930.292121,916.212138,925.114851,902.505061,942.581152,877.686047,985,NA,NA,NA
410.10762,480.276323,595.011634,633.414776,687.463641,705.954043,724.918557,736.771378,793.664921,817.370564,820.215241,823,839,847,858
495.699642,480.95338,457.738803,467.444645,474.151365,498.668892,530.522544,582.381646,623.107579,639.34329,642.938145,661,635,641,634
470.871504,460.258742,438.474651,450.763112,462.493007,496.006993,525.052448,577.557693,616.098777,636.765735,635.090035,629,641,650,663
799,789,790,817,812,898,1038,1069,1107,1132,1154,NA,NA,NA,NA
828,833,828,823,826,842,838,822,825,815,833,805,838,791,794
690.208171,681.85214,655.112841,687.701362,713.605059,737.837549,778.782101,769.590467,856.493191,860.671206,910.807393,901,912,937,974
474.206565,471.640512,464.455564,457.270616,458.297037,465.995196,501.919936,572.742994,612.773418,641.51321,690.781425,795,895,NA,NA
774,726,748,761,823,844,894,904,945,1004,995,989,NA,NA,NA
792,813,798,780,799,785,773,785,771,789,779,790,804,781,790
612.244202,599.57708,585.221009,589.443383,580.998636,569.175989,588.598908,613.933151,613.933151,620.688949,649.401091,615,585,602,622
748.209367,744.352617,769.421488,764.600551,764.600551,762.672176,741.460055,729.889807,749.173554,692.286502,721.212121,716,740,777,791
748,748,727,730,723,721,732,746,718,734,725,715,719,720,739
1039,1050,1077,1065,1036,1032,1025,997,958,925,900,902,895,896,932
947,960,936,920,907,932,943,946,935,945,962,963,944,942,933
765,771,779,784,749,748,740,731,709,699,696,687,695,657,655
681,672,667,644,633,604,597,594,594,566,567,570,550,550,550
888,861,828,817,815,802,784,761,774,758,751,752,738,717,717
981,986,998,966,930,958,957,937,969,984,974,982,973,953,963
1077.596886,1134.015571,1165.045848,1182.911765,1155.642734,1148.120243,1135.896194,1130.254326,1095.462803,1083.238755,1076.656575,NA,NA,NA,NA
355.897236,386.534421,422.604846,448.777573,487.979277,529.40923,624.954244,691.523634,767.233874,841.166541,936.231146,NA,NA,NA,NA
635,630,641,634,643,632,625,629,624,583,598,598,592,606,580
723.901299,727.34026,727.34026,717.883117,708.425974,656.841559,642.225974,662,654.262338,660.28052,655.981818,660,654,659,615
1072,1068,1049,1044,1027,1050,1050,1027,1040,1084,1059,NA,NA,NA,NA
747.773526,749.095139,762.288521,765.192347,777.449844,817.643226,820.772492,798.064115,744.192347,754.677352,813.452947,739,846,923,898
863.293316,875.652033,888.804958,862.763844,826.685584,835.399048,829.415445,832.481819,830.799718,830.149063,836.866282,870,876,859,867
905,935,919,875,850,861,878,860,874,882,1010,NA,NA,NA,NA
614.536221,662.321135,633.427931,661.209858,648.98581,660.098581,639.539955,657.876027,663.988051,754.001493,790.673637,812,875,911,945
820,795,762,741,805,817,678,558,476,449,473,449,573,599,615
808,787,753,741,731,692,714,699,716,713,716,692,714,729,688
1066.792449,1017.077021,1020.812716,999.242465,959.043691,980.911029,997.696678,1013.088987,991.671181,988.629556,968.4053,956,952,941,924
474.662256,501.060585,523.905292,551.318941,546.24234,578.73259,599.546657,631.021588,664.019498,727.984679,764.536212,651,542,438,406
460.337744,485.939415,508.094708,534.681059,529.75766,561.26741,581.453343,611.978412,643.980502,706.015321,741.463788,827,832,861,867
407.969672,452.552654,497.135636,537.47262,567.548442,611.777591,602.224094,675.467565,777.371525,841.0615,896.967144,920,789,734,790
1749.641189,1668.575371,1498.983015,1374.084926,1325.647558,1248.815286,1283.093418,1163.40552,1050.322717,967.437367,902.312102,876,944,NA,NA
454.89238,532.723677,659.988366,702.585224,762.536359,783.045957,804.081443,817.228622,880.335079,906.629436,909.784759,935,956,924,919
552.26087,613.7441,654.551553,665.97764,669.242236,784.591305,824.310559,855.324224,866.750311,877.088199,921.704348,907,932,931,973
462.73913,514.2559,548.448447,558.02236,560.757764,657.408695,690.689441,716.675776,726.249689,734.911801,772.295652,814,796,821,831
369.289215,402.787581,466.151961,501.6683,517.004902,567.050653,623.957516,688.936274,722.031045,750.686274,816.068627,839,847,885,927
801,779,746,715,717,751,735,770,754,772,749,762,753,741,735
545.710785,595.212419,688.848039,741.3317,763.995098,837.949347,922.042484,1018.063726,1066.968955,1109.313726,1205.931373,NA,NA,NA,NA
658.791829,605.14786,572.887159,451.298638,458.394941,447.162451,468.217899,525.409533,562.506809,572.328794,584.192607,570,574,610,621
726.186016,707.637203,697.435356,715.056728,726.186016,706.709762,677.959103,696.507915,682.596306,709.492084,753.081794,749,748,743,761
949.813984,971.362797,952.564644,936.943272,936.813984,942.290238,932.040897,932.492085,921.403694,916.507916,919.918206,904,925,935,980
551.145834,509.69213,539.840278,534.1875,520.055556,488.023148,373.083333,369.314815,390.983796,409.826389,418.305556,420,428,437,539
882.953658,869.82439,856.492683,850.929268,798.570732,715.826829,615.029268,593.541463,567.080488,561.743902,587.078049,595,651,666,678
1028,1020,1023,1019,963,987,998,1017,1021,1031,1018,NA,984,NA,NA
703.046342,719.17561,694.507317,684.070732,677.429268,682.173171,722.970732,732.458537,723.919512,773.256098,760.921951,772,791,819,868
961,933,904,895,873,863,847,839,832,812,834,856,870,867,899
1082,1080,1051,1065,1028,1005,1012,999,991,980,974,970,957,961,940
792,787,788,782,770,749,751,748,727,720,714,735,739,744,751
795,800,786,781,780,760,761,741,748,743,746,745,731,725,730
773,751,751,740,751,737,713,712,692,702,706,702,699,680,683
731.403114,711.984429,717.954152,689.088235,701.357266,703.879757,698.103806,692.745674,703.537197,675.761245,686.343425,683,671,685,680
776,764,763,763,739,718,717,714,707,695,684,674,682,683,691
931.826923,916.523077,913.505769,888.484615,907.484615,961.771154,954.294231,957.501923,962.107692,1000.684615,1015.315385,NA,NA,NA,NA
773.250923,753.129151,741.630996,731.091021,751.212792,769.418204,767.501845,755.045511,785.707257,774.209102,775.167282,776,770,791,788
795,806,789,799,780,776,766,732,738,736,730,734,741,740,728
762,762,787,794,814,808,806,822,855,859,856,880,907,877,882
577.687637,596.759327,638.594001,706.26774,776.402341,804.087052,825.619605,846.536942,844.691295,851.458669,842.230432,813,779,788,791
891,886,864,847,846,853,852,860,872,853,841,856,868,918,NA
555.053586,524.97939,535.531739,535.004122,516.53751,518.64798,512.844188,505.457543,591.986809,646.331409,726.001648,719,716,699,720
1814,1745,1672,1606,1562,1469,1411,1353,1228,1095,1118,NA,NA,NA,NA
755,745,767,793,749,779,847,809,838,795,782,815,833,812,826
690,640,648,617,618,635,656,629,622,595,595,601,612,649,684
651,627,623,633,650,659,694,693,693,721,722,721,721,756,792
957.695045,937.292931,930.635992,942.218004,983.158257,1030.526668,1026.583209,1020.569343,1022.281627,1016.284765,1063.258466,NA,NA,NA,NA
375.290558,414.128943,453.169575,488.847516,516.080262,555.802876,547.317516,611.538434,701.1235,756.969376,806.987397,767,753,803,845
386.599831,428.847514,471.095198,509.319292,537.819713,579.732097,570.679022,640.08593,736.652063,797.005897,849.98315,843,875,929,993
901,847,844,867,863,802,747,715,690,698,658,615,612,626,624
520,514,510,524,539,500,498,527,525,555,533,538,543,542,544
521.479748,573.540954,631.675968,682.0018,755.755176,761.828983,806.081008,866.819082,915.409541,965.735374,985.69217,NA,NA,NA,NA
551,557,567,553,585,581,602,639,662,654,649,645,730,795,813
1012,987,974,904,928,943,980,1009,1058,1111,1179,NA,NA,NA,NA
969.407741,1026.242124,953.523853,934.230423,975.662467,967.109811,937.369037,926.842485,966.421243,975.127813,986.59766,963,988,968,963
577,568,562,568,593,586,604,587,608,655,681,721,719,750,786
620,572,590,596,593,602,588,626,637,651,645,663,659,664,657
661,722,716,727,733,741,742,774,773,820,814,882,857,851,865
540.854166,543.30787,478.159722,375.8125,362.944444,330.976852,429.916667,457.685185,454.016204,441.173611,447.694444,439,450,460,514
799,796,797,807,789,827,866,882,935,961,950,964,961,945,983
775,761,800,795,791,764,774,785,778,755,723,754,736,743,744
817,815,803,799,820,797,772,758,735,765,786,798,779,808,829
932.578635,905.741839,908.61721,932.578635,962.290801,957.498516,946.955489,936.412463,945.997032,977.626112,992.961424,958,965,992,992
819,792,780,803,784,780,799,840,789,809,807,811,826,825,846
773,758,724,721,730,692,679,652,644,628,638,619,610,614,594
793,764,752,717,724,716,700,715,690,682,678,670,653,647,641
734,739,763,776,748,748,734,740,744,744,726,714,704,694,680
847,821,838,861,842,856,858,879,860,864,861,826,836,834,828
977.623036,947.202094,947.967539,933.312042,928.57801,936.937173,915.249214,897.124607,876.53089,890.625131,869.98534,833,823,812,809
714,674,623,623,757,836,872,884,910,893,915,933,949,949,954
820,789,791,802,778,779,776,761,734,735,703,700,713,716,721
1054.749077,1030.870849,1019.369004,998.908979,1003.787208,976.581796,958.498155,964.954489,957.292743,963.790898,946.832718,968,938,936,952
809,801,789,808,800,800,779,777,750,764,767,778,749,763,773
710,696,690,692,689,666,668,672,683,678,686,694,708,692,695
361.312363,373.240673,399.405999,441.73226,485.597659,502.912948,516.380395,529.463058,528.308705,532.541331,526.769568,556,576,587,583
830,834,787,783,796,797,852,839,829,822,861,871,874,871,873
496.946414,470.02061,479.468261,478.995878,462.46249,464.35202,459.155812,452.542457,530.013191,578.668591,649.998352,756,847,871,934
848.876645,842.369668,841.418195,805.488367,778.785769,798.49611,825.371124,853.953232,897.243585,892.788535,902.439359,897,897,972,NA
1105,1099,1083,1036,1041,1114,1084,1147,1131,1098,1134,NA,NA,NA,NA
376.451923,360.432692,366.557692,398.596154,461.259615,467.384615,484.817308,510.259615,539.942308,538.057692,543.240384,549,617,689,709
884,850,867,862,827,872,889,872,917,878,889,894,904,881,883
300.606732,326.581488,368.608061,397.501329,416.179805,461.708592,503.443313,566.483171,602.380869,659.000001,688.476971,758,781,783,790
255.447299,277.519929,313.23295,337.785651,353.658105,392.34721,427.812223,481.381754,511.886626,560,585.048716,647,654,661,672
417.470177,456.829124,491.765717,578.886082,609.842557,627.531972,655.392799,697.405158,767.72058,819.462117,835.382589,805,818,876,876
599.621452,620.367283,673.904913,750.865255,812.433529,920.178009,1067.40649,1237.388464,1284.90311,1466.261831,1485.000001,NA,NA,NA,NA
914,965,937,921,905,947,951,1019,1028,1054,1051,NA,NA,NA,NA
902,864,876,862,864,832,834,833,814,866,837,870,875,857,860
935,899,863,826,856,827,896,802,740,688,706,687,736,748,785
800,763,807,916,952,961,967,958,945,948,933,901,871,822,821
894,855,848,848,834,827,829,800,755,710,687,642,665,653,666
516.430947,507.927693,502.825741,524.367317,507.360809,507.360809,553.27838,621.30441,653.616775,823.114967,858.828633,764,762,836,902
897.964286,899.785715,890.678572,848.785715,837.857143,800.517857,726.75,676.660714,640.232143,596.517857,607.446429,598,598,686,724
394.569053,388.072307,384.174259,400.632683,387.639191,387.639191,422.72162,474.69559,499.383225,628.885033,656.171367,819,916,974,NA
790.421365,787.258161,782.38279,768.421365,758.709199,728.501484,740.044511,723.587537,736.002968,721.373888,721.038576,718,731,713,714
1079,1072,1025,1027,1000,985,970,975,982,988,981,NA,NA,998,967
435.804795,426.25,424.126712,412.979452,484.109589,513.304795,531.883562,541.438356,619.469178,603.544521,601.952055,619,629,641,636
882,904,882,861,834,813,772,769,754,736,703,685,690,705,691
385.195205,376.75,374.873288,365.020548,427.890411,453.695205,470.116438,478.561644,547.530822,533.455479,532.047945,517,504,506,513
693,719,716,686,683,654,630,567,420,403,394,403,413,406,405
603,585,642,668,662,662,681,717,736,733,729,729,725,696,685
660.13089,705.193717,696.497382,732.863874,749.465968,739.188481,717.052356,736.026178,737.60733,761.324607,801.643979,855,885,910,927
1013,986,968,944,935,941,920,940,922,951,948,921,880,865,849
849,850,822,820,818,792,779,749,761,732,725,730,740,709,693
825.941003,836.292035,833.578171,855.356932,870.070796,842.539823,743.412979,740.129793,755.19469,757.064897,767,783,770,781,788
616,568,574,603,639,633,625,606,575,544,539,525,516,527,527
822,828,886,913,927,943,927,938,941,959,953,958,923,916,926
1003,955,891,835,772,728,700,711,698,811,853,894,883,882,917
1071,1046,1019,1004,970,970,988,966,929,962,979,951,931,924,928
987.574785,964.212216,937.297573,940.280345,1009.259985,1041.118246,1037.131559,1038.783086,1042.72827,1066.137823,1125.774472,NA,NA,NA,NA
979,968,973,977,962,914,905,897,925,950,993,999,NA,NA,NA
1014,993,955,959,959,966,1030,1075,1083,1041,1060,NA,NA,NA,NA
918,917,898,830,809,775,767,822,817,887,883,916,950,936,930
506.558011,505.948434,534.598526,612.014733,675.410681,756.484346,802.812154,854.626151,911.926335,995.438305,1057.005524,NA,NA,NA,NA
311.178637,310.804175,328.403929,375.960712,414.90485,464.708411,493.167588,524.996931,560.19644,611.497852,649.318601,708,712,628,628
463.489215,502.376266,566.070618,611.371765,641.006878,711.319201,775.039301,870.812259,926.077402,1013.063843,1058.824236,NA,NA,NA,NA
679,658,667,659,685,716,694,666,680,667,665,582,580,595,614
526.529823,576.170876,620.234283,730.113918,769.157443,791.468028,826.607201,879.594842,968.27942,1033.537883,1053.617411,NA,986,NA,NA
623,623,625,646,691,768,709,704,726,741,698,699,708,733,712
337.49106,351.849639,382.895268,424.902522,461.148829,514.883198,591.143465,679.94997,707.266107,800.874983,811.71017,NA,NA,NA,NA
738.51676,728.822626,720.009776,683.877095,695.333799,677.7081,662.726257,645.981843,631.881285,645.100559,653.913408,657,651,628,623
843,787,807,816,831,835,816,828,817,839,885,882,888,890,853
408.766847,407.797057,404.402789,443.194423,482.955848,521.262587,546.962045,595.451588,604.179706,619.69636,622.605732,619,632,621,620
738,696,690,720,726,742,757,778,767,748,768,734,733,751,782
765,719,702,742,767,776,792,832,853,843,849,817,852,843,842
740,669,640,634,625,623,649,650,644,654,666,689,691,688,665
883.769425,861.239781,836.692533,824.069809,824.890732,809.87591,803.589943,804.356282,746.852842,729.320669,725.66122,719,706,737,729
961,921,885,877,857,895,946,918,901,916,897,894,899,874,938
714,706,703,674,684,668,650,624,620,614,625,631,597,586,599
771,789,772,764,775,761,771,760,728,728,733,730,717,713,734
764,768,762,779,781,786,824,864,840,797,824,823,811,827,859
584,577,526,555,587,586,552,553,517,488,458,510,498,490,527
911.5461,861.198582,851.042553,860.177305,827.726951,770.975178,724.212766,720.021277,703.33688,679.258866,670.180851,696,693,798,857
504.864532,524.815271,592.980295,612.376847,616.256158,643.965517,670.012315,682.758621,672.783251,677.770936,673.337438,637,629,608,607
795,765,757,751,743,731,760,763,751,761,745,772,766,745,734
875,942,1010,1047,1006,1048,1088,1079,1068,1030,996,NA,NA,NA,989
874,848,867,881,838,869,827,799,788,775,770,786,812,825,820
1031,1053,1059,1032,1001,1015,1026,1002,964,986,1009,996,NA,NA,NA
892,860,862,876,871,878,863,873,864,877,893,885,882,889,910
776,794,767,745,761,759,755,763,767,778,784,793,766,788,805
491.463779,529.678865,506.572069,528.790142,519.01419,527.901419,511.460045,526.123973,531.011949,602.998507,632.326363,683,707,719,742
938,942,987,975,914,927,947,963,975,939,949,965,997,NA,985
957,897,896,927,932,932,929,952,967,990,1050,NA,999,NA,NA
230.215348,240.283868,257.427564,257.155442,320.015661,396.754111,475.94166,549.414643,611.730618,697.176976,723.028582,763,856,910,968
946.791168,958.133395,1008.192272,1047.924563,959.699172,980.032199,1003.715731,1000.115915,1033.899724,1040.874885,1051.425023,NA,NA,NA,NA
1014,1035,1050,1124,1055,1020,1035,1076,1278,1438,1455,NA,NA,NA,NA
1319,1395,1385,1327,1246,1219,1193,1191,1228,1484,1481,NA,NA,NA,NA
909,866,844,814,801,773,783,786,793,824,832,806,808,762,769
422.548077,404.567308,411.442308,447.403846,517.740385,524.615385,544.182692,572.740385,606.057692,603.942308,609.759616,653,669,684,690
576,584,562,578,612,661,676,746,793,809,822,869,891,936,945
611.04721,641.416309,544.549356,491.665236,484.858369,505.802575,512.609442,541.407725,580.678111,602.145922,626.755365,646,662,744,926
353.752363,368.313866,393.303267,416.561226,433.804071,483.784431,491.205528,525.587034,562.894806,606.442379,631.259118,724,743,786,879
1528,1709,1573,1664,1544,1533,1426,1348,1327,1298,1223,NA,NA,NA,NA
1468.080937,1315.488285,1368.347178,1454.118211,1348.400426,1420.208732,1499.99574,1516.950479,1672.535143,1793.212992,1859.037273,NA,NA,NA,NA
846,896,885,905,886,876,900,872,886,845,831,898,877,862,856
525.903226,542.903226,601.580645,654.774194,690.967742,741.967742,822.580645,884.548387,893.322581,900.451613,905.935484,919,956,980,NA
486.771702,497.985067,540.009455,574.315213,602.512355,637.695746,695.042974,738.422003,742.9841,750.014826,755.240439,799,834,824,846
693,699,694,653,672,623,628,645,664,691,661,659,632,611,632
755,698,659,661,649,647,649,647,641,655,641,629,608,596,618
837,831,806,808,815,785,819,814,840,814,784,797,811,819,850
763,746,737,768,748,722,754,756,771,776,782,750,746,753,761
603,557,585,578,573,565,577,570,576,563,573,590,590,586,562
686.310455,671.639508,645.672415,647.325345,616.607669,595.74976,634.962545,646.243397,628.404467,622.30313,621.999564,638,627,626,645
791,765,761,746,739,720,734,731,717,747,744,732,727,740,754
1099.266289,1119.974505,1078.628895,1042.144476,1007.252125,962.606233,943.660057,937.983003,926.915014,906.161473,918.892352,915,930,952,943
831.716249,798.869475,764.788401,764.746954,788.527714,768.516589,735.787234,753.334376,734.46773,706.834438,691.276887,771,756,729,716
781,767,774,770,791,797,789,797,840,852,834,853,881,895,905
932.240318,797.182721,714.721946,693.19861,657.272095,613.827209,565.617676,560.041708,515.272095,459.979146,435.748758,462,478,490,495
406.135468,422.184729,477.019705,492.623153,495.743842,518.034483,538.987685,549.241379,541.216749,545.229064,541.662562,549,549,557,554
552.716243,517.252446,484.383562,497.358121,504.277887,470.544031,467.949119,469.679061,435.945206,440.270059,404.806262,337,301,261,264
876.942017,859.038285,847.360022,808.256796,809.684514,787.734791,762.991044,766.259871,738.865325,729.813755,714.688428,729,738,728,719
854.759682,853.817279,846.278054,886.80139,920.727905,946.172791,926.382324,916.958292,920.727905,965.020854,961.251242,942,946,922,921
900,879,897,859,858,863,854,895,860,837,893,907,921,909,915
676,692,689,664,690,732,754,760,812,836,881,903,897,935,936
262.677369,274.165623,293.726703,293.41621,365.140173,452.699296,543.052859,626.886062,697.989037,795.483947,824.980815,823,834,854,826
338.532498,353.338293,378.54816,378.148003,470.584182,583.428348,699.873923,807.91621,899.552075,1025.201253,1063.216131,NA,NA,NA,NA
1020,1022,997,987,952,931,947,984,985,1007,996,988,962,947,956
798,777,788,795,792,815,812,817,858,841,821,844,857,838,840
452.657942,480.505415,511.629061,537.292419,537.838448,575.514441,562.409747,588.073105,585.34296,597.901625,607.730145,636,645,651,644
790,779,770,797,809,806,841,901,929,964,963,975,940,966,NA
647,619,614,599,619,642,664,677,737,820,836,879,920,961,NA
521.610478,546.198177,546.198177,578.396355,586.592255,644.548975,638.69476,706.603644,742.899772,758.70615,731.191344,804,890,920,945
555.95279,583.583691,495.450644,447.334764,441.141631,460.197425,466.390558,492.592275,528.321889,547.854078,570.244635,596,629,632,659
494.247297,476.19827,485.449892,500.583273,515.00721,509.983418,483.574622,484.008652,507.152127,527.005047,505.37491,541,540,546,577
772,730,752,719,713,709,684,658,701,784,787,823,888,904,935
935,911,971,1043,1045,1075,1095,1063,1111,1155,1149,NA,NA,NA,NA
466.621632,485.008858,515.034449,543.494042,566.085662,630.43659,635.768364,677.010542,724.654663,779.234696,810.463948,780,803,785,786
962,885,923,956,939,975,1016,1047,1078,1056,1056,NA,NA,978,970
983,941,939,957,977,997,1019,1028,1040,899,783,696,677,671,765
789,873,894,903,908,935,942,969,983,1011,977,979,993,947,926
866.808312,890.289082,889.400124,876.033498,858.186104,895.628411,898.650123,916.047766,928.812034,938.433002,948.910669,NA,NA,NA,NA
754,742,740,725,735,720,708,726,705,717,718,724,733,734,747
801,821,819,804,810,786,758,766,822,783,828,796,806,845,868
719,717,709,675,675,688,693,685,690,695,704,720,703,702,701
1017,1011,991,982,971,1027,997,1020,1035,1031,1073,NA,NA,NA,NA
939,934,936,960,923,954,948,948,937,932,961,943,929,911,917
731,743,753,749,786,806,793,819,839,841,849,844,834,828,846
388.038704,388.704905,399.89866,414.008254,451.013696,476.124705,526.539916,547.129428,552.877896,558.28956,552.25358,550,536,539,518
930,926,928,928,948,950,972,958,1016,1014,985,NA,NA,999,979
764,769,777,763,720,737,737,754,757,763,770,833,817,769,746
616.79832,573.67563,560.688606,559.407858,571.796512,590.071975,608.916947,635.818357,645.744294,619.066052,620.231354,621,610,629,651
955.268102,937.299413,934.547945,935.634051,925.213307,903.389432,865.172211,836.317025,827.493151,811.855186,810.886497,780,780,785,806
146.93959,158.983819,166.210356,179.130528,212.416397,252.709816,291.032362,338.990291,377.312837,408.408845,433.811218,424,449,440,422
886.999744,805.756135,786.706853,771.491054,779.780064,756.075004,785.695069,813.15181,819.168272,804.945035,775.825394,842,824,919,930
702,700,666,652,644,628,627,625,611,627,630,616,642,636,605
1060,1036,1019,1053,1026,1004,1013,1023,1034,1036,1046,NA,NA,NA,NA
782,815,805,819,820,792,822,829,847,834,857,861,874,858,870
1002,982,989,976,944,950,974,968,981,1006,1029,NA,NA,NA,NA
911.645704,901.163862,887.302037,889.821966,871.787422,923.998228,959.549158,969.930912,992.998228,991.138175,992.174491,NA,NA,999,987
1025,984,974,1021,984,1001,1039,1029,1055,1041,1016,988,NA,968,997
521.264332,543.398768,565.936503,587.938176,590.406072,618.630829,612.280007,633.290983,638.156556,646.384208,653.060341,675,681,690,672
807.470678,800.180309,775.052138,797.096223,807.154272,781.266669,800.992475,797.404226,836.028894,832.200155,822.450109,817,836,837,870
863,787,813,849,875,876,977,943,1017,1096,1104,NA,NA,NA,NA
764,764,696,703,674,698,688,680,697,683,653,675,637,677,732
766.264949,820.99816,874.23183,772.263109,734.024839,704.034038,723.528059,741.522539,788.008279,803.75345,817.24931,NA,NA,NA,NA
757,723,736,786,791,764,775,763,833,829,820,875,899,894,876
1000.843195,954.547337,1006.430473,1028,976.995562,1020.860947,1045.152367,1033.286982,1044.860947,1050.143491,1049.170118,NA,NA,NA,NA
919,841,868,916,894,891,853,889,948,969,974,NA,NA,NA,NA
369.389522,386.801823,386.801823,409.603645,415.407745,456.451025,452.30524,500.396356,526.100228,537.29385,517.808656,516,550,551,590
802,851,815,839,846,841,903,861,877,779,675,704,497,242,224
679,643,648,633,613,604,638,664,656,686,705,721,697,700,717
714,666,651,688,740,802,804,805,788,595,356,0,0,0,0
933.017878,959.760429,939.951132,871.609058,878.542312,829.01907,812.181168,816.143027,800.29559,820.104887,811.190703,749,753,780,822
919,894,914,895,888,940,961,977,975,985,1004,NA,NA,975,980
975.45283,1074.327044,1053.490566,1067.220126,1022.352201,1049.377358,1038.433962,1055.842767,1023.886792,1136.880503,1198.918239,NA,NA,NA,NA
1727,1724,2053,2111,2168,2237,2091,2089,2252,2483,2408,NA,NA,NA,NA
808,837,801,784,800,794,783,780,761,763,757,754,761,734,745
912.883249,908.944163,885.309645,849.857868,787.817259,767.137056,761.228427,761.228427,780.923858,777.969543,753.350254,740,742,744,717
1148.57461,1160.85898,1207.061329,1409.507433,1361.478146,1339.563054,1406.581864,1456.700447,1419.896538,1435.484976,1198.246369,NA,NA,NA,NA
747,737,715,697,715,729,702,685,703,716,697,774,835,956,NA
931.116751,924.055837,917.690355,898.142132,895.182741,858.862944,872.771573,867.771573,910.076142,883.030457,884.649746,871,894,872,847
993.275117,971.534934,921.711086,896.098748,915.474493,903.40053,964.49635,980.235772,1053.538039,1019.157736,1039.634888,NA,NA,NA,NA
515.692038,512.144129,507.136032,509.421952,520.477463,526.095546,576.460729,590.08592,587.465767,585.977418,588.874404,570,563,605,675
661,636,609,597,635,594,574,567,548,543,534,576,622,666,678
483.45679,450.864198,440.679013,454.259259,480.740741,511.975309,533.024692,577.839506,573.765432,592.098766,602.962963,604,568,581,597
434.233153,433.202943,429.597211,470.805577,513.044152,553.737413,581.037955,632.548412,641.820294,658.30364,661.394268,699,711,719,709
1670.495685,1604.355987,1573.872168,1526.795037,1449.172599,1449.050701,1389.788025,1213.213592,1081.950916,994.17206,954.986515,826,775,756,766
775,778,740,702,701,689,719,707,729,713,701,681,714,732,722
1054,1019,993,1008,1005,993,1023,1025,1040,1086,1124,NA,NA,NA,NA
1026,988,971,995,978,1006,1009,1036,1069,1071,1100,NA,NA,NA,NA
789,778,770,787,803,764,783,797,793,804,801,818,819,840,844
1089,1073,1074,1052,1063,1045,1065,1065,1081,1112,1109,NA,NA,NA,NA
515.674286,499.414286,471.54,517.997143,497.091428,487.025714,484.702857,498.64,520.32,545.097143,546.645714,542,531,548,546
988,952,907,882,867,895,895,901,926,953,960,941,913,956,948
726,732,758,723,765,789,815,787,833,888,888,878,893,885,951
768,747,695,673,686,693,702,646,706,717,725,794,757,750,792
760,731,714,700,696,704,752,778,849,904,921,951,956,974,NA
937.216447,922.471645,915.099244,930.765596,904.962193,924.314745,937.216447,947.353498,953.804348,969.4707,995.274103,992,NA,NA,NA
559,519,522,548,537,512,522,520,515,507,529,566,564,568,584
586,618,613,623,600,599,618,623,633,739,673,731,724,729,760
560.156805,546.452663,581.569527,579,573.004438,584.139053,591.847633,580.713018,584.139053,579.856509,615.829882,621,661,646,685
884.783553,855.528355,871.900756,858.234404,875.037807,861.685255,887.783553,883.646502,891.195652,877.5293,877.725897,881,847,886,899
1030,1022,1009,1005,931,912,924,941,1003,1077,1045,NA,NA,NA,NA
424.221374,378.347328,376.076336,373.351145,335.652672,381.072519,416.954198,455.10687,458.740458,481.450381,473.729007,488,486,505,513
979,865,873,902,870,861,842,865,870,888,849,921,939,941,NA
667,614,643,648,648,655,667,682,697,681,702,746,787,816,820
1006.666666,978.214285,928.369047,929.738095,937.904762,957.297619,946.095238,936.059524,925.47619,967.595238,1003.654762,NA,NA,NA,994
737.949686,720.926625,743.056604,706.457023,724.331237,727.735849,735.396227,790.721174,796.679245,795.828092,800.935011,807,824,854,850
448.284351,399.808206,397.408397,394.528626,354.691794,402.687977,440.604962,480.921756,484.76145,508.759542,500.600191,261,266,331,372
389.634932,417.695061,397.652112,395.246958,398.45383,428.919113,477.42305,507.487474,535.547603,563.607732,584.853258,669,709,771,798
815.145564,784.547343,780.082913,753.445377,773.84419,742.792896,757.957508,765.704497,776.179627,785.74861,809.328639,782,816,815,799
991,994,994,948,853,788,786,743,688,752,810,808,826,826,817
459.273355,447.993197,444.525195,444.014083,451.534188,443.612509,475.664113,478.876584,493.077129,513.994633,529.144334,523,520,510,511
582.365068,624.304939,594.347888,590.753042,595.54617,641.080887,713.57695,758.512526,800.452397,842.392268,874.146742,811,813,816,805
917.708362,906.080718,910.708448,888.167449,904.171326,899.937079,909.808208,1011.180618,1051.146546,1032.945343,1025.854336,NA,NA,NA,NA
720.051398,722.507665,704.147881,710.624888,701.788098,692.214608,673.184852,666.109108,645.397656,636.02074,639.669072,623,612,591,612
563,527,547,542,550,552,566,566,564,528,507,507,486,496,488
736.076339,688.488685,675.33752,670.072192,663.467377,726.449625,839.318798,941.657315,980.668037,1062.420866,1111.495162,NA,NA,NA,NA
506.463879,495.513308,460.836502,476.34981,501.901141,491.863118,495.513308,481.825095,475.437263,479.087453,478.174905,486,518,520,519
664,573,572,602,678,694,741,752,803,742,529,486,453,451,599
902,896,879,856,855,834,846,905,964,981,977,951,971,978,977
689,690,687,683,669,663,655,664,679,714,730,693,697,690,690
926,929,926,902,876,866,858,880,885,880,874,864,849,857,859
506.582278,515.300632,501.075949,511.629746,520.348101,544.20886,536.867088,554.303797,566.234177,579.999999,564.857594,574,589,592,612
949,917,894,895,889,951,932,952,970,1007,1009,977,988,NA,970
1004,970,945,946,956,978,978,992,992,1033,1083,NA,NA,NA,990
780,731,719,700,717,710,745,758,789,786,829,832,841,868,873
812,762,774,801,776,771,739,772,792,821,831,861,833,841,837
543,526,535,504,500,498,492,511,529,538,524,532,549,543,556
750,695,693,681,721,717,744,753,772,780,770,776,769,763,771
978,929,936,916,909,935,955,987,995,1043,1075,NA,NA,NA,NA
772,769,774,772,810,831,838,833,827,824,806,833,813,833,833
906.784124,878.061872,850.73102,798.995004,757.341872,707.454954,611.729663,562.956725,493.3796,410.471541,327.588754,313,315,314,317
715.338624,711.603175,659.306878,615.415344,621.952381,622.886243,663.976191,667.71164,682.653439,715.338624,678.91799,692,695,699,695
493,474,481,485,486,487,491,452,499,523,488,526,495,524,549
713,718,710,703,695,741,726,718,708,756,744,735,756,767,806
725,671,684,676,673,645,635,646,663,670,658,674,668,686,675
746,719,749,746,742,715,691,784,790,794,850,829,813,828,819
1127.283788,1221.733387,1230.05602,1223.233548,1087.477849,1020.904174,958.944142,907.319583,893.361798,768.94045,669.176084,814,842,309,307
998.987421,992.064989,1008.264151,974.280922,968.249476,964.433962,960.849056,966.84696,929.169811,913.123689,900.400419,902,937,963,NA
634,585,590,566,546,557,549,518,549,548,639,671,737,757,771
713,704,701,694,691,708,688,680,648,643,646,643,645,623,634
473.735475,468.225134,447.694844,450.326252,476.391906,449.338569,461.352055,467.164186,456.8303,467.823544,469.286375,465,478,453,452
664,632,628,616,636,617,644,605,624,626,632,599,604,569,581
860.28764,835.980898,783.801123,741.623595,569.807865,553.810112,528.341573,594.108988,569.638202,475.05955,403.538202,0,0,0,0
722.610063,763.681342,784.18868,733.041929,722.067086,720.45283,710.320755,719.589099,699.264151,683.167715,698.746332,728,743,773,821
516.791468,517.991611,531.053506,522.808516,505.338013,529.468933,529.129127,544.35666,550.42452,544.481268,550.750183,585,595,635,686
1556,1407,1318,1218,914,666,573,534,503,482,505,501,480,598,781
625.333334,607.785715,592.630953,582.261905,571.095238,568.702381,567.904762,555.940476,561.52381,534.404762,554.345238,553,535,542,569
725,690,661,657,670,649,655,634,637,628,631,604,595,579,568
704,693,701,676,677,671,672,677,679,662,673,674,673,669,688
236.333873,255.705502,267.328479,288.108954,341.645092,406.451996,468.088997,545.223301,606.860303,656.874326,697.730853,826,NA,NA,NA
637,695,711,710,722,712,738,813,846,872,894,872,884,874,868
806.058997,796.707965,786.421829,797.643068,807.929204,771.460177,697.587021,635.870207,636.80531,634.935103,634,649,632,625,623
854,820,808,801,884,935,952,974,988,1060,1039,NA,NA,NA,NA
783,783,781,775,767,775,768,741,736,733,725,723,735,705,721
568.01691,561.614143,529.142967,534.631053,567.559569,600.488086,621.525749,615.580322,600.945426,598.658724,586.76787,584,592,579,569
699,697,690,681,691,696,699,694,705,704,692,701,704,711,718
597.417722,607.699368,590.924051,603.370254,613.651899,641.79114,633.132912,653.696203,667.765823,684.000001,666.142406,694,699,718,722
940.354296,954.836138,958.697963,1001.178034,1000.212578,1062.001772,1049.450842,1088.069088,1062.001772,1093.861825,1122.825509,NA,NA,NA,NA
967,940,975,952,960,989,981,1017,1033,1044,1015,NA,NA,NA,NA
809,786,790,813,766,754,709,709,723,733,767,783,782,792,794
865.094737,833.094737,836.207894,879.132894,865.226316,886.397368,899.963158,939.094737,952.264473,967.282894,937.848684,917,940,944,986
703,680,675,696,677,680,684,699,704,732,737,842,904,953,NA
1107.986261,1408.676686,1195.943324,1205.489052,1324.810649,1427.086304,1433.222843,1398.449121,1394.358094,1577.772435,1602.318593,NA,NA,NA,NA
752,739,691,680,687,706,715,732,743,774,786,813,819,822,826
1060.279518,1051.983683,1001.778016,1054.832116,1076.508372,1099.08802,1102.122799,1089.925718,1167.902532,1258.942034,1285.08115,NA,NA,NA,NA
816,767,751,698,694,730,748,731,720,706,706,712,744,749,782
725.877251,695.334953,723.962102,716.589652,712.705747,693.658803,717.294146,698.331634,687.966961,652.189834,626.493256,624,611,589,580
940,995,932,974,981,1025,1027,1046,1044,1030,1039,NA,NA,NA,NA
773,751,739,750,778,778,786,767,806,796,802,817,801,790,804
913,919,913,874,890,893,893,915,931,922,906,923,929,917,924
530.702807,539.852855,555.461762,546.311713,532.317521,552.770571,546.311713,557.614714,564.073572,553.308809,561.920619,540,568,594,579
720.734953,700.277719,664.598733,638.894404,639.067582,619.106653,634.626188,527.429779,517.517424,523.110877,534.542767,573,592,679,715
865,888,889,846,860,861,900,871,865,834,847,844,834,830,840
732.53578,715.023853,683.299083,672.866055,678.913762,650.299083,649.566973,641.511927,651.866055,623.133945,613.322936,612,581,680,702
839.428572,808.285714,770.142857,772.142857,757.714286,730.285714,686.714286,831.571429,820,773,792.285714,774,790,884,NA
703,717,691,670,674,645,628,628,634,633,640,617,607,592,559
740,722,764,761,793,844,879,906,918,975,1001,NA,NA,NA,989
518,528,527,533,544,543,543,560,559,557,554,558,558,566,581
630,681,684,695,686,653,670,696,669,672,675,711,731,736,735
803,780,762,778,807,827,819,853,877,860,859,894,887,877,855
673.98309,666.385857,627.857033,634.368947,673.440431,712.511914,737.474251,730.419678,713.054574,710.341276,696.23213,702,700,678,666
552,555,519,525,556,531,540,544,551,538,563,572,558,554,535
1103,1121,1136,1117,1094,1095,1113,1119,1095,1109,1106,NA,NA,NA,NA
629,637,628,634,644,636,674,658,675,703,716,717,751,759,798
854,808,854,848,884,863,826,821,839,834,812,894,890,927,915
878,855,854,890,897,899,936,972,977,1047,1047,NA,NA,NA,NA
701.905263,701.905263,703.792106,685.867106,720.773684,673.602632,683.036842,701.905263,704.735527,721.717106,731.151316,715,740,731,747
551,575,590,650,684,669,663,662,672,665,734,737,716,726,740
817,825,749,709,717,705,686,671,693,702,697,707,727,727,703
309.43078,374.555166,399.381589,418.45116,416.652144,425.647225,428.885454,460.548138,466.30499,512.719607,508.042165,544,563,553,665
1036.998591,1057.10845,954.807042,940.821127,911.739436,914.574648,986.615493,1024.739436,1029.739436,989.657746,974.849296,986,NA,993,995
675,633,655,708,745,801,891,957,949,977,974,988,NA,NA,NA
610,621,663,720,779,792,828,871,856,830,832,799,836,836,822
541.001409,552.89155,551.192958,568.178873,590.260564,572.425352,561.384507,590.260564,590.260564,612.342254,602.150704,604,612,633,657
871.904632,884.871935,872.839237,852.002725,874.495913,844.972752,837.217984,835.051771,803.754769,815.378747,892.574932,877,871,915,961
867,891,899,911,887,878,862,853,850,868,825,810,815,777,796
721,676,676,678,670,650,646,639,621,620,634,641,651,644,634
970.62868,994.79772,992.864197,958.060778,945.492877,933.891737,955.160493,974.495726,1025.734093,1023.800569,1035.401709,NA,NA,NA,NA
725,719,729,702,702,700,707,695,684,681,689,683,685,688,663
1017.095368,1015.128065,1013.160763,1022.997275,992.504087,961.027248,975.782016,1025.948229,1068.245231,1045.621253,1057.425068,NA,977,950,965
492.265047,480.722281,481.401267,465.105596,473.932418,526.893347,553.373812,582.570221,614.482576,636.889123,631.457233,618,629,633,642
421.185809,453.260658,444.808275,451.308989,455.27823,499.216895,575.45681,634.451526,668.838262,710.851899,732.592394,719,718,696,676
536.607904,531.989825,542.414696,538.658751,536.406746,556.24195,606.021533,622.31023,641.076466,646.146081,651.025424,657,618,606,616
778,769,771,776,727,750,743,738,770,779,760,761,726,743,735
763,763,757,767,774,746,777,797,803,801,820,784,778,796,766
763.041291,755.082581,775.974194,784.927742,754.087742,766.025807,759.061936,776.969033,770.005162,771,781.943226,769,792,781,791
750,740,763,759,742,735,762,768,777,797,791,788,809,824,788
504.934387,590.456917,658.992095,668.950198,657.820553,670.70751,693.552569,697.652964,721.083794,745.686166,732.213439,768,812,811,810
775,756,740,769,780,805,870,946,947,1060,1100,NA,NA,NA,NA
1042,1039,1030,1009,1000,983,999,1051,1048,1082,1092,NA,NA,NA,NA
913,890,841,813,817,814,836,820,844,885,896,901,901,890,876
1005,1005,1014,1018,1016,992,1002,992,988,1020,1005,NA,996,999,985
720.950483,698.812802,660.440821,658.964976,636.089372,638.30314,636.827294,640.516908,625.020531,609.524154,616.165459,597,642,680,713
773,786,790,817,829,823,804,810,813,781,772,812,801,811,786
963.652211,990.628595,966.815371,965.941605,975.519536,980.872047,951.953198,945.493344,992.439244,994.864748,1017.189351,NA,NA,NA,NA
496.08201,630.711036,535.46329,539.737227,593.161443,638.953629,641.70116,626.131817,624.30013,706.420782,717.410907,715,752,790,803
729.395498,814.018006,853.803215,859.486817,838.015434,900.535048,911.902251,925.163987,934.005145,982.631511,959.897106,950,937,946,929
993,962,937,942,943,946,914,938,936,916,887,894,885,899,904
964,948,964,961,902,904,911,927,927,934,938,934,926,922,921
807,833,822,814,795,813,812,783,779,767,760,778,771,807,846
1103,1073,1055,1038,1007,1004,986,1012,1003,974,980,965,965,965,936
605,620,618,615,612,635,642,629,616,621,627,623,610,645,642
914.37132,933.20228,913.135803,859.939222,827.507123,758.108263,773.839507,787.504274,850.265907,863.199431,864.598291,889,904,940,980
1087,1081,1090,1077,1062,1076,1053,1062,1044,1028,1020,NA,NA,NA,NA
728,715,715,715,716,698,684,699,673,740,733,697,645,653,669
763,773,772,767,759,751,732,722,730,742,744,739,727,717,703
564,581,562,563,562,556,548,533,517,536,519,496,508,529,532
820,828,874,891,928,890,908,902,894,864,856,848,828,826,846
918,887,879,860,842,837,807,805,814,812,775,764,744,750,752
910.534629,892.907168,888.07467,877.791915,886.99243,891.167266,940.454358,929.901147,956.34276,961.097563,940.416143,938,937,929,922
873.718669,879.235312,900.305277,906.886185,893.564297,896.505556,891.434824,891.286187,862.83402,860.018531,870.296258,866,845,853,832
814,821,825,832,779,801,787,822,840,855,859,841,830,841,812
590.958709,580.917419,581.025806,579.072258,590.912258,561.974193,559.938064,559.030967,545.994838,534,539.056774,558,565,552,555
752,737,737,713,671,668,697,712,726,746,722,715,612,610,645
716,714,698,684,676,672,721,699,699,723,728,727,750,778,804
776.738155,724.892768,726.778055,690.014963,707.925187,728.663342,720.179551,746.573566,753.17207,747.51621,756,754,744,761,820
544,566,554,521,525,536,546,535,549,558,587,570,569,572,592
965,924,929,926,921,896,908,891,910,922,917,916,905,911,913
979,942,946,945,927,923,934,960,987,1030,1035,NA,NA,NA,NA
752,752,756,731,731,751,730,720,726,777,818,843,840,847,846
905.70883,888.472553,901.656324,893.656324,887.973747,849.393794,850.210024,859.396181,865.763723,842.894988,839.527446,881,881,884,898
613,642,648,633,643,663,661,705,796,878,925,937,933,958,948
550.56922,666.444834,710.618411,744.54884,741.347856,757.352775,763.114546,819.451862,829.69501,912.280393,903.957835,902,876,866,884
967,976,992,962,955,953,957,968,958,956,928,929,929,920,949
779,750,714,709,748,738,726,726,734,716,692,702,716,723,713
726,673,657,663,674,716,663,662,678,663,665,673,678,661,645
942,856,848,821,824,829,834,814,821,829,793,787,821,820,812
910,928,974,952,936,966,944,951,944,953,945,NA,986,NA,999
1010.470232,1095.168517,1117.820383,1084.335015,1031.152371,1058.728557,1065.622603,1052.819374,1015.394551,980.924319,999.636731,NA,NA,NA,NA
929,884,883,876,856,839,817,790,743,662,639,625,605,576,569
432.415654,466.869096,457.881241,464.871795,468.866397,515.802969,596.194332,658.110661,694.062078,738.502024,761.470985,814,852,877,888
895,895,869,875,848,847,844,840,824,825,805,815,817,810,806
687,701,686,673,692,670,655,651,645,677,675,667,667,684,669
833,826,842,833,801,788,773,767,770,790,784,797,788,770,773
608,600,563,560,580,564,550,532,547,546,556,551,549,537,528
601,598,617,591,614,608,598,636,657,637,620,535,538,530,532
784,736,750,757,763,793,820,843,862,878,899,863,803,867,937
687,673,675,682,667,672,653,629,647,686,710,705,683,677,701
469.571741,516.809489,550.884272,588.084864,589.174639,616.728152,603.613852,601.385635,661.491125,698.941256,766.282118,737,726,748,717
699,687,763,798,819,824,847,840,864,882,867,849,843,841,852
899,928,924,936,928,921,935,948,934,942,955,935,939,944,948
761,753,757,755,749,735,733,754,757,765,783,735,750,758,798
1380,1370,1336,1356,1293,1205,1147,1033,988,943,953,977,NA,996,NA
1231,1523,1631,1660,1521,1485,1474,1421,1447,1615,1606,NA,NA,NA,NA
859,828,824,825,801,754,764,798,814,830,842,882,883,862,870
425.604502,474.981994,498.196785,501.513183,488.984566,525.464952,532.097749,539.836013,544.994855,573.368489,560.102894,565,575,598,600
578,592,609,575,662,717,818,860,874,933,990,NA,NA,NA,NA
713.263114,661.57377,685.372131,679.195901,682.431147,650.111475,648.816393,659.496721,656.210655,653.033606,676.066393,671,685,675,627
876.218153,822.788216,786.676751,768.254777,768.119426,737.183121,744.207006,756.039809,772.111465,722.191083,738.920382,725,752,653,537
744,715,720,711,714,708,684,679,686,693,669,664,674,635,587
561,560,571,581,577,552,546,546,552,548,563,580,573,565,546
1068,1069,1095,1056,1056,1022,1029,1044,1036,1035,1043,NA,NA,NA,NA
887.697886,874.789527,890.676738,895.641491,925.43001,929.401813,939.33132,985.00705,955.21853,988.978852,1011.816717,996,994,984,NA
958,961,959,976,980,967,951,951,915,937,922,934,924,900,851
1025,1007,1036,1035,1006,1012,1006,1016,1028,1029,1038,NA,NA,NA,NA
658,641,638,649,641,649,640,633,612,621,615,611,597,599,589
348.690104,390.297743,418.337673,450.900173,450.900173,472.608506,462.206597,459.040798,508.336805,539.542534,594.717881,643,721,749,770
784,774,776,777,789,773,766,788,823,813,837,819,805,827,810
822,847,890,887,891,926,916,944,958,945,939,955,962,994,958
1097,1102,1105,1110,1078,1105,1090,1054,1040,1037,1039,NA,NA,989,942
673.151753,666.479193,637.99797,633.849899,623.029563,625.580146,624.768651,617.322999,616.7692,627.151834,623.892952,631,631,648,652
540,537,523,525,554,545,529,531,515,510,511,509,511,505,492
1158,1016,952,938,896,865,822,832,809,791,787,821,812,781,750
932.217665,933.154574,914.050473,911.104101,894.990536,928.990536,970.971609,942.974763,957.933754,965.949527,944.880126,923,957,941,934
774.781847,721.211784,707.323249,654.745223,637.880574,645.816879,648.792994,627.960191,636.888535,646.808917,613.079618,615,614,585,571
603.138799,601.867695,622.205357,619.663149,612.036526,645.085227,713.089286,745.502435,767.746753,774.737825,791.262175,820,851,856,869
1005.302114,1016.210473,976.323262,969.358509,968.56999,977.598187,962.66868,972.99295,955.78147,934.021148,928.183283,912,918,920,913
1084,1055,1061,1061,1046,1042,1051,1065,1049,1035,1062,NA,NA,NA,NA
939,937,924,944,933,976,980,975,995,1006,1016,NA,NA,NA,NA
1163,1362,1211,1197,1161,1195,1169,1097,1083,1112,1126,NA,NA,936,893
1058,1037,1045,1051,998,1014,980,974,975,968,965,983,NA,NA,993
1035,987,1001,982,948,967,968,962,928,920,899,907,906,902,880
620,641,645,635,654,647,667,758,744,733,747,733,776,789,787
842.29117,833.527447,840.343676,840.343676,815.026253,830.606206,823.789976,793.603819,807.236277,812.105012,798.472554,793,756,749,785
475.647541,497.704918,494.311475,474.516393,478.475409,506.754098,585.934426,614.213114,643.057376,690.565573,758.434426,677,684,673,703
899,832,775,829,865,1035,1035,1088,1067,1075,1063,NA,NA,NA,NA
704,713,726,708,695,691,702,662,657,658,652,669,674,648,632
878,843,815,788,768,774,794,821,839,851,875,880,810,743,739
437.825267,570.044276,664.871637,682.489143,681.214565,675.868945,691.025436,677.661176,697.070489,714.352968,697.22162,681,689,678,662
911,843,856,864,918,873,908,897,865,919,854,788,773,786,744
762,764,735,701,667,638,609,583,575,578,581,562,592,583,569
626.069066,622.61965,593.299611,582.951362,578.35214,581.801557,582.376459,572.02821,574.902724,587.550584,589.275292,594,597,593,597
969.049517,890.187198,806.559179,719.035024,672.910628,618.69686,601.172706,588.483092,588.979469,573.475846,580.834541,581,686,837,891
806.561515,790.746583,764.651946,778.094638,749.627761,749.627761,744.883281,745.674028,735.394322,739.348055,721.95163,728,735,722,753
993,979,993,979,968,959,961,874,911,928,942,NA,NA,NA,NA
770,776,774,737,754,844,840,837,832,842,875,871,874,892,913
754.265835,749.048944,744.141074,748.701535,770.056621,720.309021,745.336852,741.879078,812.832053,838.644913,843.869481,860,848,835,838
858.908898,868.90678,917.987288,899.809322,850.728813,839.822034,851.637712,833.459746,827.097458,848.002119,858.908898,824,817,815,807
597,577,574,569,583,570,582,562,556,547,550,529,531,531,549
745,745,733,742,745,761,735,758,777,787,787,770,779,775,768
964,965,969,962,923,904,891,911,896,880,863,834,831,843,826
337.089344,352.721311,350.316393,336.287705,339.093443,359.134426,415.24918,435.290164,455.731967,489.40082,537.49918,733,815,839,862
798,642,602,586,601,575,578,606,629,684,693,692,687,786,789
940,953,943,934,906,878,863,851,834,801,809,782,824,815,825
759.373311,747.856419,735.310811,725.866554,702.153716,749.344594,735.631757,747.22973,747.143581,739.913851,736.028716,708,665,665,677
587.626689,570.143581,551.689189,638.133446,647.846284,586.655406,596.368243,582.77027,579.856419,572.086149,575.971284,598,577,553,568
1127,1121,1109,1105,1095,1089,1068,1048,1051,1043,1030,NA,NA,NA,NA
745,748,748,751,744,736,743,778,802,797,779,784,796,799,806
357.065613,417.543083,466.007905,473.049802,465.179447,474.29249,490.447431,493.347036,509.916206,527.313834,517.786561,521,515,505,506
775,737,710,680,680,706,710,695,747,757,736,731,740,722,703
824,802,742,751,784,806,804,816,832,822,784,814,811,772,794
962,948,943,931,937,928,911,970,976,987,999,NA,993,981,958
584,576,600,609,599,615,668,659,644,670,666,690,634,657,655
901,868,840,825,838,732,671,634,633,621,612,616,616,598,604
