"code","V1","V2","V3","V4","V5","V6","V7","V8","V9","V10","V11"
"E01009510",136,109,133,146,139,125,122,88,71,81,52
"E01009511",159,230,158,134,135,142,123,97,71,54,88
"E01009493",88,71,74,120,96,111,76,49,75,87,85
"E01009486",141,136,115,119,97,100,71,94,75,81,85
"E01009487",106,125,103,91,97,85,108,87,51,49,71
"E01009488",156,141,129,100,131,133,94,67,76,72,67
"E01009489",91,93,75,88,91,91,77,87,91,56,60
"E01009490",209,190,223,157,204,181,180,98,135,83,79
"E01009491",137,136,75,86,74,66,79,68,55,44,61
"E01009492",105,109,88,115,112,118,88,89,67,101,72
"E01009494",101,93,81,76,63,84,75,55,52,65,59
"E01009495",97,97,118,131,112,104,80,50,41,49,47
"E01009496",96,87,91,64,60,65,55,36,53,65,38
"E01009497",216,195,181,211,162,134,99,123,126,103,131
"E01009498",141,137,99,107,66,107,97,101,75,76,73
"E01009499",128,114,214,208,239,210,166,154,159,134,134
"E01009500",131,113,109,150,145,225,151,123,88,74,85
"E01009501",167,164,182,176,166,194,195,196,173,149,112
"E01009502",113,95,123,120,151,112,123,104,76,76,78
"E01009503",108,159,150,135,106,166,143,67,55,61,36
"E01009504",56,55,51,93,63,81,52,70,57,70,50
"E01009505",139,125,84,146,80,103,86,67,71,69,61
"E01009506",44,73,39,38,37,49,41,37,33,71,60
"E01009507",162,137,230,157,133,89,112,82,84,97,54
"E01009508",117,91,95,71,85,82,65,63,41,71,43
"E01009509",250,198,238,193,182,165,195,122,143,150,127
"E01009066",146,109,107,83,87,74,83,88,61,74,66
"E01009067",84,73,47,47,40,38,58,34,26,51,53
"E01009068",383,305,285,209,221,210,216,185,156,178,177
"E01009069",287,232,256,150,179,130,181,163,127,136,116
"E01009070",78,50,58,39,43,67,56,51,46,52,41
"E01009071",213,132,148,103,102,89,78,73,46,75,67
"E01009072",137,121,94,72,92,62,79,70,54,61,77
"E01009073",120,111,110,119,84,139,124,111,68,75,59
"E01009074",144,135,147,108,128,156,104,94,45,82,60
"E01009075",100,68,78,59,64,71,70,49,48,60,64
"E01009077",83,99,51,54,73,80,65,44,57,63,65
"E01009078",158,159,96,114,130,131,119,118,119,77,76
"E01009079",204,153,202,191,154,133,157,104,75,105,102
"E01009080",114,105,120,143,84,99,94,57,40,46,37
"E01009081",100,103,131,112,81,77,78,51,40,48,46
"E01009082",153,151,171,159,151,158,125,91,76,70,88
"E01009083",164,162,165,150,140,93,117,101,59,133,153
"E01009084",47,58,46,46,55,39,46,58,33,43,31
"E01009085",55,49,53,49,46,33,45,58,42,31,32
"E01009086",86,86,83,76,102,107,87,111,79,60,54
"E01009087",159,151,111,76,83,84,88,62,57,59,70
"E01009088",169,93,57,97,67,101,64,69,52,55,43
"E01009089",70,52,49,49,31,44,40,48,47,41,52
"E01009146",924,708,533,481,384,387,325,367,259,369,419
"E01008907",130,130,94,101,86,87,52,41,55,63,57
"E01008913",168,152,148,160,145,130,93,113,100,73,105
"E01009152",115,76,79,78,72,90,98,67,70,79,75
"E01008925",42,44,46,26,39,27,30,39,47,27,29
"E01009153",358,315,304,213,212,213,188,161,170,172,153
"E01009216",140,143,184,109,149,146,129,91,111,78,62
"E01009221",145,149,179,163,139,138,128,75,129,106,90
"E01009222",100,133,98,98,134,131,64,81,80,55,58
"E01009223",303,305,272,288,218,269,249,206,290,276,235
"E01009230",129,145,133,130,80,124,73,72,111,66,71
"E01008996",89,68,59,53,62,68,53,57,32,45,52
"E01008881",223,208,215,186,174,189,182,109,124,119,88
"E01008882",196,135,111,127,97,99,73,98,74,81,60
"E01008883",151,127,153,127,96,151,138,146,130,85,66
"E01008884",344,232,249,206,143,224,160,149,157,144,112
"E01008885",95,82,82,63,67,82,122,92,83,61,59
"E01008886",248,279,221,193,160,162,131,110,79,70,75
"E01008887",247,159,170,142,134,110,96,105,83,60,47
"E01008888",149,142,120,103,130,133,76,56,61,53,70
"E01008889",358,344,258,174,188,217,233,209,198,204,154
"E01008890",136,129,110,81,108,104,73,89,65,60,58
"E01008891",63,48,62,53,54,60,47,61,29,43,43
"E01008892",117,82,73,55,50,58,50,46,37,50,39
"E01008893",98,112,90,54,51,74,68,62,52,59,43
"E01008894",278,230,237,210,205,194,184,182,126,158,114
"E01008895",86,78,97,80,83,82,89,75,62,61,57
"E01008896",167,147,94,88,64,92,87,65,68,59,52
"E01008897",142,135,104,97,75,87,85,64,67,64,60
"E01008898",179,125,127,152,101,112,113,104,79,55,75
"E01008899",417,384,290,246,242,166,175,154,125,157,168
"E01008901",231,201,168,155,142,147,136,96,94,106,132
"E01008905",147,104,91,78,69,50,46,46,53,57,53
"E01008906",99,104,68,44,72,58,41,26,56,45,37
"E01008909",126,96,109,93,94,76,85,49,58,55,63
"E01008910",254,196,199,190,147,120,105,92,95,96,99
"E01008911",112,63,72,76,62,62,72,57,50,48,71
"E01008914",506,349,376,326,253,254,290,265,210,265,196
"E01008915",120,143,110,94,104,88,93,58,53,70,72
"E01008916",76,94,97,76,51,68,74,67,42,54,69
"E01008917",38,51,34,32,22,36,33,32,51,39,37
"E01008918",151,130,125,123,131,106,97,88,98,71,75
"E01008919",108,119,111,103,105,92,87,70,46,91,69
"E01008920",87,95,95,108,62,75,76,59,79,62,59
"E01008921",112,127,87,64,69,65,83,59,66,54,95
"E01008923",81,113,110,93,94,79,94,92,70,78,45
"E01008924",147,144,133,84,62,102,91,97,91,78,89
"E01008927",73,74,104,63,50,52,75,83,94,84,54
"E01008928",112,110,106,82,109,63,81,91,87,68,56
"E01008929",128,106,143,148,77,102,88,73,64,81,58
"E01008930",134,53,95,62,55,72,60,48,53,66,75
"E01008931",110,95,86,70,79,80,65,44,77,53,39
"E01008932",102,105,107,72,132,87,68,68,49,64,50
"E01008933",49,64,44,47,69,26,39,31,34,38,30
"E01008934",46,35,37,35,32,24,43,22,28,37,26
"E01008935",126,156,114,112,125,122,98,77,78,67,98
"E01008936",86,87,95,74,55,52,46,56,51,49,68
"E01008937",95,103,65,72,77,80,110,67,39,68,43
"E01008938",74,109,93,75,68,66,70,55,67,52,54
"E01008939",103,139,73,58,60,81,66,43,37,49,56
"E01008940",113,137,146,72,110,92,109,96,59,93,83
"E01008941",59,121,130,82,72,85,69,71,54,66,53
"E01008942",82,92,74,91,35,53,56,49,40,33,37
"E01008943",135,182,152,102,76,86,80,80,75,68,68
"E01008944",80,112,112,105,57,81,106,69,51,64,68
"E01008945",179,207,137,129,119,91,118,110,112,177,189
"E01008946",64,74,68,72,46,68,41,48,44,56,80
"E01008947",88,94,73,82,70,80,46,44,39,58,52
"E01008948",118,151,158,142,163,189,178,194,172,180,168
"E01008949",46,58,54,59,46,43,43,27,30,52,30
"E01008950",74,53,79,79,63,94,58,61,67,63,48
"E01008951",122,85,124,90,66,59,76,96,100,57,68
"E01008952",328,314,307,237,226,203,201,122,144,151,128
"E01008953",95,101,118,123,98,114,100,64,63,71,57
"E01008954",55,66,86,92,65,73,48,38,68,64,36
"E01008955",142,138,131,140,124,118,104,71,88,61,83
"E01008956",101,91,133,93,97,70,79,62,57,78,67
"E01008957",158,89,150,146,105,140,117,66,75,104,75
"E01008958",59,88,76,58,47,62,50,37,58,42,46
"E01008959",81,78,71,55,72,77,66,73,51,42,40
"E01008960",112,101,92,72,92,103,81,48,74,82,47
"E01008961",232,187,218,228,249,212,148,111,136,139,197
"E01008962",210,148,137,128,131,106,123,123,92,92,60
"E01008963",70,76,84,75,78,59,68,67,60,48,69
"E01008964",46,44,45,64,38,57,38,36,40,32,50
"E01008965",67,71,48,58,44,48,53,94,35,44,51
"E01008966",99,93,106,91,93,74,92,90,105,110,66
"E01008967",57,39,54,37,37,40,35,32,24,39,37
"E01008968",76,79,77,53,44,43,40,47,45,40,48
"E01008969",97,95,93,76,70,87,44,61,50,53,69
"E01008970",51,59,74,68,29,47,32,44,39,40,43
"E01008971",137,138,112,76,94,116,84,89,65,89,101
"E01008972",69,88,64,82,75,82,80,83,90,63,46
"E01008973",64,60,68,49,76,43,62,54,41,39,54
"E01008974",82,90,69,52,38,60,54,77,61,86,65
"E01008975",102,95,119,80,80,87,83,60,69,54,58
"E01008976",90,116,115,125,99,99,73,70,68,75,82
"E01008977",118,130,110,108,79,78,83,77,78,67,44
"E01008978",153,180,174,133,114,107,126,93,103,131,144
"E01008979",94,147,122,116,81,86,72,98,76,97,88
"E01008980",150,151,167,143,104,108,105,98,120,105,88
"E01008981",230,288,239,207,229,193,173,141,156,165,155
"E01008982",145,85,96,86,123,89,52,68,55,69,112
"E01008984",128,71,71,82,106,100,76,70,69,68,82
"E01008986",131,90,96,67,104,44,64,42,44,54,78
"E01008987",155,104,85,89,81,101,89,107,73,85,87
"E01008988",333,215,211,184,218,167,153,191,116,106,135
"E01008989",188,175,177,128,119,122,90,97,73,111,115
"E01008990",293,213,181,196,170,134,140,119,78,96,126
"E01008991",173,128,170,91,107,109,63,100,68,84,72
"E01008992",148,120,145,96,105,85,105,75,61,61,72
"E01008994",337,203,168,193,152,141,95,132,82,115,113
"E01008995",176,106,117,99,103,77,80,108,93,85,70
"E01008997",161,124,128,113,105,87,92,102,53,63,83
"E01008998",196,194,174,137,136,129,115,126,109,103,90
"E01008999",121,104,105,60,90,68,76,89,60,82,70
"E01009000",159,104,172,111,111,125,123,104,127,113,121
"E01009001",85,81,114,98,82,80,43,63,33,63,40
"E01009002",162,114,147,136,145,122,59,88,60,70,53
"E01009003",305,259,225,188,156,172,75,110,147,140,105
"E01009005",111,87,88,72,67,84,88,54,59,42,40
"E01009006",153,140,144,158,86,76,76,69,71,64,73
"E01009007",987,756,843,665,707,632,582,372,389,462,379
"E01009008",67,71,75,76,54,56,45,44,45,41,45
"E01009009",92,69,83,56,84,55,56,50,30,31,25
"E01009011",135,130,127,110,117,84,70,72,63,95,72
"E01009012",85,79,78,60,59,53,59,48,48,43,34
"E01009013",313,248,292,242,256,187,168,105,160,194,142
"E01009014",137,108,116,94,79,63,66,58,81,89,57
"E01009015",355,290,330,230,297,248,188,194,145,165,163
"E01009016",154,95,109,79,66,109,58,101,71,88,64
"E01009017",56,41,42,41,32,44,45,27,26,43,28
"E01009018",307,395,353,164,174,265,209,154,151,177,124
"E01009019",88,85,90,73,59,96,63,91,66,56,63
"E01009020",74,69,65,56,61,81,61,78,47,40,46
"E01009021",62,64,106,55,63,82,60,86,49,56,62
"E01009022",109,121,135,82,115,148,109,100,68,81,63
"E01009023",75,62,44,46,49,76,58,57,50,47,39
"E01009024",88,96,94,101,107,171,100,94,58,41,46
"E01009025",55,63,66,63,58,95,68,84,80,65,52
"E01009026",128,109,141,95,93,82,67,67,51,74,62
"E01009028",114,120,102,100,78,74,38,46,59,59,39
"E01009029",116,108,114,90,84,97,64,64,52,38,29
"E01009030",86,94,90,62,76,79,41,49,40,56,23
"E01009031",85,82,66,61,64,69,57,27,55,67,37
"E01009032",79,97,89,76,79,91,65,45,46,41,46
"E01009033",122,93,98,92,92,88,68,57,50,46,58
"E01009034",43,62,47,44,27,44,46,62,40,49,20
"E01009035",103,128,119,67,118,106,74,75,60,74,53
"E01009036",117,119,82,62,74,85,69,67,60,60,55
"E01009037",119,102,100,62,67,77,62,58,54,85,60
"E01009039",47,28,25,28,39,33,27,38,25,39,23
"E01009040",67,44,68,36,56,41,49,38,46,34,38
"E01009041",65,55,53,44,59,69,48,46,48,36,28
"E01009042",46,60,51,44,60,36,48,30,32,49,40
"E01009043",131,129,96,71,84,72,78,87,61,86,57
"E01009044",59,28,35,34,51,49,47,37,50,38,23
"E01009045",169,170,184,161,145,122,110,105,89,107,75
"E01009046",107,64,97,74,64,64,65,37,54,63,32
"E01009047",181,188,111,104,101,105,86,90,62,80,47
"E01009048",164,130,118,81,148,84,63,62,76,74,67
"E01009049",84,69,58,86,63,53,45,58,44,39,50
"E01009050",103,97,95,73,73,35,60,48,59,64,83
"E01009051",170,181,162,172,163,151,116,74,99,131,151
"E01009053",193,201,192,176,161,97,136,129,152,132,132
"E01009054",56,58,45,70,49,36,44,48,36,49,38
"E01009056",154,125,106,121,97,98,88,72,89,91,86
"E01009057",110,110,87,81,94,87,74,64,57,53,56
"E01009058",48,59,56,35,32,38,38,33,43,41,39
"E01009059",116,79,89,62,85,51,74,50,58,49,67
"E01009060",98,103,83,92,71,66,81,54,47,40,50
"E01009061",119,103,105,85,100,50,64,64,50,58,53
"E01009062",119,122,88,71,74,47,71,41,62,52,57
"E01009064",80,104,79,71,104,92,96,52,60,71,62
"E01009065",109,79,91,69,71,67,81,91,58,108,93
"E01009090",219,198,128,142,182,205,211,152,126,218,239
"E01009091",107,118,124,143,132,119,112,118,71,91,94
"E01009092",239,133,97,109,122,153,128,129,59,45,50
"E01009093",162,153,161,214,167,130,161,138,103,98,72
"E01009094",130,100,178,195,130,101,135,90,72,83,88
"E01009095",359,304,332,329,245,236,257,211,190,240,208
"E01009096",284,211,155,95,108,121,64,103,88,55,62
"E01009097",182,133,82,111,109,82,92,101,67,68,54
"E01009098",330,388,322,190,170,193,173,123,131,114,113
"E01009099",253,190,183,147,130,147,101,134,103,99,77
"E01009100",201,238,189,168,135,116,86,77,92,74,66
"E01009101",655,551,459,343,422,359,285,223,277,294,293
"E01009102",755,664,622,489,453,408,383,366,299,313,313
"E01009103",124,134,130,129,102,105,63,67,82,72,52
"E01009104",152,117,105,114,88,104,126,92,71,98,51
"E01009105",141,183,82,51,49,64,51,50,58,56,41
"E01009106",108,89,72,38,35,42,23,35,30,23,36
"E01009107",178,169,208,145,132,126,122,103,101,126,141
"E01009108",94,70,114,78,83,90,72,60,44,67,47
"E01009109",139,117,97,96,108,107,132,83,107,111,73
"E01009110",105,97,106,84,99,64,78,89,86,116,73
"E01009111",131,96,122,126,77,77,72,68,57,68,48
"E01009112",85,93,115,69,68,94,69,60,46,47,34
"E01009113",168,157,159,163,136,152,120,103,95,125,144
"E01009114",130,96,110,105,118,91,67,71,72,75,57
"E01009115",96,81,122,132,85,78,81,61,53,60,72
"E01009116",255,213,267,140,202,157,175,145,140,181,123
"E01009117",124,163,120,121,93,82,112,83,130,84,76
"E01009118",79,59,92,95,98,91,91,66,46,50,47
"E01009119",301,278,253,147,186,179,135,133,97,138,146
"E01009120",132,132,87,75,112,135,106,99,101,69,72
"E01009121",228,247,277,195,184,216,131,165,159,187,132
"E01009122",193,146,190,142,111,96,59,86,91,57,69
"E01009123",168,91,109,104,103,113,79,68,73,87,61
"E01009124",253,174,238,163,174,158,136,90,57,72,74
"E01009141",157,151,133,110,120,111,119,80,51,83,75
"E01009125",208,126,135,105,114,55,81,49,60,59,78
"E01009126",84,49,85,31,47,42,46,29,67,39,49
"E01009127",148,125,132,87,121,110,86,83,92,68,55
"E01009128",153,109,133,169,170,139,122,100,115,84,70
"E01009129",177,156,148,168,171,159,108,133,91,90,115
"E01009130",121,98,129,138,99,126,87,106,52,67,87
"E01009131",177,160,100,103,137,147,112,105,86,57,71
"E01009132",196,153,188,162,148,118,74,123,99,76,84
"E01009133",174,151,139,144,123,121,66,98,62,65,69
"E01009134",164,183,161,169,132,149,126,107,83,102,107
"E01009135",50,57,78,51,48,83,46,34,34,39,29
"E01009136",105,103,81,102,82,109,64,49,71,65,59
"E01009137",160,142,158,102,114,107,103,85,85,87,108
"E01009138",63,45,79,68,53,57,44,45,48,44,50
"E01009139",79,79,90,55,49,45,66,54,47,50,42
"E01009140",196,183,166,143,139,169,141,109,94,126,110
"E01009143",301,194,202,143,159,133,141,117,97,105,121
"E01009145",88,81,76,93,61,45,55,52,49,75,61
"E01009147",144,157,195,135,96,129,124,112,104,118,92
"E01009151",73,78,65,55,50,38,34,47,44,59,32
"E01009155",88,84,129,121,85,65,72,55,63,64,68
"E01009157",112,163,150,173,147,147,120,101,103,114,145
"E01009158",196,103,86,93,75,141,109,113,83,66,85
"E01009159",304,280,420,328,337,444,254,261,249,224,232
"E01009160",124,174,188,97,112,131,98,79,75,65,103
"E01009161",112,82,81,84,108,125,62,55,67,61,58
"E01009162",77,108,102,75,65,112,73,73,90,84,75
"E01009163",186,197,197,161,123,141,99,88,94,90,102
"E01009164",61,56,65,66,57,50,62,35,52,24,22
"E01009165",235,187,154,180,148,124,67,82,54,56,79
"E01009283",243,185,159,109,160,73,115,106,105,113,126
"E01009284",338,328,287,281,244,340,279,303,292,226,224
"E01009166",89,95,89,38,84,57,44,29,31,37,39
"E01009167",39,44,60,65,55,58,36,30,41,52,27
"E01009307",101,106,111,107,122,104,96,77,77,77,57
"E01009168",46,82,73,70,65,63,43,26,25,31,24
"E01009309",155,179,156,182,140,162,128,113,65,103,91
"E01009169",111,95,102,66,47,66,28,44,60,42,50
"E01009170",75,92,92,80,83,61,50,62,63,67,56
"E01009171",84,91,77,62,76,75,69,58,58,43,47
"E01009172",83,196,86,78,75,93,105,77,73,50,66
"E01009173",101,120,117,94,101,120,75,66,82,55,57
"E01009174",147,160,129,115,154,162,95,69,87,77,84
"E01009175",143,131,111,117,121,99,105,85,103,81,96
"E01009176",73,71,57,81,80,81,54,57,68,87,61
"E01009177",45,73,77,68,68,55,59,78,53,58,51
"E01009178",451,400,389,354,361,406,339,272,255,310,306
"E01009179",68,118,71,82,82,76,77,78,62,60,86
"E01009182",131,91,125,107,97,107,104,96,98,115,70
"E01009183",86,114,113,112,92,99,109,62,59,59,85
"E01009184",313,270,260,216,213,181,189,204,119,171,224
"E01009185",89,89,56,86,80,64,51,65,74,78,53
"E01009186",91,96,107,74,78,84,65,77,71,69,75
"E01009187",63,88,77,73,100,48,59,77,67,53,47
"E01009188",149,156,161,114,148,115,116,100,103,113,98
"E01009189",71,91,51,74,59,60,44,79,42,42,49
"E01009192",85,109,94,118,93,77,77,68,98,58,30
"E01009194",164,173,119,198,159,136,152,127,137,61,79
"E01009195",157,131,93,139,100,61,69,70,73,75,54
"E01009197",114,82,66,59,62,92,85,69,52,63,40
"E01009198",213,203,130,188,202,159,152,132,130,155,111
"E01009199",216,215,191,205,199,151,150,100,117,113,102
"E01009200",746,602,555,532,573,597,428,384,428,637,566
"E01009201",202,191,205,191,206,150,137,126,109,117,120
"E01009202",273,311,266,263,236,224,210,195,164,217,196
"E01009203",337,403,379,349,321,282,231,234,208,215,232
"E01009204",279,229,303,225,201,196,190,134,120,130,131
"E01009205",101,69,86,72,91,65,66,77,53,63,36
"E01009206",114,85,118,60,93,120,92,78,82,49,47
"E01009207",77,90,72,89,59,61,79,69,58,52,57
"E01009208",69,89,51,42,57,58,50,52,46,36,39
"E01009209",149,137,188,122,144,166,164,145,147,92,105
"E01009210",113,97,158,86,124,116,115,89,92,76,92
"E01009211",41,36,47,50,58,69,40,54,37,25,32
"E01009212",149,123,192,107,150,152,131,113,94,95,95
"E01009213",89,82,108,78,77,126,93,99,63,96,68
"E01009214",96,77,114,67,122,110,94,100,78,51,73
"E01009215",212,135,186,98,120,160,107,109,116,91,73
"E01009217",61,67,83,52,72,63,55,44,42,38,26
"E01009362",206,125,121,90,105,95,91,85,72,94,73
"E01009368",71,79,45,53,60,64,45,36,27,53,21
"E01009380",82,61,77,102,82,98,82,62,61,58,53
"E01009384",125,139,119,127,119,109,154,71,80,85,81
"E01009218",137,106,95,90,97,85,84,67,96,71,60
"E01009219",379,280,323,371,398,379,340,327,327,355,304
"E01009220",97,120,96,105,92,62,74,79,54,57,51
"E01009224",71,89,79,77,77,66,54,62,59,35,46
"E01009225",74,93,93,73,109,78,67,86,82,59,55
"E01009226",151,136,134,113,114,131,79,79,101,57,52
"E01009227",62,90,96,73,71,79,49,52,48,42,47
"E01009228",76,75,61,60,85,88,62,66,30,57,57
"E01009229",70,66,52,61,64,68,39,34,37,43,19
"E01009231",151,120,169,83,93,123,56,60,54,76,71
"E01009232",190,169,196,124,164,114,133,106,96,106,109
"E01009233",102,122,122,74,145,93,62,57,60,62,49
"E01009234",67,71,92,44,49,54,39,34,34,33,38
"E01009235",62,62,51,54,49,44,39,65,34,40,46
"E01009236",98,89,90,59,84,58,60,41,31,45,35
"E01009237",112,73,90,120,76,71,66,61,59,64,86
"E01009238",128,80,69,58,48,44,45,40,47,40,61
"E01009239",544,552,487,433,302,311,219,254,244,269,209
"E01009240",64,54,57,55,46,44,39,44,47,33,65
"E01009241",70,68,60,40,54,52,54,49,36,48,54
"E01009242",587,497,469,490,570,522,445,342,240,227,196
"E01009243",47,44,63,55,65,89,37,30,70,53,50
"E01009244",67,42,100,46,57,49,53,45,34,39,24
"E01009245",90,70,60,79,73,75,62,62,64,73,62
"E01009246",61,65,62,60,52,55,52,31,26,51,43
"E01009247",74,72,80,48,58,50,39,51,42,45,46
"E01009248",84,74,110,56,53,58,54,52,43,36,57
"E01009249",95,69,75,46,34,34,44,46,34,44,46
"E01009250",134,106,79,69,110,81,89,97,76,58,60
"E01009251",163,197,245,146,155,105,104,131,88,132,124
"E01009252",168,117,114,72,78,61,69,59,59,67,63
"E01009253",130,113,100,72,73,88,82,126,72,88,99
"E01009254",147,114,98,77,66,83,69,57,59,40,47
"E01009255",92,92,57,53,72,105,63,65,39,52,58
"E01009256",101,87,74,60,61,83,59,56,58,52,46
"E01009257",113,104,98,64,69,79,56,98,52,89,77
"E01009258",100,102,88,82,71,110,70,87,63,61,54
"E01009259",93,117,98,114,121,119,98,136,77,68,84
"E01009483",205,215,148,185,133,119,87,126,115,79,63
"E01009385",158,149,185,182,177,121,127,135,97,129,94
"E01009484",167,271,207,184,152,105,79,63,91,101,99
"E01009485",87,89,53,66,77,60,51,53,72,23,27
"E01009512",156,161,124,122,125,118,120,87,79,63,58
"E01009513",299,200,231,151,160,232,178,113,117,104,98
"E01009514",295,295,243,255,265,234,190,129,92,74,77
"E01009515",95,123,105,80,60,72,87,59,37,45,59
"E01009516",72,101,92,62,64,50,57,64,50,53,41
"E01009517",135,167,120,133,93,84,116,77,53,52,66
"E01009518",76,114,118,92,79,89,85,69,53,65,53
"E01009519",57,90,98,79,81,102,61,58,33,44,30
"E01009520",46,74,71,33,66,60,67,46,40,42,50
"E01009521",121,118,122,111,80,78,104,91,56,71,63
"E01009260",101,70,71,45,51,55,64,47,45,54,61
"E01009261",134,91,74,56,67,55,57,47,47,58,74
"E01009262",65,29,46,60,44,43,40,37,36,45,35
"E01009263",87,69,67,63,55,57,49,40,40,56,58
"E01009264",70,82,103,81,71,90,59,63,48,52,77
"E01009265",115,79,88,87,87,92,73,61,74,75,61
"E01009266",83,96,76,96,78,78,92,69,69,81,91
"E01009267",42,29,42,44,32,33,42,28,38,38,26
"E01009268",66,62,32,52,93,28,52,42,36,37,38
"E01009269",164,109,81,111,92,68,84,81,54,77,79
"E01009270",109,110,90,108,89,104,64,63,73,89,84
"E01009271",80,65,45,67,65,47,46,42,53,51,38
"E01009272",152,120,84,101,131,82,70,70,51,60,55
"E01009273",105,79,71,99,70,78,52,48,51,54,62
"E01009274",150,137,88,120,121,116,102,86,116,125,130
"E01009275",87,112,111,94,86,94,76,60,68,77,71
"E01009276",103,61,50,62,64,56,61,49,35,46,39
"E01009278",111,113,139,138,157,109,96,84,87,97,102
"E01009279",53,34,43,36,41,48,50,55,37,33,28
"E01009280",177,166,160,144,101,120,105,100,111,68,30
"E01009281",119,103,90,102,99,96,66,76,99,84,65
"E01009282",109,106,82,71,117,92,74,86,80,77,70
"E01009286",130,100,122,105,121,125,86,113,62,83,109
"E01009288",99,67,83,67,86,46,42,49,32,46,62
"E01009289",186,115,179,152,129,162,103,113,107,85,103
"E01009290",116,121,154,105,103,104,73,64,86,81,94
"E01009291",112,119,84,98,101,99,85,75,80,125,86
"E01009292",94,64,71,71,81,50,63,60,59,75,71
"E01009293",72,61,63,65,83,82,82,80,60,52,73
"E01009294",198,207,172,166,181,179,167,136,145,140,153
"E01009295",175,157,130,146,166,132,160,126,142,103,77
"E01009296",97,79,75,90,81,88,89,84,72,56,86
"E01009297",218,182,187,192,173,163,121,122,107,104,104
"E01009298",173,246,199,219,149,163,134,100,82,73,61
"E01009299",190,162,165,128,113,146,127,95,83,68,35
"E01009300",273,228,216,188,208,232,227,136,96,113,88
"E01009301",212,166,125,106,99,112,108,85,100,85,64
"E01009302",85,81,80,80,74,103,86,41,57,63,37
"E01009303",149,154,177,141,96,168,129,93,118,92,119
"E01009304",215,171,185,188,216,197,115,121,85,97,104
"E01009305",92,110,116,153,164,128,103,101,94,56,67
"E01009306",136,123,97,116,129,117,96,69,46,52,54
"E01009308",137,124,140,90,106,125,97,82,62,65,69
"E01009310",172,163,226,200,197,200,190,151,106,108,93
"E01009311",157,148,170,196,198,150,132,114,87,94,59
"E01009312",66,91,57,48,54,85,69,44,48,37,38
"E01009313",85,89,112,104,102,149,155,98,68,56,38
"E01009314",141,157,139,144,118,95,107,114,93,95,76
"E01009315",250,300,236,272,283,272,201,166,144,177,137
"E01009316",260,235,143,257,186,206,144,138,141,110,137
"E01009317",87,112,112,104,59,69,69,69,68,75,70
"E01009318",54,58,67,59,41,67,39,36,39,39,32
"E01009319",40,54,49,50,45,36,41,32,29,39,33
"E01009320",287,274,196,228,240,271,162,141,126,143,128
"E01009321",168,182,174,179,123,139,155,105,86,96,74
"E01009322",389,364,367,336,206,259,227,166,105,102,103
"E01009323",132,155,142,159,93,86,74,56,62,55,52
"E01009324",92,110,68,73,71,69,73,56,49,47,38
"E01009325",78,114,99,68,53,69,50,48,34,47,34
"E01009326",170,150,155,125,117,126,122,106,62,68,55
"E01009327",94,76,41,61,58,55,54,43,66,55,37
"E01009328",43,53,36,32,54,39,46,30,39,36,28
"E01009329",171,181,151,147,138,161,103,112,130,118,71
"E01009331",97,110,76,100,52,60,57,57,48,58,31
"E01009332",447,472,482,564,521,472,390,285,301,365,298
"E01009333",96,97,76,79,62,81,66,58,50,60,32
"E01009391",130,92,92,80,78,86,77,76,62,58,62
"E01009334",68,66,69,59,73,70,55,43,33,51,38
"E01009335",317,228,242,265,308,271,253,191,227,276,178
"E01009437",172,164,143,113,91,96,89,74,62,67,66
"E01009337",79,46,57,51,61,69,43,52,33,65,38
"E01009338",179,138,122,103,96,134,93,97,112,92,57
"E01009339",159,157,150,125,110,124,112,91,92,86,64
"E01009340",206,153,173,125,156,112,106,106,104,112,73
"E01009341",402,269,241,252,181,213,171,143,156,195,144
"E01009342",177,120,77,96,76,101,111,81,78,66,55
"E01009343",107,132,114,97,80,94,82,81,75,74,49
"E01009344",123,129,125,116,109,91,82,82,55,66,56
"E01009345",241,205,233,273,274,214,219,177,186,252,211
"E01009346",100,119,93,98,105,81,93,97,88,127,71
"E01009347",199,161,225,150,158,149,122,98,113,135,217
"E01009348",299,265,274,261,197,186,205,135,154,177,111
"E01009349",130,136,118,117,150,98,79,89,107,100,111
"E01009350",81,75,89,54,54,54,56,35,37,39,43
"E01009351",97,79,86,80,72,81,80,76,54,70,43
"E01009352",128,84,95,85,61,72,79,60,71,58,62
"E01009353",116,96,110,79,95,71,63,55,55,66,65
"E01009354",196,176,165,181,202,130,107,139,124,152,112
"E01009355",166,149,130,128,143,119,100,80,88,152,118
"E01009358",210,211,143,151,142,196,164,113,130,129,111
"E01009359",196,150,137,156,154,157,127,107,126,126,105
"E01009360",115,125,131,153,145,124,105,95,109,148,111
"E01009361",246,172,127,127,131,113,89,97,99,141,60
"E01009363",239,218,213,190,180,161,162,140,124,169,155
"E01009364",186,170,140,113,97,99,93,92,58,86,66
"E01009365",377,274,277,250,203,203,163,165,149,148,121
"E01009366",103,60,82,83,75,45,64,50,45,52,31
"E01009367",354,228,214,172,208,161,131,193,147,162,125
"E01009371",320,254,232,186,187,225,151,189,159,217,165
"E01009372",47,48,48,44,45,26,22,38,31,45,16
"E01009373",68,49,58,52,48,64,37,35,43,36,32
"E01009374",79,65,76,69,51,55,69,71,43,74,36
"E01009375",190,130,122,95,103,76,92,91,107,101,60
"E01009376",223,190,151,153,134,165,164,136,107,116,82
"E01009377",145,87,120,75,78,86,75,87,61,66,48
"E01009378",661,504,417,378,387,342,329,383,241,411,391
"E01009379",440,281,237,280,299,250,229,202,166,204,198
"E01009382",123,106,83,91,87,86,76,75,59,61,46
"E01009383",67,52,42,68,44,41,44,55,28,35,17
"E01009389",88,67,49,61,79,67,50,77,41,51,27
"E01009390",115,108,83,88,122,61,72,109,49,71,42
"E01009392",46,45,46,45,54,46,36,36,24,39,26
"E01009393",166,153,133,127,129,92,86,50,60,87,58
"E01009394",85,68,51,47,76,56,45,64,48,51,41
"E01009395",66,91,72,74,67,59,54,38,51,40,46
"E01009396",154,163,137,123,119,118,95,90,87,91,81
"E01009397",243,162,135,93,131,102,91,92,88,97,53
"E01009399",83,71,53,59,59,51,56,55,26,41,23
"E01009400",236,188,151,145,177,161,152,152,100,105,123
"E01009401",147,138,107,116,153,166,162,110,96,101,97
"E01009403",136,85,104,97,98,125,54,62,65,52,26
"E01009404",152,99,132,126,98,115,70,74,62,54,49
"E01009405",107,84,97,84,84,66,40,51,39,56,43
"E01009406",199,166,143,124,108,112,92,94,97,71,56
"E01009407",177,137,190,105,125,117,85,84,90,77,50
"E01009408",185,116,149,145,107,85,90,118,113,90,67
"E01009409",193,113,133,93,87,94,76,85,82,97,69
"E01009410",240,184,173,179,167,113,119,93,108,119,85
"E01009411",157,94,148,115,123,112,99,94,110,71,118
"E01009412",179,150,178,147,140,123,100,90,117,124,103
"E01009413",116,85,125,93,131,97,104,78,100,92,91
"E01009414",158,145,184,141,120,120,106,109,113,91,116
"E01009415",57,49,46,31,26,35,40,21,26,28,20
"E01009416",102,122,84,104,128,125,90,51,71,82,57
"E01009417",60,32,42,36,30,39,23,23,21,27,14
"E01009418",99,63,63,43,48,46,39,32,34,36,31
"E01009419",66,34,47,26,26,26,35,22,24,30,26
"E01009420",38,37,35,31,35,20,47,21,8,15,15
"E01009421",54,49,46,35,54,54,31,31,23,48,19
"E01009422",130,85,103,85,140,89,80,73,57,83,42
"E01009423",151,146,163,174,157,116,130,113,105,103,69
"E01009424",270,316,231,246,203,197,149,152,146,144,138
"E01009425",245,196,189,154,164,154,134,133,149,143,103
"E01009426",49,45,40,24,48,25,38,15,18,21,19
"E01009427",65,69,74,55,66,67,43,53,37,37,27
"E01009428",68,52,34,23,16,27,22,26,19,26,20
"E01009429",102,71,81,50,79,73,44,21,26,23,20
"E01009430",37,47,40,36,62,57,28,50,29,63,29
"E01009431",54,24,31,53,50,37,24,30,20,27,15
"E01009432",191,279,183,194,163,133,116,134,135,162,108
"E01009433",117,74,65,64,61,51,61,43,45,44,28
"E01009434",51,46,42,42,33,36,30,17,36,34,53
"E01009435",76,74,47,48,45,37,30,36,30,34,21
"E01009436",52,60,57,46,31,26,27,16,19,23,25
"E01009438",51,72,47,27,24,23,17,24,36,33,18
"E01009439",158,153,141,122,79,70,78,62,53,74,41
"E01009440",99,103,95,71,52,45,49,34,39,49,33
"E01009441",154,215,166,121,110,101,121,73,96,91,92
"E01009442",100,141,89,67,48,47,53,42,48,50,54
"E01009443",388,482,379,239,221,243,257,212,158,187,220
"E01009444",130,120,115,84,91,101,72,64,73,104,83
"E01009445",69,129,96,58,99,66,73,58,60,55,41
"E01009446",49,77,78,49,57,75,82,68,42,56,50
"E01009447",65,93,55,44,62,47,46,56,28,37,49
"E01009448",42,76,49,62,51,64,55,60,60,54,48
"E01009449",934,823,825,778,740,588,450,420,516,455,372
"E01009450",174,204,140,127,158,115,80,106,87,96,54
"E01009451",95,142,89,135,102,74,66,52,57,56,43
"E01009452",102,137,83,81,91,103,90,62,52,50,71
"E01009453",57,95,77,84,66,45,47,33,24,23,28
"E01009454",99,85,51,61,53,29,29,45,26,39,39
"E01009455",57,58,66,49,48,48,36,35,21,35,38
"E01009456",83,77,86,62,94,64,65,60,60,38,40
"E01009457",84,43,61,25,28,42,35,45,20,29,32
"E01009458",103,155,110,66,55,74,45,53,55,34,22
"E01009459",57,72,84,52,60,49,57,45,48,61,46
"E01009460",78,83,119,59,93,83,53,72,55,56,58
"E01009461",52,47,58,26,22,22,39,34,26,27,23
"E01009462",248,339,275,228,234,160,195,164,137,143,113
"E01009463",81,83,84,59,50,65,62,53,44,63,44
"E01009464",103,97,104,80,66,96,58,50,51,58,56
"E01009465",62,62,73,89,60,97,59,31,57,33,44
"E01009466",158,118,62,79,59,71,50,40,49,38,41
"E01009467",77,85,96,64,74,68,42,76,59,32,39
"E01009468",117,98,92,70,69,71,47,42,55,39,40
"E01009469",49,49,54,38,55,70,25,72,30,37,35
"E01009470",51,39,41,40,22,29,27,35,34,38,18
"E01009471",134,149,134,137,120,92,95,68,65,65,42
"E01009472",161,84,105,60,68,56,47,38,48,37,35
"E01009473",475,435,446,383,331,338,276,384,264,267,220
"E01009474",154,212,175,135,166,172,87,106,85,76,68
"E01009475",119,113,92,108,108,115,72,68,81,65,60
"E01009476",173,195,125,187,167,126,122,90,96,101,76
"E01009477",118,92,89,84,88,71,87,62,65,75,43
"E01009478",184,189,166,195,186,159,136,84,94,105,77
"E01009479",88,103,101,113,107,76,71,73,60,71,61
"E01009480",100,77,68,78,92,71,88,60,41,63,46
"E01009481",523,565,607,511,455,266,248,209,170,176,180
"E01009482",49,60,52,49,49,49,34,35,43,49,37
"E01033564",196,98,100,81,85,100,77,70,51,84,59
"E01033565",120,144,154,101,123,69,78,91,59,76,57
"E01033567",137,124,105,108,88,92,105,92,64,133,130
"E01033617",791,494,423,376,386,366,341,270,262,316,307
"E01033618",89,78,48,52,42,27,30,36,33,35,27
"E01033623",281,229,238,181,170,192,172,150,97,144,108
"E01033624",65,34,32,30,32,53,63,85,77,44,45
"E01033625",482,357,373,294,309,283,239,254,179,331,383
"E01033626",19,18,8,3,19,23,11,13,11,24,37
"E01033630",82,58,89,55,68,100,88,60,59,96,49
"E01033631",917,804,772,727,585,498,417,380,315,324,362
"E01033633",292,227,249,206,184,234,202,128,158,136,178
"E01032589",79,86,68,80,72,77,57,46,38,55,51
"E01032591",51,54,53,50,43,36,39,27,39,30,21
"E01033634",487,389,445,405,456,389,420,323,256,239,223
"E01033635",250,230,209,210,235,243,203,188,197,169,161
"E01033636",152,157,133,172,175,124,118,136,66,77,90
"E01033637",195,160,118,169,138,120,118,77,78,96,85
"E01033638",206,183,164,153,127,121,107,97,107,120,111
"E01033639",1005,856,645,504,495,422,368,341,346,408,470
"E01033640",269,181,246,196,210,168,181,167,120,153,187
"E01033641",239,161,159,119,153,126,119,98,100,100,78
"E01033642",122,110,91,87,96,104,77,108,58,61,44
"E01033643",196,163,121,115,129,135,102,107,73,113,78
"E01033644",317,283,234,265,230,191,212,248,186,157,98
"E01033645",132,108,134,130,96,97,109,120,88,92,74
"E01033646",217,144,187,154,152,211,185,98,173,143,154
"E01033647",73,84,72,74,74,98,75,79,51,76,60
"E01033648",160,146,152,148,116,124,91,102,94,92,53
"E01033649",82,75,64,46,53,46,42,55,45,35,21
"E01033650",171,160,129,111,112,131,125,91,111,109,76
"E01033559",299,236,247,247,232,208,148,175,156,177,174
"E01033557",398,436,432,330,339,266,211,244,238,327,507
"E01033561",869,727,728,659,666,604,592,627,441,684,587
"E01033562",352,297,350,253,236,232,215,209,196,273,225
"E01033615",1377,988,1349,1500,1587,1406,1253,1294,1095,1331,1389
"E01033616",197,134,181,156,142,125,100,116,76,161,206
"E01033619",145,116,139,109,116,136,127,114,51,91,89
"E01033620",4521,3931,2868,2259,2434,2195,1907,1888,1523,1770,1781
"E01033621",328,280,209,192,177,115,128,109,90,125,119
"E01033622",207,280,301,170,221,184,164,172,126,193,179
"E01033627",588,430,409,258,336,270,233,229,212,247,223
"E01033628",295,239,238,198,194,133,135,100,87,108,155
"E01033629",274,292,364,308,216,200,174,189,190,161,189
"E01033632",350,415,529,344,243,177,152,118,115,94,78
"E01009752",100,118,109,98,126,114,103,79,93,61,94
"E01009742",73,82,65,69,68,64,75,79,67,51,48
"E01009743",96,116,122,96,87,85,100,73,85,83,69
"E01009744",405,364,309,330,259,225,213,223,242,231,176
"E01009745",146,204,141,72,63,64,71,90,74,52,27
"E01009746",405,357,302,302,292,229,239,232,231,178,119
"E01009747",76,140,104,97,107,88,100,99,115,101,78
"E01009748",88,87,84,91,106,99,118,62,89,106,83
"E01009749",134,92,88,67,74,74,50,82,68,66,40
"E01009750",56,69,69,48,44,53,24,21,40,53,38
"E01009751",73,87,70,52,69,97,90,39,70,62,44
"E01009753",89,93,108,79,86,68,50,70,70,64,44
"E01009754",165,193,126,150,142,155,103,130,141,143,139
"E01009756",77,71,72,73,62,135,59,76,35,36,48
"E01009757",642,562,557,526,556,391,346,350,271,239,213
"E01009758",98,120,97,102,94,114,99,62,52,60,84
"E01009759",50,42,45,49,39,23,35,13,11,29,16
"E01009760",79,54,47,69,83,60,44,22,29,32,37
"E01009762",44,71,61,81,97,64,60,55,41,36,41
"E01009763",66,77,68,92,90,76,83,64,56,40,42
"E01009764",83,115,98,109,87,66,73,65,76,72,54
"E01009765",51,54,62,51,62,51,35,34,40,29,42
"E01009766",79,65,84,86,51,41,48,28,51,52,32
"E01009767",97,117,114,98,93,56,62,53,59,62,29
"E01009768",226,202,182,212,265,186,179,162,175,162,134
"E01009769",137,143,157,151,169,152,128,112,89,135,80
"E01009770",49,59,46,59,59,53,45,49,30,35,49
"E01009771",38,44,48,35,45,30,26,30,16,42,37
"E01009856",494,496,595,449,507,549,398,421,265,336,285
"E01009857",86,85,85,76,72,78,55,48,62,60,24
"E01009858",154,151,158,115,153,118,125,114,54,51,45
"E01009859",82,70,77,68,49,38,38,29,45,39,36
"E01009860",51,64,73,59,88,50,39,36,29,31,19
"E01009861",65,78,79,85,55,74,71,34,29,30,31
"E01009862",135,198,141,104,110,90,86,50,77,61,52
"E01009863",90,72,52,51,32,79,53,39,36,41,24
"E01009864",54,64,55,41,45,43,56,58,39,34,32
"E01009865",46,54,77,59,54,38,36,40,33,35,34
"E01009866",138,121,139,121,105,120,107,83,73,81,76
"E01009867",92,87,71,73,84,52,72,61,72,49,37
"E01009868",95,71,80,83,48,65,53,39,34,48,27
"E01009869",81,89,82,88,75,62,69,51,66,23,29
"E01009870",73,77,96,80,67,73,57,52,32,41,45
"E01009871",82,95,132,88,63,76,77,70,78,55,39
"E01009872",88,82,117,93,85,61,56,50,42,46,35
"E01009873",82,66,71,77,74,59,54,44,42,35,27
"E01009874",173,147,105,129,105,125,143,110,105,109,62
"E01009875",84,122,131,99,70,79,70,48,67,39,45
"E01009876",66,91,91,65,66,51,50,43,54,45,37
"E01009877",69,72,114,86,54,57,50,69,43,37,26
"E01009878",55,60,69,60,49,56,45,49,39,49,39
"E01009879",161,75,99,95,104,108,92,87,69,79,94
"E01009880",138,108,107,137,127,115,99,87,87,91,61
"E01009881",663,434,525,495,486,518,437,397,343,395,281
"E01009882",79,71,56,70,48,68,53,36,46,44,37
"E01009883",102,92,83,73,82,77,63,60,39,106,53
"E01009912",90,107,85,57,30,20,28,18,35,20,31
"E01009913",77,95,88,78,87,62,67,58,53,49,44
"E01009914",50,44,17,30,16,28,24,27,25,16,20
"E01009915",78,57,78,57,59,53,59,61,49,51,34
"E01009916",138,126,118,138,85,92,89,107,66,47,56
"E01009917",15,16,13,22,17,13,13,12,12,4,2
"E01009918",37,52,36,51,38,32,39,26,28,26,25
"E01009919",26,20,18,15,14,15,12,14,4,10,12
"E01009920",52,63,83,54,55,41,47,52,47,32,21
"E01009804",179,142,136,83,118,115,133,125,72,70,87
"E01009719",55,56,49,52,52,42,46,43,48,41,27
"E01009720",38,25,28,12,23,28,26,32,26,27,31
"E01009721",168,208,187,128,135,144,133,95,116,114,71
"E01009722",52,47,52,42,28,31,43,43,30,31,28
"E01009723",90,93,48,36,52,59,66,64,57,82,36
"E01009724",45,44,44,30,26,37,54,43,29,38,25
"E01009725",90,80,89,63,67,60,72,65,42,30,48
"E01009726",43,53,84,39,51,37,59,41,21,34,38
"E01009727",63,89,66,60,50,54,47,37,41,49,38
"E01009728",43,64,48,36,43,32,24,41,26,33,24
"E01009729",63,51,74,58,42,60,53,58,49,38,28
"E01009730",43,44,32,26,30,25,29,40,56,30,10
"E01009731",118,105,86,64,53,99,98,77,82,62,39
"E01009732",90,77,62,57,52,45,31,61,42,44,37
"E01009733",363,324,332,328,290,282,221,199,160,190,216
"E01009734",396,416,297,230,231,297,228,208,174,229,185
"E01009735",71,71,60,58,60,60,36,43,30,60,36
"E01009736",48,44,30,37,39,30,23,26,31,31,20
"E01009737",78,57,66,54,60,44,34,31,27,50,37
"E01009738",32,27,37,38,26,48,36,18,24,22,13
"E01009739",51,49,70,52,50,75,66,54,36,52,34
"E01009740",183,219,161,158,150,119,149,124,114,101,86
"E01009741",1484,1305,1176,937,1159,1192,1165,1006,1058,884,684
"E01009772",69,56,55,60,50,52,42,38,33,38,38
"E01009773",120,136,142,127,138,110,89,76,82,90,71
"E01009774",69,57,51,73,90,71,44,49,29,33,35
"E01009775",75,55,62,74,85,63,41,42,52,37,33
"E01009776",132,127,119,110,122,73,80,48,49,57,66
"E01009777",91,84,71,63,50,60,61,56,45,64,68
"E01009778",73,73,75,73,77,49,61,52,44,55,49
"E01009779",108,116,122,118,89,104,84,91,75,102,98
"E01009780",70,71,74,79,69,59,31,34,44,47,30
"E01009781",149,142,135,131,148,116,70,116,62,77,93
"E01009782",46,70,45,57,91,86,53,39,38,42,29
"E01009783",79,80,76,75,79,75,41,64,54,45,48
"E01009784",56,58,50,48,50,45,34,29,46,37,24
"E01009785",88,103,112,95,30,43,52,64,50,45,49
"E01009786",88,115,98,120,86,58,61,75,49,54,44
"E01009787",48,68,56,47,48,37,40,49,40,33,38
"E01009788",163,134,110,136,104,100,87,78,65,85,70
"E01009789",55,50,69,47,72,54,42,33,34,44,35
"E01009790",145,80,107,130,115,87,83,72,55,76,82
"E01009791",86,55,62,48,41,19,37,30,22,14,21
"E01009792",68,83,56,53,59,61,42,47,37,36,29
"E01009793",73,77,78,47,50,46,74,33,31,35,34
"E01009794",103,61,61,35,33,16,24,30,13,17,18
"E01009795",161,143,152,105,116,111,135,96,97,85,67
"E01009796",273,262,265,161,149,104,131,89,76,94,91
"E01009797",123,65,105,64,56,62,68,52,51,39,46
"E01009798",105,109,130,68,60,89,97,88,82,81,56
"E01009799",55,25,22,21,23,22,33,20,16,26,14
"E01009800",138,92,76,60,51,54,53,56,44,42,42
"E01009801",154,162,227,132,120,117,84,74,72,91,64
"E01009802",69,41,89,33,41,30,38,47,42,36,50
"E01009803",59,53,57,35,37,17,31,22,39,26,23
"E01009805",258,198,195,178,128,108,118,118,68,81,78
"E01009806",69,74,59,49,76,49,41,58,21,43,21
"E01009807",29,34,32,40,20,39,15,30,16,26,32
"E01009808",23,21,15,21,25,8,19,20,17,18,7
"E01009809",87,45,78,48,45,62,38,43,42,41,44
"E01009810",81,60,49,47,39,41,27,42,19,40,27
"E01009811",64,38,45,32,30,28,27,27,25,26,9
"E01009812",42,25,29,20,19,15,14,25,25,16,12
"E01009813",73,66,77,71,58,88,63,48,47,39,37
"E01009814",17,25,27,25,28,22,24,29,15,19,11
"E01009815",51,45,33,33,31,43,37,31,28,27,26
"E01009816",111,112,107,109,86,88,72,53,74,65,48
"E01009817",23,33,26,17,24,21,18,23,23,21,16
"E01009818",60,72,66,62,58,47,51,55,38,31,33
"E01009819",183,173,206,172,165,145,171,155,161,113,146
"E01009820",82,127,159,79,92,111,78,64,60,65,58
"E01009821",19,29,22,24,30,32,24,32,29,12,12
"E01009822",122,148,105,112,146,117,152,108,98,94,74
"E01009823",45,75,54,45,62,44,30,33,42,39,32
"E01009824",102,112,98,89,75,75,105,86,68,70,71
"E01009825",59,64,55,43,44,48,55,30,36,28,42
"E01009826",30,16,15,13,16,13,12,15,7,7,8
"E01009827",39,35,34,33,21,30,34,23,26,19,19
"E01009828",122,124,97,85,78,71,79,46,57,47,38
"E01009829",50,64,42,28,28,27,31,33,26,20,16
"E01009830",32,56,35,43,29,38,25,27,34,20,31
"E01009831",78,65,67,130,97,45,53,26,45,40,32
"E01009832",96,90,97,153,187,90,91,48,58,64,58
"E01009833",192,212,185,158,132,133,141,140,104,134,78
"E01009834",115,94,80,73,74,82,68,52,47,68,46
"E01009835",74,104,92,83,69,68,102,62,46,68,37
"E01009836",309,236,228,231,233,290,298,227,161,139,126
"E01009837",153,149,152,121,147,131,136,74,77,104,57
"E01009838",86,62,105,65,85,64,74,37,59,37,34
"E01009839",67,92,102,108,101,80,86,67,43,55,43
"E01009840",179,136,168,153,121,138,140,106,94,106,86
"E01009841",170,173,161,136,200,196,126,93,94,104,74
"E01009842",229,194,207,152,123,123,121,121,99,106,102
"E01009843",162,179,148,161,167,147,137,111,102,111,69
"E01009844",100,114,125,120,94,138,140,85,100,84,92
"E01009845",58,44,65,53,44,39,46,43,30,40,13
"E01009846",26,31,35,28,19,21,33,22,35,16,15
"E01009847",22,37,80,58,65,47,42,23,36,38,10
"E01009848",85,66,74,45,81,58,65,64,56,51,26
"E01009849",53,42,32,40,77,69,70,55,37,38,21
"E01009850",148,211,279,166,175,132,120,136,97,131,120
"E01009851",55,39,56,46,62,49,56,51,36,42,21
"E01009852",24,30,49,23,20,20,21,25,20,25,21
"E01009853",23,21,58,27,59,28,34,25,19,19,20
"E01009854",45,43,77,40,42,29,33,24,24,36,24
"E01009855",60,56,49,52,54,56,49,37,34,38,19
"E01009884",171,152,198,131,162,130,130,89,81,91,76
"E01009885",110,97,120,88,113,95,73,85,75,73,52
"E01009886",62,50,95,76,69,51,63,53,44,44,38
"E01009887",91,72,94,101,73,69,75,91,59,41,64
"E01009888",87,49,94,69,56,52,54,48,42,45,58
"E01009889",446,434,413,364,322,283,311,274,258,248,192
"E01009890",114,101,147,91,97,74,72,76,61,72,58
"E01009891",145,77,121,108,97,83,81,66,44,38,39
"E01009892",422,412,338,318,340,362,309,246,218,230,224
"E01009893",205,128,123,120,89,116,87,87,77,60,72
"E01009894",106,73,92,81,61,51,58,56,42,46,44
"E01009895",100,141,164,158,118,80,98,110,98,92,106
"E01009896",29,35,31,32,21,20,31,28,24,39,20
"E01009897",34,47,38,46,37,34,37,26,24,30,19
"E01009898",150,138,106,162,103,92,59,61,73,106,69
"E01009899",22,26,24,29,27,25,21,22,14,16,18
"E01009900",22,22,32,33,19,23,23,24,13,13,20
"E01009901",29,43,34,37,23,21,27,30,14,40,28
"E01009902",36,47,48,38,23,32,17,21,16,29,23
"E01009903",29,36,56,30,17,23,21,39,18,25,12
"E01009904",57,40,34,40,30,39,27,54,37,28,44
"E01009905",140,170,178,134,163,99,97,110,109,94,62
"E01009906",341,286,280,200,166,142,152,152,96,123,96
"E01009907",142,120,129,70,70,93,97,108,76,77,38
"E01009908",113,102,147,86,91,96,62,81,43,73,56
"E01009909",35,42,29,28,37,27,25,26,25,34,7
"E01009910",44,38,55,54,52,38,47,30,41,31,28
"E01009911",35,63,43,41,48,33,37,22,21,30,18
"E01033187",193,210,223,315,226,220,214,139,103,70,118
"E01009921",258,247,254,126,105,141,135,87,75,113,76
"E01009922",59,61,55,53,43,27,34,31,16,40,38
"E01009923",60,58,69,55,74,70,75,47,41,45,60
"E01009924",92,74,102,36,68,40,54,46,40,40,48
"E01009925",113,128,167,86,80,70,81,65,58,66,92
"E01009926",97,93,92,67,88,42,67,47,44,51,63
"E01009927",447,416,427,317,275,348,265,238,196,215,254
"E01009928",113,114,117,96,89,46,74,47,77,52,55
"E01009929",83,124,134,120,64,66,81,44,44,44,54
"E01009930",71,101,77,51,53,59,55,26,27,35,35
"E01009931",98,143,142,107,103,78,64,59,75,57,52
"E01009932",466,405,376,285,315,326,276,223,169,221,254
"E01009933",91,73,87,80,76,56,50,48,39,43,38
"E01009934",113,123,131,139,97,101,82,85,65,60,92
"E01009935",145,172,182,153,108,149,89,86,48,83,76
"E01009936",159,200,104,91,56,67,55,47,27,44,28
"E01009937",85,47,91,45,79,65,67,41,41,35,42
"E01009938",123,69,78,64,86,67,83,62,51,71,38
"E01010002",121,129,186,150,180,177,166,164,102,105,113
"E01009939",80,87,138,87,62,52,57,56,46,80,82
"E01009940",91,112,107,67,75,75,66,63,46,55,47
"E01009941",128,113,97,84,59,104,93,53,33,52,37
"E01009942",121,101,112,89,97,82,68,53,31,45,51
"E01009943",91,58,79,64,50,56,58,46,49,74,55
"E01009944",138,152,132,77,70,85,81,65,45,74,49
"E01009946",59,73,70,58,68,60,70,59,51,74,70
"E01009947",177,155,164,143,105,79,130,106,101,145,106
"E01009948",47,54,46,26,35,43,48,33,13,20,31
"E01009949",75,57,46,52,53,51,49,57,49,71,64
"E01009950",230,206,191,143,138,161,154,104,84,98,81
"E01009951",103,147,148,102,110,118,100,66,93,102,57
"E01009952",91,85,118,126,65,86,91,76,67,63,96
"E01009953",273,306,296,244,202,219,178,111,125,98,114
"E01009954",179,150,179,158,78,134,86,77,68,96,86
"E01009955",202,277,258,227,167,158,161,174,162,165,132
"E01009956",122,127,180,135,131,103,106,90,74,95,70
"E01009957",112,138,131,140,123,89,108,69,47,74,48
"E01009958",99,98,75,63,51,70,54,54,42,55,27
"E01009959",37,51,53,33,22,28,33,18,13,22,18
"E01009960",55,62,73,71,60,64,60,58,39,32,47
"E01009961",59,48,44,38,54,34,38,33,17,24,22
"E01009962",144,66,70,65,62,34,37,39,23,28,25
"E01009963",85,73,73,87,56,63,62,41,47,31,33
"E01009964",80,75,84,88,98,64,47,45,49,45,43
"E01009965",63,69,66,72,79,65,53,47,38,50,23
"E01009966",97,82,87,79,59,44,59,47,33,39,42
"E01009967",58,57,45,36,44,43,46,40,37,25,24
"E01009968",111,92,43,80,65,58,43,46,37,58,39
"E01009969",168,138,93,81,61,68,93,91,91,74,69
"E01009970",59,46,60,51,38,37,64,57,46,56,25
"E01009971",65,80,52,48,62,37,47,48,44,46,24
"E01009972",205,182,121,82,43,76,73,85,79,78,99
"E01009973",88,69,54,60,48,69,88,65,49,41,63
"E01009974",128,168,170,138,93,88,85,89,94,108,106
"E01009975",38,44,37,26,36,35,24,40,60,49,44
"E01009976",108,76,88,63,74,116,99,91,51,63,65
"E01009977",228,177,188,176,242,165,175,175,134,132,126
"E01009978",106,115,122,110,52,55,99,67,69,69,55
"E01009979",249,198,187,141,141,136,133,157,95,103,87
"E01009980",99,93,96,80,71,78,88,60,52,61,50
"E01009981",780,789,776,467,435,414,372,348,239,294,303
"E01009982",93,105,83,80,63,49,55,72,45,64,43
"E01009983",70,54,57,66,63,44,46,48,52,39,35
"E01009985",132,120,137,93,59,71,91,62,65,66,46
"E01009986",95,103,78,73,72,57,48,43,50,61,48
"E01009987",114,133,134,125,75,69,79,56,59,80,43
"E01009988",221,185,193,137,145,131,147,139,131,153,128
"E01009989",297,201,191,166,164,146,141,138,98,120,116
"E01009991",170,137,148,127,89,110,118,98,84,121,123
"E01009992",98,122,106,76,105,71,93,104,105,65,48
"E01009993",112,110,156,149,155,102,93,110,93,85,79
"E01009994",123,111,73,90,90,81,72,73,59,55,50
"E01009995",89,109,107,102,102,104,75,79,49,44,51
"E01009996",63,104,77,59,62,63,80,66,54,72,48
"E01009997",83,79,79,90,107,79,55,78,59,82,57
"E01009998",210,138,174,134,141,127,130,114,103,77,127
"E01009999",122,137,121,123,99,110,105,82,64,82,63
"E01010000",123,105,103,105,102,73,81,89,51,63,68
"E01010001",125,127,97,82,54,54,64,50,48,42,45
"E01010003",183,158,182,99,112,119,147,102,77,94,116
"E01010004",206,201,194,142,117,127,142,135,105,95,102
"E01010005",100,140,151,85,118,77,80,45,49,51,42
"E01010006",144,113,123,103,108,107,96,85,73,85,83
"E01010007",116,102,78,68,76,56,41,46,38,59,41
"E01010008",47,67,61,33,53,48,49,34,41,41,40
"E01010009",63,57,35,49,34,51,45,40,34,40,37
"E01010010",120,107,80,103,76,55,58,64,70,40,25
"E01010011",92,98,91,82,58,51,41,60,57,61,60
"E01010012",45,54,43,41,60,34,53,41,32,40,29
"E01010013",45,30,26,41,37,32,24,46,27,27,29
"E01010014",72,69,82,68,81,47,44,40,37,40,46
"E01010015",357,309,317,263,240,258,178,152,124,149,158
"E01010016",85,60,74,77,60,73,41,50,38,56,47
"E01010017",723,581,510,298,330,369,383,350,298,293,284
"E01010018",484,456,441,349,344,380,363,303,203,223,219
"E01010019",266,325,261,151,158,155,152,104,86,125,121
"E01010020",94,119,98,57,81,82,117,71,57,75,86
"E01010021",90,157,102,97,86,99,74,55,42,54,68
"E01010022",143,133,111,93,76,89,71,83,47,38,47
"E01010023",146,118,139,84,80,87,86,104,69,87,94
"E01010024",79,80,73,86,47,44,25,39,39,27,52
"E01010025",107,137,198,119,83,75,78,78,61,39,87
"E01010026",76,67,77,55,50,80,57,56,37,42,47
"E01010027",102,85,115,78,113,60,55,75,52,48,59
"E01010028",86,92,115,57,54,58,66,61,46,36,29
"E01010029",119,131,84,63,44,41,56,74,50,62,50
"E01010030",135,196,171,131,146,80,122,105,96,95,97
"E01010031",217,235,185,184,192,144,174,130,153,89,109
"E01010032",137,172,116,73,55,52,59,58,38,59,68
"E01010033",175,283,186,140,107,92,104,87,76,84,71
"E01010034",43,59,51,42,62,32,42,31,20,26,20
"E01010035",73,81,82,60,69,41,71,55,33,33,35
"E01010036",57,103,79,94,74,52,72,47,58,45,56
"E01010037",107,198,169,107,107,71,99,72,53,64,39
"E01010038",111,100,117,115,85,94,85,53,66,54,52
"E01010039",139,88,116,106,74,91,97,69,59,62,57
"E01010040",143,153,133,131,92,91,63,54,51,60,50
"E01010041",105,169,117,92,77,67,61,60,51,29,28
"E01010042",140,166,198,149,90,144,101,85,69,84,68
"E01010043",64,37,62,48,43,30,35,33,13,20,18
"E01010044",144,151,127,127,115,90,59,32,48,37,53
"E01010045",136,196,144,157,96,75,60,97,44,44,46
"E01010046",168,160,138,148,139,154,135,107,93,133,102
"E01010047",227,225,229,178,130,168,146,129,129,130,121
"E01010048",118,91,86,71,72,43,76,49,50,55,37
"E01010049",173,139,153,131,116,68,87,57,53,71,48
"E01010050",73,73,69,53,47,33,92,41,55,58,43
"E01010051",65,45,73,42,53,32,53,41,26,42,43
"E01010052",167,94,105,84,102,109,72,86,49,240,141
"E01010068",63,56,122,74,114,75,72,49,39,56,55
"E01010053",273,254,272,195,159,161,221,125,136,122,104
"E01010054",321,261,233,255,193,188,223,208,168,189,145
"E01010055",121,106,102,105,87,72,69,83,59,59,52
"E01010056",101,72,87,69,69,63,93,59,44,62,53
"E01010057",98,84,82,89,69,47,55,60,57,50,28
"E01010058",161,101,115,111,101,91,87,74,50,65,53
"E01010059",146,140,130,89,84,92,92,90,63,77,78
"E01010060",149,130,148,133,103,89,89,78,93,88,75
"E01010061",201,211,183,162,229,286,251,233,204,246,314
"E01010062",296,254,244,236,201,235,222,176,133,148,127
"E01010063",313,241,245,257,213,242,223,223,125,153,118
"E01010064",230,199,176,213,170,190,175,179,104,123,124
"E01010065",100,113,97,110,88,85,78,79,67,88,93
"E01010066",101,85,85,84,94,66,90,66,77,96,75
"E01010067",85,62,88,81,68,64,66,80,69,61,72
"E01010069",88,90,65,71,69,55,58,55,42,41,28
"E01010070",80,85,106,75,137,57,82,41,39,42,53
"E01010071",198,191,236,270,199,168,208,157,128,117,123
"E01010072",180,164,179,149,122,111,102,120,77,75,78
"E01010073",107,139,72,70,71,54,46,50,26,42,55
"E01010074",332,355,434,256,267,225,210,139,176,177,160
"E01010075",71,27,33,34,34,36,33,27,26,28,29
"E01010076",129,129,142,172,145,83,92,81,75,96,86
"E01010077",142,95,73,76,92,123,79,82,34,73,47
"E01010078",85,58,67,63,42,81,30,52,26,38,36
"E01010079",113,60,87,61,49,90,51,58,25,25,30
"E01010080",208,204,211,138,124,178,115,127,107,98,103
"E01010081",83,56,65,82,39,63,40,39,15,25,30
"E01010082",100,69,112,109,64,103,83,76,39,60,61
"E01010083",88,84,92,63,73,77,59,60,53,38,42
"E01010084",152,86,108,109,97,145,98,66,50,40,51
"E01010085",189,203,184,118,150,123,126,144,103,121,100
"E01010086",74,74,72,56,80,90,67,71,62,61,30
"E01010087",353,270,315,199,184,136,132,146,124,134,143
"E01010088",61,81,91,55,72,50,54,71,44,43,38
"E01010089",146,151,106,104,102,87,86,64,57,61,48
"E01010090",522,518,444,259,302,219,234,261,260,241,210
"E01010091",89,124,155,116,89,122,53,84,64,66,65
"E01010092",179,168,132,122,218,149,203,233,146,133,128
"E01010093",241,135,156,161,131,146,118,134,68,78,83
"E01010094",243,154,107,99,89,99,47,67,60,87,72
"E01010095",276,186,210,224,178,189,162,131,101,117,104
"E01010096",219,237,287,233,211,180,147,161,136,155,155
"E01010097",118,162,138,124,122,104,104,100,82,83,51
"E01010098",73,71,85,97,84,74,52,54,38,47,58
"E01010099",101,75,109,74,75,85,73,69,46,70,78
"E01010100",188,209,201,95,75,120,76,107,103,99,94
"E01010101",408,307,224,186,144,139,166,129,149,124,115
"E01010102",513,524,403,256,239,334,338,286,268,290,284
"E01010103",418,441,444,283,250,209,191,207,182,223,197
"E01010104",240,225,200,164,119,144,105,100,103,150,90
"E01010105",125,120,95,69,46,55,58,54,38,46,49
"E01010106",525,525,431,293,280,262,317,266,297,296,215
"E01010107",601,581,498,380,352,371,326,296,275,348,321
"E01032887",357,269,324,218,192,190,158,157,183,156,124
"E01032592",105,125,90,120,110,100,111,70,57,110,81
"E01009522",52,60,70,63,62,56,53,59,55,45,44
"E01009523",188,220,210,129,68,78,64,72,104,93,81
"E01009524",92,87,93,98,118,77,78,73,67,71,65
"E01009525",45,66,55,39,36,29,30,30,27,32,25
"E01009526",104,116,100,144,110,86,75,73,83,120,63
"E01009527",82,89,75,74,79,70,82,60,62,64,60
"E01009528",35,38,34,46,50,26,28,43,48,33,31
"E01009529",76,88,63,59,91,98,85,55,81,52,59
"E01009530",51,41,38,63,45,35,40,37,25,29,41
"E01009531",122,138,153,109,126,73,64,56,75,122,77
"E01009532",183,185,162,117,123,169,101,114,85,108,74
"E01009535",73,106,76,87,67,97,51,55,34,45,54
"E01009536",55,60,45,64,66,63,70,43,31,48,33
"E01009537",216,236,234,170,198,239,138,155,97,133,87
"E01009543",319,489,316,252,263,274,183,197,204,200,209
"E01009544",172,167,153,129,119,122,108,94,101,110,80
"E01009548",260,211,190,171,184,219,177,170,151,189,147
"E01009553",296,332,257,264,239,363,234,218,229,236,196
"E01009632",305,276,266,232,253,274,199,181,162,231,135
"E01009635",486,492,487,380,408,439,375,415,280,297,307
"E01009652",102,71,84,70,57,63,69,66,47,50,48
"E01009653",59,54,41,58,48,45,36,33,43,39,35
"E01009654",146,146,135,239,96,91,62,69,48,73,34
"E01009538",298,225,153,167,185,262,251,219,144,194,173
"E01009539",182,182,151,186,150,175,177,143,165,211,180
"E01009540",236,283,300,336,303,317,225,218,146,154,206
"E01009541",284,254,209,198,171,166,183,164,150,156,148
"E01009542",229,199,191,188,170,158,157,136,167,158,126
"E01009549",37,46,42,50,58,69,37,50,39,49,46
"E01009550",99,128,107,121,133,141,74,84,67,72,56
"E01009552",91,77,78,95,55,69,63,47,52,65,46
"E01009554",63,82,67,66,82,65,68,64,41,50,46
"E01009555",60,76,97,104,63,89,61,51,50,64,51
"E01009556",140,130,136,131,158,144,113,83,97,117,99
"E01009557",61,53,50,43,41,51,54,54,51,70,53
"E01009558",68,116,87,85,100,84,79,56,66,84,61
"E01009559",89,105,101,101,89,100,89,66,63,71,74
"E01009560",33,57,58,46,45,38,34,32,25,53,31
"E01009561",59,62,39,55,50,58,34,28,44,37,31
"E01009562",72,84,55,50,55,50,44,26,38,56,37
"E01009563",32,38,43,28,35,34,17,24,25,43,29
"E01009564",165,231,237,177,219,218,154,162,154,127,108
"E01009565",62,45,51,59,38,42,38,56,18,43,34
"E01009566",262,226,249,216,256,212,176,128,118,170,182
"E01009567",206,156,174,185,168,195,142,111,144,129,124
"E01009568",101,73,103,105,105,89,76,43,46,61,54
"E01009569",246,253,203,175,198,138,150,167,175,204,199
"E01009570",242,198,240,254,193,173,173,139,207,153,142
"E01009674",70,69,78,89,89,82,62,70,74,71,66
"E01009571",156,144,134,138,112,146,143,122,111,129,81
"E01009572",348,294,254,227,223,259,261,204,193,147,171
"E01009573",137,93,93,124,89,63,85,79,53,61,41
"E01009574",292,285,297,224,208,180,184,140,155,155,123
"E01009575",114,106,100,164,343,410,357,343,271,254,262
"E01009709",166,192,166,193,152,128,88,117,199,150,157
"E01009576",74,67,81,96,109,93,61,84,80,75,42
"E01009577",193,159,254,206,208,228,175,140,133,161,144
"E01009578",567,554,394,332,273,251,244,231,272,231,181
"E01009579",152,150,217,175,171,207,149,111,160,114,125
"E01009580",280,213,238,270,225,259,185,185,176,171,159
"E01009581",128,124,126,119,94,98,74,74,97,88,89
"E01009582",268,259,204,162,183,156,134,90,92,85,56
"E01009583",257,363,340,320,206,206,178,202,224,245,174
"E01009584",141,125,194,173,127,125,99,107,99,105,85
"E01009585",128,137,200,243,206,243,199,221,231,273,225
"E01009586",128,75,106,130,100,92,55,86,92,53,46
"E01009587",118,120,119,147,117,141,137,112,92,114,94
"E01009588",132,114,88,66,83,64,99,83,61,50,45
"E01009589",116,145,149,182,180,178,145,175,235,111,90
"E01009590",178,143,137,132,149,115,123,72,86,114,103
"E01009591",74,74,74,74,60,52,49,53,40,40,37
"E01009592",56,87,74,62,65,84,67,60,68,82,57
"E01009593",108,109,106,142,140,111,87,114,101,87,73
"E01009594",58,62,32,59,46,37,30,25,31,46,29
"E01009596",96,109,129,86,104,91,87,79,105,103,74
"E01009597",180,191,145,158,139,152,126,122,137,143,110
"E01009598",87,64,68,62,48,67,34,44,37,35,17
"E01009599",79,76,143,108,88,98,48,67,79,56,59
"E01009604",102,109,94,90,67,67,59,68,56,76,69
"E01009605",125,145,139,79,82,97,89,125,103,62,72
"E01009606",123,109,106,91,78,102,83,60,80,69,53
"E01009607",314,296,293,279,248,277,189,176,243,203,170
"E01009608",121,113,112,91,94,85,80,70,81,85,50
"E01009609",110,116,149,119,105,115,73,80,87,84,52
"E01009610",101,92,104,93,59,103,77,87,77,77,71
"E01009611",215,213,237,195,189,251,152,144,110,105,78
"E01009612",150,147,144,155,185,106,119,116,65,91,53
"E01009613",79,73,52,79,97,71,47,46,44,41,22
"E01009614",104,83,96,111,128,102,60,58,59,50,41
"E01009615",217,183,214,208,190,121,115,86,98,112,107
"E01009616",142,126,150,106,108,108,81,52,68,56,47
"E01009617",122,130,105,128,108,122,54,44,60,65,50
"E01009618",109,130,84,141,107,112,88,49,43,56,46
"E01009619",193,163,135,139,146,127,142,126,111,135,142
"E01009620",155,158,106,119,102,126,68,84,101,84,52
"E01009621",170,138,113,84,107,80,65,78,67,73,46
"E01009622",99,97,88,113,134,88,76,96,105,67,108
"E01009623",92,111,102,85,88,86,61,82,43,79,62
"E01009624",212,241,261,184,195,176,145,170,154,123,110
"E01009625",99,115,100,116,124,103,97,95,56,68,86
"E01009626",88,93,63,55,61,69,56,68,56,43,42
"E01009627",163,136,154,135,108,122,127,139,137,102,116
"E01009628",88,86,73,97,96,87,78,62,59,62,60
"E01009629",237,189,118,156,155,199,157,111,132,179,158
"E01009630",117,134,115,101,74,131,86,93,85,89,83
"E01009631",128,126,113,98,119,135,77,92,88,70,80
"E01009633",158,152,129,149,147,138,118,119,82,110,84
"E01009634",110,114,93,95,106,108,123,67,62,78,89
"E01009636",176,135,179,128,190,134,125,158,88,115,135
"E01009637",81,56,66,90,68,104,75,58,60,49,42
"E01009638",425,396,357,327,245,298,274,300,243,294,265
"E01009639",130,110,103,116,74,101,59,61,81,77,81
"E01009640",137,109,130,134,161,157,122,195,135,119,113
"E01009641",222,222,250,219,211,232,225,206,192,196,160
"E01009642",3345,3210,2956,2880,2745,2499,2023,1898,1777,1838,1640
"E01009643",77,62,52,54,65,74,42,61,30,45,48
"E01009644",51,48,50,45,55,66,64,37,48,25,33
"E01009645",58,46,35,61,77,78,79,30,52,34,48
"E01009646",66,46,68,50,51,53,37,37,38,44,36
"E01009647",444,455,402,310,346,334,249,313,220,254,227
"E01009648",73,49,52,62,78,62,57,32,40,53,67
"E01009649",70,45,41,61,58,60,41,28,59,44,68
"E01009650",169,241,196,208,174,176,167,172,126,192,137
"E01009651",232,220,218,218,163,176,120,115,95,145,109
"E01009655",199,212,174,161,92,71,58,57,70,92,78
"E01009656",177,166,151,157,159,179,145,129,123,105,97
"E01009657",162,221,143,134,117,101,73,91,89,85,59
"E01009658",123,90,109,141,110,94,73,62,78,66,54
"E01009659",152,140,152,144,133,146,150,109,131,118,122
"E01009660",118,89,122,138,129,147,97,71,87,75,68
"E01009661",255,211,228,249,249,201,171,224,169,223,170
"E01009662",312,324,227,250,209,192,162,114,110,151,188
"E01009663",59,60,109,125,54,60,33,39,40,60,53
"E01009664",93,97,117,127,94,77,65,74,77,53,35
"E01009665",46,22,23,36,24,19,24,32,21,29,22
"E01009666",26,46,50,31,53,53,36,24,31,35,18
"E01009667",22,30,34,32,34,27,23,18,19,26,34
"E01009668",55,64,69,73,55,55,55,40,29,34,38
"E01009669",45,53,51,53,54,54,31,45,43,43,38
"E01009670",76,73,81,77,52,69,52,45,68,48,46
"E01009671",280,285,248,314,273,274,192,201,202,189,186
"E01009672",68,101,58,79,63,64,120,88,74,77,44
"E01009676",58,60,55,67,61,98,65,53,48,63,48
"E01009679",114,122,118,115,112,142,119,93,100,109,65
"E01009681",107,101,103,102,81,79,52,57,60,75,77
"E01009682",27,34,53,43,51,41,35,56,28,24,30
"E01009683",110,82,121,107,76,108,78,78,58,68,64
"E01009684",45,111,104,133,82,89,90,77,74,79,75
"E01009685",59,72,57,122,61,59,59,49,58,62,68
"E01009686",195,297,225,255,212,193,197,152,154,202,145
"E01009687",53,60,40,80,55,74,55,50,39,52,44
"E01009688",146,156,132,127,109,133,87,88,62,77,81
"E01009689",115,163,166,170,159,197,137,124,118,123,100
"E01009690",75,88,81,98,60,92,62,47,53,88,66
"E01009691",78,75,84,72,71,83,81,47,66,87,80
"E01009692",47,29,34,24,45,27,19,25,22,20,26
"E01009693",50,44,39,47,45,33,45,36,36,23,28
"E01009694",67,61,55,63,58,52,40,79,40,54,45
"E01009695",52,45,54,48,36,51,28,30,30,31,25
"E01009696",45,48,56,65,43,29,31,30,37,21,23
"E01009697",50,44,56,58,57,59,58,42,56,31,46
"E01009698",82,39,59,37,63,47,46,39,33,31,29
"E01009699",37,27,45,41,56,35,38,23,19,34,29
"E01009700",117,98,116,124,120,98,97,83,108,84,78
"E01009701",63,50,59,66,76,66,44,57,78,56,65
"E01009702",141,119,164,185,157,78,91,104,87,83,94
"E01009703",87,70,69,130,63,59,84,69,83,96,108
"E01009704",92,72,82,58,92,47,31,44,30,35,19
"E01009705",74,62,66,40,45,43,32,44,36,27,25
"E01009706",27,31,47,42,34,29,27,28,23,27,16
"E01009707",45,64,46,77,105,76,40,46,47,49,45
"E01009708",78,93,60,67,99,79,75,39,43,36,41
"E01009710",90,92,88,75,73,86,42,56,63,46,32
"E01009711",124,81,109,107,67,67,85,52,60,87,63
"E01009712",104,85,106,203,88,96,76,55,57,39,34
"E01009713",103,116,122,163,165,135,98,65,62,82,71
"E01009714",104,66,65,118,95,98,62,60,47,54,55
"E01009715",61,112,65,106,96,94,54,47,62,57,30
"E01009716",83,93,106,110,124,76,60,45,41,51,58
"E01009717",224,228,149,164,181,154,102,123,112,125,153
"E01009718",186,148,167,160,137,108,108,94,99,102,110
"E01032528",135,145,133,153,106,118,87,81,60,62,61
"E01032527",132,138,117,117,108,154,101,92,64,83,79
"E01032529",198,176,123,117,119,90,108,78,79,82,73
"E01032530",338,335,275,218,265,298,206,208,193,224,181
"E01032531",167,164,214,203,234,341,203,206,243,214,112
"E01032532",137,124,141,129,115,104,76,72,54,108,72
"E01032533",57,77,56,60,51,95,59,48,55,46,34
"E01032534",99,96,67,85,93,75,53,44,53,56,49
"E01032535",54,61,40,47,54,33,35,30,29,28,17
"E01032536",144,113,116,127,120,152,107,96,85,100,85
"E01032537",113,135,137,94,86,138,120,80,91,95,50
"E01032538",183,243,217,230,212,217,192,132,174,169,137
"E01032587",67,77,83,76,85,99,75,41,70,56,62
"E01033058",175,217,182,240,152,191,137,152,171,150,113
"E01010480",149,134,155,130,83,78,53,44,50,36,33
"E01010498",116,113,80,85,52,52,33,33,32,53,29
"E01010500",160,68,101,72,125,73,82,53,41,53,43
"E01010528",368,394,304,358,270,211,175,304,251,202,214
"E01010535",123,156,126,115,114,119,123,94,95,91,83
"E01010502",63,50,52,55,47,41,46,32,32,34,23
"E01010428",156,100,106,95,92,83,86,52,44,69,80
"E01010410",432,419,352,405,437,363,277,300,233,315,221
"E01010411",130,113,119,108,102,93,79,48,77,85,61
"E01010412",136,158,154,179,192,226,100,120,148,134,113
"E01010413",126,113,132,129,107,86,87,53,95,84,66
"E01010414",751,772,676,678,585,556,515,417,426,522,427
"E01010415",111,133,163,133,132,125,119,148,100,75,55
"E01010431",83,66,65,51,47,37,36,33,37,44,34
"E01010416",202,197,176,178,185,137,159,150,104,117,69
"E01010437",37,32,42,25,33,17,48,27,35,17,17
"E01010417",90,103,101,105,101,71,50,59,37,61,56
"E01010418",77,77,104,94,72,63,73,91,72,55,45
"E01010419",86,76,84,82,82,67,57,68,65,72,29
"E01010420",252,295,305,245,217,129,166,171,140,148,105
"E01010445",134,132,98,100,101,83,77,68,46,48,59
"E01010421",120,123,103,77,181,90,71,124,78,62,56
"E01010422",274,270,210,225,233,143,151,165,114,164,140
"E01010423",116,95,94,88,118,100,71,64,80,87,96
"E01010424",102,105,66,70,95,68,68,69,47,71,59
"E01010425",79,60,48,59,99,53,64,60,66,48,42
"E01010426",359,326,271,215,224,224,252,183,194,248,204
"E01010447",97,82,104,134,99,78,93,75,63,43,66
"E01010427",152,147,118,124,100,112,87,87,77,96,76
"E01010429",83,64,50,58,65,67,48,54,60,73,61
"E01010430",168,195,174,164,116,108,110,92,83,115,76
"E01010432",42,55,33,51,49,39,52,46,35,59,35
"E01010433",253,258,207,149,135,153,135,86,90,175,119
"E01010448",110,80,133,100,85,94,107,74,78,69,55
"E01010434",202,134,98,102,149,124,109,92,124,87,89
"E01010435",272,189,163,177,172,213,211,106,108,75,98
"E01010436",110,86,80,87,53,81,66,65,46,43,45
"E01010438",133,96,93,62,63,87,50,62,53,41,27
"E01010464",203,239,183,167,142,148,132,107,91,89,99
"E01010439",124,99,108,94,114,77,90,55,64,41,35
"E01010440",200,149,125,101,103,100,84,110,99,88,56
"E01010441",146,92,80,81,69,76,89,110,51,55,54
"E01010442",282,235,238,221,183,162,157,112,107,147,123
"E01010443",250,278,232,300,199,207,200,140,139,131,135
"E01010444",48,46,26,42,42,36,42,33,34,27,17
"E01010446",244,278,196,195,207,117,160,108,119,129,100
"E01010449",152,235,158,152,161,102,163,111,137,165,141
"E01010471",149,136,117,109,120,96,98,72,83,89,68
"E01010450",379,368,338,307,268,233,230,162,169,210,164
"E01010451",342,318,266,279,244,190,219,189,185,187,198
"E01010452",155,138,113,134,105,95,101,85,67,98,93
"E01010473",166,154,174,172,97,67,95,79,92,94,80
"E01010453",146,184,140,122,101,117,83,86,99,81,66
"E01010454",150,148,126,110,129,99,72,65,59,38,55
"E01010455",235,232,237,240,196,170,174,104,102,128,104
"E01010456",182,163,121,158,115,96,93,100,78,67,53
"E01010457",101,86,80,81,59,62,68,81,59,52,24
"E01010458",85,57,91,101,60,54,61,64,60,54,33
"E01010459",222,226,217,187,179,182,227,238,170,223,164
"E01010460",135,166,146,155,132,95,64,60,66,58,42
"E01010461",72,71,65,75,55,39,52,38,46,43,27
"E01010462",132,108,103,120,119,111,100,132,77,82,42
"E01010463",219,170,123,111,105,137,141,129,110,118,79
"E01010465",106,77,71,45,59,56,49,78,42,40,36
"E01010466",127,99,100,78,77,59,62,102,64,86,45
"E01010467",122,123,92,47,74,58,60,56,75,66,54
"E01010468",67,90,54,57,45,47,33,42,41,33,27
"E01010469",55,92,50,59,52,44,48,42,42,33,35
"E01010470",96,117,95,100,83,90,69,91,65,61,81
"E01010472",163,123,127,85,102,104,120,101,70,105,76
"E01010474",77,75,102,87,96,70,91,70,55,61,50
"E01010475",130,151,158,122,104,68,96,73,82,57,34
"E01010476",294,303,288,249,235,140,148,128,102,152,117
"E01010477",149,161,124,110,93,68,74,63,68,83,69
"E01010478",255,200,196,203,129,145,162,194,123,106,75
"E01010479",153,118,123,104,126,98,135,79,86,53,35
"E01010481",210,163,142,149,174,131,119,138,110,60,46
"E01010482",100,76,69,66,85,71,95,70,56,40,22
"E01010483",220,198,165,148,122,112,107,116,95,77,67
"E01010484",125,96,103,94,75,58,63,68,62,38,37
"E01010485",179,173,158,125,116,90,73,68,84,84,79
"E01010486",199,165,138,168,113,128,99,83,98,65,51
"E01010487",53,61,40,41,58,34,42,48,34,38,43
"E01010488",56,79,44,56,64,56,46,72,50,34,50
"E01010489",54,55,36,49,49,46,29,23,24,34,25
"E01010490",106,90,71,99,75,50,49,55,47,50,50
"E01010491",55,60,72,77,71,45,71,68,46,33,37
"E01010492",53,59,40,31,33,16,38,26,18,25,16
"E01010493",57,63,35,43,67,48,38,54,45,34,33
"E01010494",35,28,22,11,9,23,26,26,25,18,25
"E01010495",259,125,156,143,116,117,127,109,130,108,101
"E01010496",138,113,73,80,59,64,65,52,62,102,56
"E01010497",80,43,42,38,31,37,25,36,37,30,25
"E01010499",182,84,119,141,158,125,125,100,74,95,92
"E01010527",150,157,155,159,179,163,110,93,92,78,71
"E01010529",129,131,122,132,121,93,97,80,51,84,84
"E01010530",320,382,361,290,260,278,224,176,136,152,130
"E01010531",124,120,85,91,134,112,95,61,93,82,92
"E01010532",89,69,88,68,83,73,73,47,49,61,54
"E01010533",98,137,96,106,59,54,80,81,69,62,78
"E01010534",78,76,62,83,58,65,72,50,53,59,44
"E01010536",31,41,30,41,30,27,49,32,21,27,36
"E01010537",37,25,20,49,20,23,45,29,23,22,17
"E01010538",84,82,60,43,63,61,79,54,47,44,50
"E01010539",70,61,49,62,58,61,65,49,40,46,39
"E01010540",90,83,99,78,77,89,79,79,46,51,54
"E01010523",115,89,76,84,87,84,98,61,69,102,57
"E01010541",111,134,131,109,125,78,60,84,62,38,46
"E01010542",58,61,57,75,42,58,47,29,33,40,31
"E01010543",104,132,96,96,101,84,55,56,45,36,42
"E01010524",61,69,75,63,64,48,61,46,34,43,36
"E01010544",63,62,60,75,73,49,44,43,34,67,43
"E01010545",113,59,58,82,72,54,61,56,60,58,77
"E01010546",62,58,54,48,56,45,40,36,38,36,29
"E01010547",103,93,68,71,83,85,88,112,63,68,71
"E01010548",38,17,27,21,25,26,28,29,14,34,17
"E01010525",83,105,116,100,108,101,51,52,50,51,59
"E01010549",48,27,36,27,39,35,30,44,22,41,21
"E01010550",70,46,33,36,34,34,17,60,27,41,17
"E01010551",149,155,122,90,132,102,85,103,80,97,70
"E01010552",93,78,64,63,57,38,41,38,30,24,22
"E01010501",69,54,44,48,51,32,36,32,32,32,20
"E01010503",131,90,58,95,86,87,78,41,46,61,51
"E01010504",105,83,71,92,91,80,49,52,34,48,38
"E01010505",79,97,82,59,44,42,52,62,30,28,38
"E01010506",121,125,113,98,99,74,103,116,109,122,97
"E01010507",59,67,48,51,48,35,50,62,40,54,33
"E01010508",195,190,204,162,171,170,157,137,149,119,122
"E01010509",43,46,24,36,35,37,37,42,35,36,29
"E01010510",195,218,168,133,114,117,95,71,56,98,84
"E01010559",101,65,57,61,86,42,53,50,38,68,39
"E01010511",136,137,118,119,129,107,121,87,83,95,83
"E01010512",137,109,113,95,105,110,112,102,72,88,86
"E01010513",58,79,81,64,81,67,99,45,60,56,43
"E01010514",47,89,58,32,48,51,32,41,40,55,41
"E01010515",28,39,26,24,26,25,23,20,28,14,30
"E01010516",38,55,26,31,30,28,28,27,17,21,20
"E01010517",39,44,39,42,40,40,45,35,25,29,16
"E01010518",44,60,47,31,64,32,23,36,46,37,26
"E01010519",87,58,45,43,54,51,48,51,43,33,64
"E01010520",35,36,30,30,30,26,28,23,27,33,32
"E01010521",2593,2650,2555,2661,2257,2275,2007,1544,1376,1505,1529
"E01010522",351,414,312,267,260,237,235,173,136,170,156
"E01010526",116,80,102,94,107,83,59,70,46,69,56
"E01010553",51,61,43,42,48,41,50,34,37,49,37
"E01010554",100,64,54,51,70,49,47,44,44,39,39
"E01010555",123,91,94,91,100,57,82,86,83,62,59
"E01010556",73,62,42,55,58,30,53,47,32,30,22
"E01010557",65,47,39,51,48,32,62,42,42,38,34
"E01010558",42,40,53,42,59,40,51,49,44,37,24
"E01010560",79,56,64,63,65,48,59,53,55,43,43
"E01010563",159,164,166,121,137,97,106,99,99,177,162
"E01010561",45,35,63,42,44,50,27,31,27,37,34
"E01010562",120,139,116,72,77,61,75,63,44,43,50
"E01010564",644,607,657,490,596,553,623,573,522,525,562
"E01010565",65,50,117,49,39,49,38,44,33,29,17
"E01010566",90,88,95,103,113,59,64,79,86,74,40
"E01010567",112,89,110,82,106,81,93,124,136,68,58
"E01010129",94,127,169,139,134,94,103,95,132,76,93
"E01010154",75,71,68,57,79,63,56,45,37,69,58
"E01010108",157,193,161,121,108,121,91,115,101,106,81
"E01010109",1852,1770,1494,1384,953,1048,868,917,630,542,539
"E01010110",88,88,78,77,74,86,71,67,56,40,59
"E01010188",99,92,79,94,84,107,58,64,77,63,61
"E01010111",145,180,148,144,141,139,124,84,108,115,67
"E01010192",1001,1025,907,954,831,855,703,800,696,637,587
"E01010112",54,81,87,98,95,72,88,68,61,51,39
"E01010199",59,47,48,44,50,45,22,34,38,39,23
"E01010200",60,58,59,60,79,66,49,46,33,41,49
"E01010113",80,86,72,95,115,82,81,57,65,48,54
"E01010114",161,122,153,140,126,132,117,117,98,79,74
"E01010115",120,103,110,102,89,78,86,60,50,44,43
"E01010116",25,62,52,50,74,66,33,33,20,46,37
"E01010117",81,85,102,71,81,82,72,63,36,35,53
"E01010118",67,84,73,77,45,57,61,40,16,47,27
"E01010119",103,96,96,105,93,110,86,73,41,58,52
"E01010120",114,106,87,132,83,77,68,71,40,51,54
"E01010121",221,208,229,150,152,153,105,73,68,60,66
"E01010122",118,120,124,77,116,79,81,78,35,104,133
"E01010123",474,353,360,345,344,295,264,248,195,183,128
"E01010124",118,92,68,84,79,82,72,40,22,38,32
"E01010125",524,481,505,563,528,454,441,331,309,385,367
"E01010126",185,141,134,123,137,103,85,95,113,98,83
"E01010127",152,146,129,134,134,107,86,87,101,96,90
"E01010128",111,116,101,143,132,88,73,64,104,76,89
"E01010130",193,171,138,131,138,140,114,85,113,90,121
"E01010131",130,117,159,160,144,125,115,90,73,87,77
"E01010132",85,77,94,99,79,109,85,66,82,91,46
"E01010133",48,55,45,63,52,59,53,51,44,61,40
"E01010134",29,36,41,43,31,34,44,48,32,33,32
"E01010135",39,42,43,38,28,55,63,50,55,29,24
"E01010136",27,39,40,28,25,37,48,31,37,29,28
"E01010137",65,50,66,69,63,69,57,70,50,73,56
"E01010138",67,80,56,64,42,56,52,50,37,72,65
"E01010139",86,108,76,85,106,65,58,95,44,56,54
"E01010140",181,154,163,169,116,141,160,146,112,99,73
"E01010141",266,247,193,234,185,175,234,134,82,67,64
"E01010142",272,227,187,235,195,227,259,175,185,163,93
"E01010143",145,142,99,129,121,127,116,111,127,99,76
"E01010144",135,138,107,118,67,87,136,97,86,88,74
"E01010145",153,141,114,140,121,162,147,207,136,217,199
"E01010146",193,187,180,185,172,197,139,140,86,84,93
"E01010147",135,114,98,158,183,150,122,108,101,75,53
"E01010148",155,147,115,163,145,208,143,149,110,99,87
"E01010149",178,173,136,233,160,88,126,94,103,76,55
"E01010150",40,25,40,30,15,20,28,24,27,40,26
"E01010151",176,219,151,165,122,169,114,95,87,111,126
"E01010152",39,29,40,28,28,36,21,40,21,29,22
"E01010153",77,63,65,71,45,49,49,38,59,52,62
"E01010155",59,56,30,58,57,52,30,33,33,53,26
"E01010156",17,19,32,27,16,17,14,13,16,27,27
"E01010157",34,39,52,48,45,63,81,44,34,52,56
"E01010158",189,212,179,172,215,161,161,149,141,135,108
"E01010159",53,54,53,50,70,44,53,52,53,40,22
"E01010160",74,58,80,72,47,96,72,43,33,42,36
"E01010161",58,57,74,66,63,69,59,50,32,51,40
"E01010162",41,47,43,36,38,47,39,43,35,26,27
"E01010163",78,63,68,63,56,94,68,48,51,71,55
"E01010164",66,68,63,60,57,55,39,25,61,58,51
"E01010165",225,186,199,163,109,114,72,61,111,85,67
"E01010166",79,83,68,57,71,73,36,51,44,42,53
"E01010167",99,91,98,108,85,64,50,47,58,49,58
"E01010168",207,164,179,175,116,107,87,90,87,65,82
"E01010169",154,126,103,124,128,77,57,70,76,97,77
"E01010170",46,27,32,27,30,40,22,19,17,18,24
"E01010171",49,51,52,53,50,50,24,39,28,34,28
"E01010172",40,48,55,58,34,38,36,42,36,46,24
"E01010173",63,63,56,31,45,41,52,25,25,40,24
"E01010174",78,78,79,67,96,121,109,67,56,87,67
"E01010175",95,100,131,85,88,99,68,84,64,81,46
"E01010176",75,62,81,68,56,67,57,59,53,60,19
"E01010177",72,79,80,81,67,67,63,59,44,59,37
"E01010178",246,253,212,268,175,195,174,215,207,210,156
"E01010179",134,104,112,104,100,95,89,63,60,89,72
"E01010180",36,57,40,45,69,48,38,27,26,32,29
"E01010181",85,87,74,82,88,72,68,48,71,54,80
"E01010183",81,115,102,106,123,103,98,82,55,69,85
"E01010184",41,43,39,25,32,34,24,23,20,32,31
"E01010185",35,34,30,39,33,20,27,23,19,38,25
"E01010186",27,31,42,25,34,33,34,32,26,40,30
"E01010187",118,99,81,92,63,96,94,71,65,69,74
"E01010189",112,107,96,60,70,81,51,64,56,61,48
"E01010190",39,51,59,42,41,36,37,27,30,38,23
"E01010191",72,70,58,71,76,100,57,60,51,73,35
"E01010193",37,28,37,60,26,25,28,37,29,26,11
"E01010194",22,42,34,23,13,14,18,10,21,17,13
"E01010195",106,77,114,72,27,55,54,64,85,74,49
"E01010196",74,103,114,67,56,82,67,46,52,59,37
"E01010197",33,41,29,34,24,32,22,33,22,32,19
"E01010198",339,304,293,307,264,268,262,220,219,229,177
"E01010201",142,156,135,91,127,95,84,110,112,150,107
"E01010202",47,28,26,40,23,33,27,31,24,38,33
"E01010203",392,430,404,378,243,261,194,233,226,230,236
"E01010204",126,142,154,88,120,120,129,89,91,126,107
"E01010205",100,96,101,54,62,53,46,35,34,35,25
"E01010206",76,81,59,46,75,73,80,74,50,63,47
"E01010207",91,92,74,71,41,53,37,64,42,76,67
"E01010208",161,141,143,145,125,313,234,332,308,234,258
"E01010209",145,126,93,95,99,95,75,63,52,78,65
"E01010210",44,71,62,52,42,56,45,48,39,25,37
"E01010211",38,56,34,50,40,56,39,38,48,35,33
"E01010212",47,67,52,47,31,40,23,17,23,41,20
"E01010213",171,140,101,95,129,133,102,91,80,106,90
"E01010214",31,43,35,46,47,42,24,33,24,36,29
"E01010215",62,66,71,59,53,61,41,25,26,41,29
"E01010216",198,163,188,190,153,142,108,87,79,104,145
"E01010217",42,52,53,65,42,47,41,47,42,31,31
"E01010218",89,73,54,60,55,59,81,64,68,64,60
"E01010219",60,74,91,65,45,64,65,75,61,42,46
"E01010220",60,71,97,49,43,59,44,59,44,52,31
"E01010221",52,53,57,48,67,38,38,60,39,42,39
"E01010222",76,75,68,81,45,62,44,54,55,42,49
"E01010223",91,109,74,74,72,81,53,77,61,48,52
"E01010225",59,66,60,46,46,34,51,44,54,49,45
"E01010226",216,207,169,211,137,171,119,110,119,97,79
"E01010227",121,119,115,91,101,106,74,50,47,63,64
"E01010228",142,168,103,82,77,76,50,53,70,72,35
"E01010229",102,69,84,60,82,74,62,36,63,50,51
"E01010230",102,112,105,98,116,99,85,80,96,89,67
"E01010231",60,74,71,66,54,55,40,51,40,63,42
"E01010232",70,81,51,55,56,47,48,50,31,65,37
"E01010233",76,86,90,59,66,91,51,65,63,91,56
"E01010234",251,196,224,199,205,189,191,143,74,90,102
"E01010235",110,105,121,90,93,76,91,70,77,67,79
"E01010236",139,119,139,104,139,126,129,67,65,71,101
"E01010237",214,188,184,158,158,155,153,80,80,87,100
"E01010238",155,120,107,145,170,125,100,94,54,84,63
"E01010239",98,106,98,92,84,79,74,81,67,75,67
"E01010240",115,122,123,163,183,99,134,91,40,75,64
"E01032885",3,2,8,3,12,17,12,16,32,16,39
"E01032886",110,147,102,103,98,133,68,66,72,77,112
"E01032590",282,269,267,217,213,213,190,176,130,152,145
"E01010247",67,55,45,77,41,41,41,29,39,40,20
"E01010301",68,48,43,48,84,65,67,44,35,26,50
"E01010302",64,70,79,77,76,55,72,67,65,71,38
"E01010303",104,52,84,68,66,58,66,68,50,55,48
"E01010309",124,135,107,137,125,115,125,116,69,136,84
"E01010310",86,78,73,113,112,90,117,89,53,68,80
"E01010357",42,31,37,38,48,39,36,21,47,39,42
"E01010358",57,69,73,61,60,97,52,44,41,37,43
"E01010359",35,37,59,40,45,47,32,48,37,21,26
"E01010360",143,140,77,45,65,58,32,43,43,21,31
"E01010367",119,126,143,109,99,154,104,83,66,83,49
"E01010241",395,339,366,466,371,341,333,287,235,250,216
"E01010242",51,37,42,45,45,39,44,31,34,26,21
"E01010243",42,43,39,44,45,37,53,37,35,32,27
"E01010244",106,88,94,58,64,54,50,44,29,31,28
"E01010245",82,54,49,63,60,52,45,49,42,31,37
"E01010246",121,84,76,70,90,83,47,53,43,47,53
"E01010248",61,30,50,36,30,38,29,37,33,39,51
"E01010249",212,171,213,175,180,160,171,112,130,137,104
"E01010250",75,73,71,56,67,40,62,35,44,55,36
"E01010251",32,21,49,42,46,48,44,27,38,24,22
"E01010252",106,89,59,64,75,93,76,51,49,65,40
"E01010253",35,52,50,33,39,21,48,20,24,28,15
"E01010254",110,89,79,75,67,59,66,50,53,59,39
"E01010255",25,19,22,25,19,17,16,22,13,22,24
"E01010256",57,47,42,43,41,33,42,42,33,29,36
"E01010257",47,36,22,19,17,25,23,18,13,24,14
"E01010258",140,85,114,93,95,84,60,48,43,44,66
"E01010259",72,71,63,67,75,77,67,48,36,55,41
"E01010260",161,164,143,136,142,130,102,93,66,60,74
"E01010261",266,240,188,182,195,191,161,129,128,138,107
"E01010262",87,71,89,78,83,80,96,67,59,67,58
"E01010263",127,130,221,251,254,233,199,201,152,151,140
"E01010264",136,138,149,157,143,118,136,103,124,97,87
"E01010265",284,246,246,177,223,196,204,137,141,91,105
"E01010266",84,58,53,59,69,59,56,54,40,56,39
"E01010267",76,60,43,46,43,45,32,31,29,63,28
"E01010268",302,175,221,214,206,208,169,154,162,139,165
"E01010269",132,106,75,83,85,106,127,126,89,74,68
"E01010270",177,180,128,172,122,111,118,100,80,73,60
"E01010271",180,203,193,182,173,192,218,183,152,116,149
"E01010272",134,111,116,102,96,127,113,107,72,79,85
"E01010273",154,160,130,129,165,154,149,135,139,115,87
"E01010274",99,85,102,100,113,116,72,67,52,57,63
"E01010275",82,62,112,86,71,76,44,48,43,37,51
"E01010277",166,150,152,113,155,134,123,133,100,101,98
"E01010279",139,145,160,107,148,124,91,126,80,97,81
"E01010282",224,163,150,137,126,134,136,120,89,146,97
"E01010283",185,130,117,94,111,118,134,130,89,108,88
"E01010284",96,60,91,75,87,90,106,66,72,142,176
"E01010285",139,114,83,74,72,67,73,70,63,61,87
"E01010286",85,59,72,54,102,58,100,57,51,47,55
"E01010287",292,184,254,235,238,209,205,189,141,214,215
"E01010288",135,85,99,97,100,92,113,77,64,58,74
"E01010289",144,140,130,121,90,64,90,62,48,81,65
"E01010290",90,55,66,61,66,61,63,47,44,51,55
"E01010291",137,93,102,99,113,134,182,91,96,103,93
"E01010292",330,274,294,254,311,211,229,264,223,246,237
"E01010293",93,72,84,82,106,67,84,53,50,79,67
"E01010294",95,99,96,86,103,82,104,68,81,95,112
"E01010295",196,159,140,117,105,83,87,92,80,90,75
"E01010296",54,27,50,24,45,32,33,39,39,73,49
"E01010297",45,26,18,40,17,28,26,30,19,33,31
"E01010298",59,58,43,32,52,30,51,31,28,61,52
"E01010299",54,68,46,38,56,64,109,63,48,55,39
"E01010300",77,49,54,54,69,59,74,39,39,74,54
"E01010304",57,35,57,57,47,44,54,46,40,68,67
"E01010305",56,52,49,47,45,79,46,82,36,67,40
"E01010306",268,198,217,205,182,158,176,139,168,148,149
"E01010307",76,67,69,79,72,89,65,72,61,69,67
"E01010308",114,94,96,86,93,95,104,82,64,85,84
"E01010311",121,139,94,127,115,99,118,122,87,113,105
"E01010312",59,74,63,67,88,85,77,74,53,66,92
"E01010313",75,101,73,95,62,66,83,95,46,49,68
"E01010314",131,152,124,107,102,110,122,77,82,137,89
"E01010315",195,161,130,135,125,118,86,86,64,104,105
"E01010316",55,75,64,48,59,87,84,64,51,76,36
"E01010317",91,79,68,29,38,53,44,53,58,46,37
"E01010318",269,261,218,211,174,186,151,123,101,98,107
"E01010319",77,69,50,73,47,41,41,36,50,33,22
"E01010320",104,83,89,70,91,102,89,90,56,77,57
"E01010321",102,87,86,135,118,120,107,105,56,69,77
"E01010322",151,152,134,131,135,90,112,98,70,68,55
"E01010323",73,67,70,82,90,71,62,61,62,29,44
"E01010324",153,120,151,113,145,101,99,95,72,89,101
"E01010325",150,114,119,123,116,106,111,85,95,63,57
"E01010326",94,78,62,49,64,48,53,35,39,58,47
"E01010327",57,54,61,69,76,63,43,30,31,33,56
"E01010328",48,38,22,32,37,27,44,30,45,26,24
"E01010329",87,54,67,49,60,49,58,32,52,49,38
"E01010330",81,60,58,83,72,63,64,57,42,44,36
"E01010331",37,23,36,21,18,24,23,20,9,21,27
"E01010332",92,90,60,57,67,76,45,62,49,33,44
"E01010333",52,63,45,51,46,62,44,54,51,44,41
"E01010334",80,83,80,60,62,95,44,72,44,57,42
"E01010335",121,89,93,116,118,117,108,62,67,59,43
"E01010336",246,203,183,162,148,129,157,119,124,124,122
"E01010337",77,70,57,50,60,58,58,44,50,42,29
"E01010338",141,141,127,99,87,113,80,66,57,50,51
"E01010339",53,54,38,38,32,48,43,37,37,25,34
"E01010340",164,142,95,117,101,120,117,81,50,70,81
"E01010341",73,85,63,67,58,49,59,43,38,42,55
"E01010342",115,80,91,76,93,98,92,63,71,74,51
"E01010343",167,107,87,79,85,74,82,72,55,76,84
"E01010344",86,88,65,63,65,61,76,62,57,53,49
"E01010345",70,30,29,23,31,54,28,23,20,21,19
"E01010346",34,22,29,35,34,25,24,15,13,35,37
"E01010347",111,56,53,58,71,57,42,48,31,36,35
"E01010348",64,46,58,54,56,47,43,49,39,69,78
"E01010349",117,74,88,78,88,97,73,55,71,60,81
"E01010350",66,51,49,41,65,58,34,43,36,36,54
"E01010351",66,45,74,57,51,34,41,41,35,35,36
"E01010352",92,52,67,61,61,64,51,52,51,57,50
"E01010353",76,84,108,84,65,73,77,48,52,48,44
"E01010354",96,76,89,102,87,72,68,75,53,69,50
"E01010355",23,24,25,34,26,28,35,20,27,28,22
"E01010356",58,55,61,48,71,44,54,47,51,45,56
"E01010361",164,158,132,157,137,118,107,118,81,138,151
"E01010362",157,128,104,137,135,134,143,178,170,153,118
"E01010363",452,388,477,461,379,402,273,291,220,197,199
"E01010364",103,115,87,97,110,108,104,110,52,64,48
"E01010365",201,256,250,194,255,197,193,156,112,92,74
"E01010366",123,91,93,94,90,102,76,90,64,73,61
"E01010368",1528,1331,1424,1462,1441,1362,1172,984,891,1021,1022
"E01010369",414,380,357,287,240,245,181,159,159,152,137
"E01010370",247,262,263,257,233,255,221,166,176,160,133
"E01010371",894,717,702,765,703,695,777,565,476,551,600
"E01010372",123,93,93,101,75,93,92,52,92,57,56
"E01010373",134,147,116,107,125,107,100,62,58,63,71
"E01010374",266,265,240,172,237,218,184,161,136,121,141
"E01010375",258,231,188,169,165,169,133,114,127,110,116
"E01010376",66,56,47,58,51,43,37,41,41,31,29
"E01010377",96,96,87,101,84,86,93,68,62,102,53
"E01010378",94,45,101,75,63,70,45,50,64,46,41
"E01010379",67,66,71,55,65,68,89,44,84,85,98
"E01010380",52,45,43,55,70,59,39,46,32,45,42
"E01010381",125,101,84,97,108,77,79,91,66,88,67
"E01010382",63,48,45,62,58,58,45,51,50,42,34
"E01010383",121,96,72,70,79,55,65,54,62,55,61
"E01010384",36,35,32,35,21,34,29,15,15,26,17
"E01010385",59,45,64,50,71,54,38,25,34,44,32
"E01010386",64,67,60,36,64,64,71,54,46,37,36
"E01010387",59,40,66,45,47,44,40,29,19,41,34
"E01010388",99,80,95,84,96,84,91,77,83,69,51
"E01010389",127,160,178,161,160,121,127,120,73,76,77
"E01010390",56,45,52,49,41,41,45,33,22,41,29
"E01010391",31,48,58,44,46,47,36,40,29,42,34
"E01010392",93,81,94,65,78,51,31,42,73,110,56
"E01010393",56,49,29,49,31,49,36,19,45,41,35
"E01010394",74,68,69,96,95,103,81,87,63,91,77
"E01010395",36,27,28,22,44,58,19,24,44,28,22
"E01010396",127,106,123,99,108,72,61,48,62,56,88
"E01010397",96,63,117,70,75,76,74,80,101,133,76
"E01010398",89,59,67,46,34,45,56,64,49,65,57
"E01010399",93,76,105,116,110,68,53,70,58,116,86
"E01010400",137,104,121,113,82,94,82,95,111,147,120
"E01010401",104,94,82,57,75,50,66,48,40,44,37
"E01010402",179,192,174,238,179,139,113,132,122,132,117
"E01010403",141,114,102,107,130,73,104,84,85,140,77
"E01010404",280,265,192,242,198,199,211,170,189,171,177
"E01010405",175,161,163,142,158,175,160,175,137,142,88
"E01010406",412,372,330,352,396,406,315,261,245,339,301
"E01010407",96,85,87,107,67,55,58,74,66,81,64
"E01010408",154,173,150,149,123,124,137,121,111,144,108
"E01010409",73,87,61,51,67,61,52,45,43,43,45
"E01032888",248,249,225,199,253,196,216,180,142,125,118
"E01032889",203,220,157,171,185,165,166,142,108,133,85
