code,2002,2016
S00116563,69,66
S00112347,82,86
S00116550,84,92
S00116883,73,55
S00116538,82,66
S00117031,63,60
S00115522,136,133
S00113403,58,70
S00115601,71,73
S00115439,96,110
S00114331,156,86
S00116554,75,69
S00114845,99,100
S00113004,111,102
S00117324,74,71
S00113299,138,131
S00113005,123,85
S00116880,113,89
S00112997,93,91
S00116878,75,79
S00113298,137,111
S00117457,61,57
S00115409,148,69
S00115410,52,51
S00115415,130,125
S00115416,66,66
S00114490,114,105
S00112437,59,56
S00113214,123,139
S00116397,112,103
S00115160,106.2243,92
S00113300,105,92
S00113957,104,104
S00114684,179,186
S00114691,195,70
S00116314,110,113
S00117425,139,139
S00115616,139,126
S00115615,92,82
S00117189,113,107
S00114122,75,86
S00114918,109,101
S00116214,64,68
S00115113,100,111
S00115412,58,53
S00114605,71.831326,62
S00116054,131.967391,142
S00115919,141.375,147
S00115918,102.8004,97
S00115134,153.8639,131
S00112152,51.8043,221
S00112151,32.817206,55
S00112153,61.807213,213
S00113598,114.6138,115
S00116187,26.331473,280
S00116182,17.961825,191
S00116183,12.977655,138
S00116188,12.413408,132
S00116185,50.821161,155
S00116186,13.392034,124
S00116184,73.1203,137
S00113966,133,142
S00112158,18.571429,193
S00112155,68.68467,172
S00112157,13.567728,141
S00112156,13.086602,136
S00112159,11.063,115
S00115414,64,67
S00116287,70,83
S00117272,149,111
S00117270,81,93
S00114365,78,79
S00113662,74,84
S00115933,52,111
S00112907,100,100
S00113706,88,90
S00113705,98,81
S00115326,103.864977,114
S00117135,71.421689,57
S00113873,219.371418,67
S00113729,125,115
S00115325,101,87
S00115996,69,60
S00112905,94,98
S00116838,63,76
S00112908,101,78
S00112523,137,236
S00113704,82,83
S00113278,87,78
S00112901,93,66
S00115635,144,135
S00115109,120,117
S00114674,76,65
S00114584,84,74
S00114702,111,134
S00114435,142,117
S00116209,118,106
S00113660,124,99
S00113442,172,174
S00115705,80,64
S00117428,138,66
S00116812,77,79
S00117426,170,140
S00113480,82,83
S00112887,133,125
S00114551,136.708329,204
S00114552,56.291665,84
S00116324,46.625765,285
S00116318,35.664622,218
S00116317,35.173824,215
S00116319,33.537833,205
S00116322,21.768,133
S00116323,20.28,124
S00116320,18.648,114
S00116325,10.143149,62
S00116316,9.984,61
S00116321,8.184,50
S00116116,14.703317,237
S00116115,13.214373,213
S00116117,12.718058,205
S00116112,10.794841,174
S00116110,10.298526,166
S00116114,7.8174,126
S00116111,7.6962,124
S00116113,7.3831,119
S00116119,5.3934,87
S00116118,5.0298,81
S00115776,115.63217,177
S00115216,116.8584,149
S00114866,107,109
S00115395,245,220
S00116611,40.022626,145
S00116612,33.398192,121
S00116613,24.565611,89
S00116614,24.013575,87
S00112994,115,110
S00113929,114.0826,110
S00115981,83.052456,198
S00115982,45.072544,197
S00115985,41.183034,180
S00115984,30.887278,137
S00114109,105.804688,114
S00114111,95.41989,101
S00117223,189.142853,120
S00112886,104,100
S00114525,82,97
S00112810,100,100
S00117205,106,94
S00113479,117,92
S00112889,105,104
S00112885,90,105
S00114549,57.738462,81
S00115111,112,103
S00117204,146,66
S00114199,73,72
S00116717,81,84
S00117325,117,139
S00112473,91,92
S00112197,96,80
S00112410,118,101
S00112570,82,81
S00115091,91,92
S00115097,103,92
S00112603,134,99
S00112587,143,117
S00115144,99.268567,101
S00115143,72.731428,74
S00116514,75,78
S00116236,156.494736,101
S00114583,77,103
S00114428,80,61
S00114434,176,170
S00115717,95,88
S00116553,81,79
S00115145,150,152
S00115147,112,106
S00115730,197,172
S00115064,139,117
S00115153,109,94
S00117604,79,62
S00112746,136,146
S00115306,99,90
S00114561,107,104
S00116226,93,85
S00114563,126,105
S00116361,58,61
S00113232,82,76
S00115980,54,56
S00112458,85,77
S00115797,69,213
S00112491,80,82
S00115798,68,58
S00113864,104,83
S00116508,86,95
S00114234,113,106
S00116506,92,96
S00116505,95,93
S00115788,132,123
S00115660,237,134
S00116507,128,126
S00116045,159,139
S00116425,139.32,126
S00117389,75,64
S00116536,69,65
S00115565,124,99
S00117485,93,79
S00115614,127,97
S00115647,124,114
S00113156,94,86
S00115540,103,94
S00114232,97,79
S00117421,74,78
S00115836,118,108
S00115835,175,153
S00115496,75,82
S00116085,94,87
S00113681,76,80
S00116438,103,103
S00116440,129,108
S00115799,162,147
S00115801,172,169
S00116330,168,151
S00115766,156,161
S00115760,64.840523,240
S00115761,47.549716,176
S00115759,16.21013,60
S00115767,187.873189,221
S00115763,170,111
S00116295,58,64
S00116436,101,102
S00117615,210,211
S00115800,179,180
S00115765,179,156
S00116302,145,119
S00115770,134,118
S00116301,108,97
S00116307,103,83
S00117616,292,333
S00117617,176,159
S00116332,136,123
S00116331,130,126
S00116304,181.802754,160
S00116303,16.3056,72
S00115764,121,103
S00116306,129,111
S00116305,142,90
S00115769,119,98
S00115768,71.416338,138
S00115775,112.661875,90
S00117501,102,96
S00115990,126,85
S00115772,139.366663,113
S00115771,82.633331,67
S00115777,132.796461,164
S00115773,84.999997,187
S00115774,49.999999,110
S00116308,122,104
S00117499,102,109
S00117327,75,79
S00116247,195,175
S00117422,96,86
S00115234,102,102
S00115235,80,85
S00115214,161,142
S00115233,126,117
S00115236,97,158
S00117498,98,197
S00117500,134,164
S00117497,150,112
S00117502,140,149
S00115252,93,86
S00117407,233,203
S00116248,65,69
S00117408,59,61
S00115215,120,118
S00117410,86,76
S00117406,97,107
S00117405,159,150
S00115209,169,135
S00117409,131,110
S00115210,164,150
S00115211,127,115
S00115212,83,80
S00115213,99,95
S00116249,73,71
S00115219,90,92
S00115218,133,132
S00115222,141,137
S00115224,94,82
S00115226,90,106
S00115229,107.819281,171
S00115230,49.180724,78
S00115223,110,115
S00115225,58,72
S00115227,79,114
S00115228,77,83
S00115220,104,123
S00115221,90,94
S00115217,100,162
S00115231,107,54
S00115249,92,107
S00117503,170,162
S00117411,191,188
S00115237,94,85
S00115238,102,104
S00115239,104,94
S00115240,135,86
S00117496,135,139
S00115232,130,53
S00115241,111,111
S00115251,83,97
S00115246,87,102
S00115247,120,95
S00115244,118,101
S00115253,102,89
S00115254,111,89
S00115250,79,67
S00115243,115,90
S00115245,185,151
S00117413,86,84
S00116211,58,66
S00117420,127,139
S00114891,151,154
S00115257,105,114
S00115256,114,108
S00117412,114,110
S00115258,102,91
S00115259,123,118
S00115255,91,77
S00112650,137,131
S00114847,96,82
S00114506,87,107
S00115169,130,133
S00117481,83,87
S00114888,91,76
S00114895,102,118
S00114886,117,107
S00114887,86,89
S00114893,58,61
S00116548,87,104
S00114968,119,101
S00114962,86,82
S00117351,155.178573,165
S00117352,133.821427,131
S00114967,101,86
S00114965,106,93
S00114960,92,108
S00117349,145,151
S00114964,100,81
S00114912,100,93
S00114959,140,138
S00114963,146,130
S00116216,58,65
S00114961,115.735426,131
S00114966,67,58
S00117350,62,56
S00114983,80,92
S00117355,104,107
S00114969,218,198
S00114972,148,120
S00117354,80,71
S00114971,144,124
S00114970,163,135
S00114973,190,154
S00117357,70,90
S00117353,57,56
S00116042,71,68
S00113715,65,71
S00115092,89.069655,79
S00115087,85.929796,77
S00116048,76,78
S00117022,68,61
S00115061,186,157
S00115093,167,153
S00115916,118,218
S00115915,143,154
S00115914,124,140
S00115917,165,139
S00114449,228,238
S00115159,55,60
S00115171,129,118
S00116229,54,61
S00116220,64,63
S00115921,114,109
S00115920,86,81
S00114984,127,111
S00115060,114,105
S00115135,91,111
S00115136,78.379809,137
S00115137,40.620191,71
S00115139,139,107
S00115148,58.802661,195
S00115150,41.915744,139
S00115149,35.281595,117
S00116224,40.569744,175
S00116223,37.092337,160
S00116221,20.400785,88
S00116222,19.937131,86
S00116228,119,97
S00117380,96,216
S00115138,133,85
S00115155,86,104
S00115154,109,102
S00115151,125,121
S00115163,62,79
S00117379,109,139
S00115922,149,131
S00115157,150.591999,138
S00116239,95.408001,89
S00117386,189.949998,125
S00117383,43.035,147
S00117384,40.014998,53
S00115156,93.775704,173
S00116230,77,59
S00116231,103,103
S00115184,88,119
S00115158,94,90
S00115185,128,116
S00115161,186,144
S00117381,141,135
S00115162,98,82
S00117382,79,79
S00115187,60,97
S00115141,52.100863,179
S00115142,48.899134,168
S00116225,117,90
S00115152,83,78
S00115168,109,118
S00115166,115,98
S00117387,57.272724,70
S00117388,299.727273,84
S00115167,138.505264,153
S00116233,70,59
S00115140,166,150
S00115173,220.599999,59
S00115164,176.45614,84
S00116533,110,98
S00115146,151,142
S00116534,83,60
S00115062,116,94
S00115059,130,103
S00115058,170,142
S00115065,230,205
S00115066,203,191
S00115067,128,125
S00117373,208,186
S00117374,80,69
S00115172,85.400001,61
S00115170,111,112
S00117026,59,59
S00117390,118,105
S00117391,98,86
S00115090,144,124
S00115088,119,110
S00115063,129,110
S00114508,83,77
S00117603,153,128
S00115165,118.54386,233
S00117392,130,127
S00116232,51,97
S00117385,74,69
S00115202,96.871936,109
S00115206,99.037497,139
S00115207,56.287502,79
S00115176,132,110
S00117393,64,55
S00115174,95,72
S00115177,96,86
S00115186,57.662,205
S00115190,120.123459,140
S00115189,122.876542,122
S00117401,82,81
S00117399,86,71
S00117404,72,58
S00115201,67.6255,138
S00115203,40.183269,82
S00115205,82,87
S00115208,50,54
S00116234,109,147
S00116235,117,143
S00115096,158,152
S00115098,129,110
S00115112,127,119
S00115175,107,92
S00116238,105,117
S00116237,65,68
S00115178,195,169
S00115181,90,92
S00115094,111,88
S00115100,99,109
S00115182,85,90
S00115095,111,104
S00115099,124,111
S00115101,130,129
S00115103,151,143
S00115102,101,111
S00115104,93,99
S00115179,71,63
S00115204,137,138
S00115183,128,72
S00115180,91,87
S00116246,113,95
S00115106,89,103
S00115188,63,100
S00116240,103.676803,183
S00116241,39.657792,70
S00115191,94,77
S00117402,174,187
S00117606,129,124
S00115196,101,103
S00115197,112,95
S00117394,151,143
S00117395,144,141
S00117397,71.238096,153
S00117396,69.923194,84
S00117400,137,131
S00115194,159,162
S00115195,108,116
S00117605,118,100
S00116008,58,64
S00116242,100,164
S00116244,112.838708,114
S00117398,90,76
S00116243,103,94
S00115192,159,125
S00117403,90,119
S00115193,153,129
S00116245,98,86
S00117593,74,62
S00114528,72,71
S00114419,127,108
S00114488,115,91
S00114462,68.108106,80
S00114461,57.891891,68
S00116313,100,90
S00114547,101,89
S00114773,57,51
S00115762,142,135
S00117505,84,82
S00116309,121,110
S00115751,87,54
S00116312,69.436168,122
S00116311,37.563829,66
S00116310,130,147
S00114505,73,119
S00117504,121,71
S00115779,116.305438,133
S00115778,92.694562,106
S00115784,88.221402,139
S00115785,83.778598,132
S00115781,187,130
S00115783,71.433232,133
S00115780,55.320476,103
S00115782,54.246292,101
S00115724,142,102
S00115793,62.366197,246
S00115792,32.450703,128
S00115791,31.183099,123
S00115723,317,67
S00115786,124,132
S00115789,105,99
S00115787,168,140
S00117488,150,142
S00115718,151,149
S00116288,107,98
S00117490,76,59
S00117489,113,105
S00115722,71,70
S00115721,96,99
S00115719,117,108
S00117613,83,87
S00115720,65,68
S00115725,120,101
S00115726,83,82
S00117493,125.68702,178
S00117494,97.912974,124
S00115753,154.400002,160
S00115748,128,108
S00115796,62,89
S00115749,63,163
S00117495,68,52
S00115747,110,91
S00116293,84,122
S00115758,99.343434,209
S00115754,138.344063,177
S00117614,92,75
S00116294,166,126
S00115743,104,114
S00115744,126,124
S00115752,113,123
S00115750,68,99
S00117492,136,116
S00116292,125,121
S00115746,69,63
S00115745,75,67
S00117491,128,90
S00115727,57.765305,102
S00115728,53.234695,94
S00115729,231,196
S00115732,209,195
S00115731,130,125
S00115734,152,138
S00115733,166,151
S00115739,143,106
S00115738,91,80
S00115742,106,109
S00116291,132,121
S00115735,185,153
S00116289,112,90
S00115741,73.911508,72
S00116290,104.088496,96
S00115736,95,93
S00115737,108,104
S00115790,111,113
S00117507,158,152
S00117510,170,144
S00116557,115,107
S00116556,142,115
S00117509,118,112
S00116329,116,107
S00116328,133,107
S00117512,158,127
S00116315,116,197
S00117482,103,108
S00115663,91,89
S00116327,118.176643,223
S00116326,58.823352,111
S00115795,109,108
S00115794,161,109
S00116555,96,86
S00115655,146,129
S00115650,55,59
S00117508,151,220
S00115653,113.817306,133
S00115654,64.182694,75
S00116282,105,91
S00115656,137,121
S00117506,158,137
S00117511,192,213
S00116283,95,107
S00114489,94,99
S00117516,65.905293,169
S00117515,50.306409,129
S00117514,23.788302,61
S00117513,127,133
S00115712,102,98
S00115652,78,85
S00115651,110,124
S00115714,86,78
S00115702,140,117
S00115711,115,117
S00115657,149,166
S00115659,94,111
S00115658,168,161
S00115709,128,132
S00114470,108,110
S00115700,165,159
S00117487,108,101
S00115665,97.557623,163
S00115666,63.442382,106
S00115664,127,137
S00115662,123,118
S00115661,128,118
S00115667,67.571432,66
S00115668,61.428572,60
S00117483,149,178
S00115701,164,148
S00117486,97,124
S00115699,85,91
S00115697,114,119
S00115698,112,124
S00115694,132,142
S00115669,89,101
S00115696,120,102
S00115693,171,168
S00115670,161,164
S00115673,194,164
S00115671,156,141
S00115672,219,232
S00115689,145,137
S00115687,122.86239,124
S00115688,93.137617,94
S00115566,157,127
S00115564,174,183
S00115563,195,186
S00115577,120,110
S00115568,72.333331,62
S00115569,96.666666,85
S00115567,94,95
S00115571,189,165
S00115573,124,136
S00115570,195,157
S00115574,99,80
S00115572,194,168
S00115680,134,118
S00115677,52.092858,143
S00115676,49.907142,137
S00115674,157,143
S00115679,189,181
S00117484,172,149
S00115678,138,116
S00115675,106,74
S00115684,160,138
S00116285,62,57
S00115686,176,166
S00115681,168,148
S00115683,146,145
S00115682,156,162
S00115620,72,75
S00115581,160,165
S00117470,164,135
S00115580,113,121
S00115579,111,97
S00115588,182,160
S00115582,156,154
S00115494,66,59
S00115578,185,178
S00115587,145,114
S00115575,125,129
S00115585,153,134
S00115584,115.388887,93
S00115583,77.611113,72
S00115576,70,65
S00116280,69,78
S00115590,94,93
S00115617,107,94
S00115591,143,142
S00115619,83,86
S00117471,71,68
S00117472,126,119
S00117469,93,92
S00115592,169,149
S00115589,167,169
S00115594,139,122
S00115595,107,88
S00115598,99,87
S00115596,119,125
S00115593,95,77
S00115597,147,124
S00115586,118,113
S00115541,165,152
S00115495,56,70
S00115622,101,103
S00115625,161,154
S00115497,94,102
S00117461,71,73
S00115485,91,88
S00117462,85,81
S00115624,126,120
S00115486,211,220
S00115623,117,117
S00115489,235,198
S00115487,200,194
S00115492,133,112
S00115629,107,91
S00114460,132,118
S00115627,136,127
S00115626,152,142
S00115488,191,188
S00115490,90,84
S00115628,125,127
S00115633,119,122
S00115641,226.915487,108
S00115643,135,117
S00117479,207.091172,84
S00115639,80.987654,164
S00115640,79.012346,160
S00115645,93,72
S00117478,111.99333,107
S00115646,133,99
S00117480,123,109
S00115636,108,102
S00115637,103,98
S00115649,113,108
S00115644,144,111
S00115630,133,136
S00115491,143,116
S00115632,147,147
S00115507,115,108
S00115642,56,131
S00115631,156,167
S00117477,73,68
S00115509,133,123
S00115634,206,178
S00115511,122.28572,104
S00115510,91.714286,78
S00115638,119,127
S00115648,117,128
S00115500,102,141
S00115498,221,181
S00115535,146,132
S00115499,118,105
S00115537,127,126
S00117465,93,94
S00115532,131,129
S00115493,80,82
S00115503,116,126
S00115533,103,84
S00115531,92,94
S00115502,168,143
S00115501,104,108
S00115529,192,184
S00115525,146,128
S00115505,120,115
S00115530,179,175
S00115506,79,68
S00115504,110,94
S00115527,155,142
S00115508,123,108
S00115538,118,123
S00115558,93,73
S00115542,129,135
S00115539,137,140
S00115548,93,81
S00115552,98,106
S00115536,114,111
S00115534,94,89
S00115550,89,91
S00115555,91,86
S00115553,126,148
S00117466,71,65
S00115551,91,107
S00115554,137,144
S00115557,97,94
S00115524,87,79
S00115523,107,106
S00115556,118,112
S00115560,120,114
S00115528,63.937498,62
S00115515,92.062499,87
S00115519,88,87
S00115526,109,115
S00115516,130,124
S00115517,115,109
S00115513,73,77
S00117464,142,121
S00115514,67,64
S00117463,98,86
S00115512,108,95
S00115518,133,121
S00115520,121,122
S00115559,76,70
S00115756,67.333332,202
S00115757,64.666668,194
S00115248,84,79
S00115242,106,108
S00114958,83,82
S00116250,64,52
S00114858,161,140
S00117419,94,84
S00114844,139,129
S00114892,133,132
S00115260,131,117
S00115695,143,127
S00115716,69,65
S00117418,204,224
S00117416,213,238
S00114846,121,102
S00114854,100.909094,90
S00114853,84.090912,75
S00114848,115,93
S00114855,124,109
S00115755,95.312496,100
S00115740,215,161
S00115713,132,120
S00115710,131,131
S00115691,118,105
S00115715,118,122
S00117415,153,208
S00117417,135,126
S00117414,137,153
S00117328,44.000002,50
S00117329,117,122
S00114856,94.823533,104
S00114857,60.176471,66
S00114849,83,59
S00114852,181,155
S00114859,183,172
S00114851,167,178
S00114860,134,119
S00114862,101.64894,105
S00114861,80.351065,83
S00114864,101,107
S00116520,102,119
S00117326,117,99
S00114871,125,111
S00114863,86,82
S00114865,126,133
S00114867,114,92
S00117330,296,153
S00114868,117,65
S00116526,71,77
S00115708,127,107
S00115707,114,96
S00115706,94,87
S00115703,124,107
S00115704,127,102
S00115421,116,91
S00115618,124,99
S00116513,87,83
S00114890,117.611109,146
S00114889,56.388891,70
S00114902,92.33871,113
S00114894,118.318472,107
S00117338,117.681531,124
S00114956,131,141
S00114955,202,191
S00114954,189,165
S00114953,145,147
S00117347,111,107
S00114950,137,155
S00114951,128,114
S00114911,178,167
S00114974,124,130
S00117356,53.811658,160
S00114976,75.452914,94
S00114948,128,100
S00114977,164,156
S00114975,123,126
S00114850,223,187
S00117342,113,101
S00114872,101,81
S00114870,247,122
S00114899,112,126
S00114900,83,64
S00114905,100,155
S00114931,155,159
S00114875,46.909092,72
S00114876,39.09091,60
S00114903,89.661286,109
S00117339,170,166
S00117340,62,69
S00117341,125,126
S00114901,152,132
S00114896,135,127
S00114898,154,156
S00114897,82,67
S00114913,181,142
S00114904,197,190
S00116212,154,159
S00114907,122,131
S00114910,93,74
S00117348,133,106
S00114957,188,164
S00114949,138,125
S00114945,161,145
S00114947,183,200
S00114915,94,89
S00114944,160,138
S00114906,134,169
S00114909,113,105
S00114878,156,150
S00114908,100,92
S00114914,119,121
S00117346,111,122
S00114879,54.301968,141
S00114882,43.133478,112
S00114881,41.207878,107
S00114880,37.356672,97
S00114930,100,95
S00114877,85,80
S00114873,170,77
S00114946,168,142
S00114919,187,160
S00114922,108,99
S00114925,136,132
S00114917,89.811321,112
S00114916,80.188679,100
S00117345,28.51211,103
S00117344,27.681661,100
S00117343,23.806229,86
S00114464,72,70
S00114466,73,69
S00114478,97,111
S00114468,70,76
S00114465,89,87
S00114467,78,93
S00114952,150,135
S00114941,141,128
S00114943,88,89
S00114940,83,80
S00114938,101,105
S00114939,119,112
S00114942,117,116
S00114933,118,132
S00114932,114,86
S00114935,145,145
S00114937,75,76
S00114936,82,84
S00114920,143,166
S00114929,154,140
S00114979,134.9286,104
S00114978,216,219
S00114981,129.064744,130
S00114982,163,178
S00114980,124,116
S00114934,72,77
S00114985,86,84
S00114990,101,81
S00114989,76.992477,80
S00114988,51.007519,53
S00114986,61,72
S00114987,60,64
S00114992,88,64
S00114993,54,53
S00114991,76,72
S00117361,72,62
S00114927,117,112
S00114928,128,118
S00114921,136,121
S00114924,143,141
S00114926,161,150
S00114923,149,126
S00114748,159,151
S00114463,83,76
S00117298,129,103
S00114754,77,74
S00114477,93,103
S00117297,72.037734,92
S00114752,131.962264,138
S00114753,118,118
S00114749,62,66
S00117300,105,115
S00115604,71,90
S00114750,66,71
S00114751,64,80
S00117308,102,131
S00117299,57,58
S00114764,105,105
S00114763,95,90
S00114994,106,89
S00117363,84.402983,78
S00117362,60.597017,56
S00114995,91,89
S00115008,134,113
S00114996,117,89
S00115007,79,94
S00115006,41.049297,87
S00115005,25.950705,55
S00114999,102,87
S00114997,60,55
S00114998,57,59
S00115000,80,85
S00115001,81,94
S00114755,90,115
S00115004,57,52
S00117301,180,157
S00114758,71,70
S00114769,99,92
S00114768,83,85
S00114757,107,93
S00117303,115.518983,108
S00117302,53.481012,50
S00114770,60,75
S00114756,83,83
S00114765,153,148
S00114771,80,74
S00114760,71,74
S00114759,100,101
S00115003,91,81
S00114807,93,105
S00115002,64,57
S00114761,69,54
S00114767,72,63
S00114766,126,142
S00114762,102,139
S00114774,87,110
S00114772,101,95
S00116208,71,61
S00116528,69,67
S00117333,82.559268,106
S00117334,34.425807,116
S00117331,72,80
S00117336,147,140
S00117332,63,61
S00114522,107,116
S00114874,81.261542,114
S00117282,139,134
S00114546,75,59
S00114545,158,165
S00114548,137,132
S00117337,90,81
S00114473,101.500005,116
S00114474,52.5,60
S00114469,92,81
S00114503,91,88
S00114502,121,118
S00114885,89,84
S00114884,61,63
S00114883,55,55
S00116529,79,109
S00114520,37.014924,67
S00114517,186,144
S00116169,58,58
S00114504,125,149
S00114498,87,81
S00114519,106,112
S00114501,85,98
S00114471,67.557249,75
S00114472,50.442747,56
S00114476,71,67
S00114526,107,110
S00117278,71,85
S00114518,106,150
S00114521,124,120
S00114500,86,89
S00114524,73,80
S00116167,56,55
S00114499,78,81
S00114523,113,129
S00116168,52,59
S00117281,90,93
S00117279,51,60
S00114507,83,83
S00114543,241,177
S00117274,83.358775,78
S00117275,56.641221,53
S00114510,116,109
S00117280,57,63
S00114509,111,92
S00114515,172.460177,192
S00114516,113.539823,91
S00114514,68,71
S00117277,50,52
S00114513,101,122
S00114550,159,173
S00114544,185,176
S00114553,157,172
S00114555,159,158
S00116170,70,78
S00114542,128,102
S00114527,98,108
S00114530,82.438599,111
S00114529,44.561404,60
S00114541,110,100
S00114537,136,135
S00114535,117,144
S00114531,115,125
S00114533,60,68
S00114410,96,95
S00114540,109,127
S00114554,161,149
S00114536,136,122
S00114532,99,89
S00114539,50,62
S00114415,76,63
S00114411,128,142
S00114538,52,105
S00114409,128,120
S00114534,67,74
S00114414,77,91
S00114413,71,61
S00114416,92,86
S00114418,73,76
S00114420,128,148
S00114484,111.314121,178
S00114483,61.91066,99
S00114482,43.775215,70
S00114481,139.207923,152
S00114480,45.792079,50
S00117309,55,58
S00117307,109,79
S00117306,102,101
S00114780,151,153
S00116205,66,60
S00114485,99,114
S00114479,75,70
S00114782,95,97
S00116166,95,104
S00116164,69,63
S00114475,70,76
S00114487,107,100
S00114486,94,91
S00114497,68,116
S00114491,84,74
S00114493,96,91
S00114496,79,75
S00114492,99,102
S00114512,101,95
S00114511,98,105
S00114494,64,57
S00114495,130,133
S00114779,193,179
S00114783,121.087108,181
S00114784,70.912892,106
S00114775,120,127
S00116204,85,86
S00114787,68,70
S00114776,79,71
S00117304,129,132
S00117305,52,64
S00114777,91,92
S00114790,83,74
S00114792,74.400002,93
S00114793,49.600001,62
S00114778,51,51
S00114781,95,111
S00114794,135,147
S00117276,53.246752,50
S00116165,87.753248,75
S00114408,55,61
S00114407,87,61
S00114424,125,104
S00114412,93,91
S00114423,100,92
S00114746,82.766988,114
S00114747,27.233009,92
S00114421,72,76
S00114417,63,76
S00114427,63,71
S00114422,130,115
S00114745,141,122
S00114426,133,122
S00114429,78,90
S00116546,72,78
S00116519,100,117
S00114689,69.841463,83
S00114690,68.158537,81
S00114742,123,111
S00114744,145,144
S00114721,111,91
S00116521,88,95
S00114743,96,81
S00114740,99,136
S00114741,99,104
S00114739,165,151
S00116522,99,94
S00114712,115,76
S00114713,116,99
S00114737,54.80734,58
S00114738,48.19266,51
S00114714,143,154
S00114720,177,90
S00114736,69,61
S00114735,93,89
S00114709,91,101
S00114734,79,79
S00114722,145,117
S00114719,86,102
S00114728,96,89
S00115692,221,206
S00115690,102.178805,111
S00115685,89.82119,90
S00116286,106,113
S00115423,46.668751,262
S00115420,49.116477,84
S00115422,149.9875,71
S00115419,61.606059,76
S00115418,74.6264,63
S00115425,130,106
S00115424,124,143
S00117475,69,69
S00117476,62,69
S00116279,105,87
S00115599,166,135
S00115600,129.469565,121
S00115612,205,192
S00117473,99,102
S00117474,120,111
S00115547,152,152
S00115562,72,72
S00117468,99,107
S00115543,61.530432,58
S00117467,131,108
S00116264,77,83
S00115428,94,86
S00115427,96,95
S00115426,112,135
S00115444,77,89
S00115621,174,129
S00115481,67,71
S00115442,116,92
S00115611,130.22608,128
S00115610,103.773913,102
S00115448,114,99
S00115446,123,111
S00115447,102,111
S00116544,116,95
S00115432,104,94
S00116543,66,79
S00115429,151,125
S00115430,124,119
S00115443,150,172
S00115431,128,120
S00115433,179,181
S00115445,115,103
S00115440,124,147
S00115434,162,182
S00115441,152,154
S00115438,120,109
S00115449,77,82
S00115451,90,103
S00115608,107,147
S00115609,61,72
S00115613,150,153
S00115606,92,102
S00115607,65,55
S00115453,92,101
S00116551,74,77
S00115602,172,166
S00115457,90,105
S00115603,61,90
S00115437,133,145
S00116274,51,63
S00115450,113,140
S00115452,123,122
S00115454,126,139
S00115456,86,107
S00115455,87,94
S00116275,64,81
S00115460,129,126
S00115458,92,88
S00115459,70,73
S00115435,105,135
S00116273,100,101
S00115436,98,93
S00115461,100,98
S00115473,92,96
S00114591,92,88
S00114587,147,151
S00114589,115,108
S00114588,124,119
S00114590,139,115
S00114592,137,136
S00115483,106,95
S00115480,130,134
S00115544,155,157
S00115482,67,84
S00115545,100,99
S00115476,120,103
S00115546,105,105
S00115549,91,100
S00115561,69,67
S00115484,84,91
S00115475,115,100
S00115472,121,117
S00115465,80,67
S00115464,99,108
S00115474,117,128
S00115469,91,87
S00115471,113,112
S00115467,85,82
S00115468,66,53
S00115478,93,91
S00115479,111,113
S00115466,106,84
S00115470,91,82
S00115477,73,73
S00116265,56,148
S00115371,39.308448,164
S00115370,34.514735,144
S00115372,24.927308,104
S00115369,23.249508,97
S00116266,58,75
S00114436,125,169
S00115373,80,82
S00115368,80,102
S00115388,129,113
S00115390,130,116
S00115391,73,76
S00115392,73,75
S00115378,103,86
S00115375,131,135
S00115374,122,136
S00115376,101,96
S00115377,118,123
S00115379,140,136
S00115381,84,84
S00115384,104,86
S00115334,190,165
S00115382,107,95
S00115380,118,111
S00115383,139,132
S00115462,131,120
S00115463,116,93
S00115300,232,72
S00114595,104,95
S00114597,79,89
S00114596,164,179
S00115264,105,86
S00117430,132,140
S00115262,111,78
S00115305,90,93
S00115302,76,122
S00114441,39.219856,79
S00114440,30.780142,62
S00115303,94,100
S00115301,133,129
S00117436,142,117
S00115304,79,80
S00115309,115,107
S00115310,75,68
S00116260,99,109
S00115316,272,77
S00115312,152,134
S00116256,127,114
S00115313,100,121
S00115315,154,136
S00116881,104,117
S00115314,135,84
S00115311,84,69
S00117439,127,111
S00115317,83,55
S00117284,82,96
S00117283,98,114
S00114581,99,120
S00114582,139,124
S00114558,155,162
S00114451,181,191
S00114559,144,171
S00114556,150,148
S00114425,162,156
S00114430,159,143
S00114565,113,119
S00114437,130,112
S00116202,135,137
S00114729,130,116
S00114733,101,100
S00114708,90,98
S00114715,162,139
S00114716,104,130
S00116203,101.607844,95
S00114562,115.737226,108
S00114557,69,63
S00114564,118,103
S00114431,117.5,125
S00114432,70.5,75
S00114718,100,125
S00114717,144,135
S00114723,115,104
S00114726,96,77
S00114634,112,109
S00114724,127,112
S00114577,115,115
S00114578,206,185
S00114574,236,246
S00115267,118,100
S00114593,163,170
S00114580,125,147
S00115331,77,88
S00114576,163,146
S00114594,125.506849,120
S00115263,76,60
S00115307,150,77
S00115308,163,159
S00115266,103,94
S00115265,112,113
S00115298,147,129
S00117437,128,150
S00117612,197,168
S00114579,173,153
S00114571,147,131
S00114573,145,102
S00114560,116,115
S00114569,122.262776,134
S00114572,222,236
S00114570,111,121
S00114622,129,134
S00114623,182,199
S00114575,136,126
S00114603,137,116
S00114607,82,83
S00114602,119,109
S00114600,138,120
S00116181,214,180
S00114731,73.392157,72
S00114598,178,187
S00116180,128,151
S00114599,252.493148,219
S00114620,111.061853,126
S00114619,59.938144,68
S00114621,164,168
S00114618,97,115
S00117286,130.057517,133
S00117285,90.942477,93
S00114606,59,65
S00114604,63,58
S00114601,130.168677,146
S00114567,112,111
S00114442,114,118
S00114566,126,147
S00116879,163,101
S00114433,166,162
S00114625,56,56
S00114568,190,190
S00114624,110,113
S00114459,91,125
S00114458,135,124
S00114457,147,121
S00114456,311,269
S00114452,122,156
S00114454,90,109
S00114453,130,134
S00114455,352,336
S00117273,113.970061,119
S00114450,114.029941,137
S00114448,230,226
S00117269,137,155
S00114732,83,61
S00117295,53,52
S00117296,91,95
S00114725,113,101
S00114439,58.645671,76
S00114438,39.354329,51
S00114631,61,73
S00114727,59,53
S00114730,70,62
S00114630,59,53
S00114627,97,96
S00114626,54,61
S00114628,68.675678,77
S00114629,63.324326,71
S00114632,110,113
S00114638,74,70
S00114635,130,145
S00114637,55,73
S00117261,28.958333,63
S00117260,25.624999,123
S00117262,23.958333,88
S00117263,10.833333,128
S00117591,34.204601,76
S00117264,99,139
S00114633,94,109
S00114659,68,56
S00114398,31.716417,86
S00114400,28.333334,134
S00114399,18.395522,87
S00114395,58.256358,109
S00117271,122,101
S00117265,114,126
S00114444,227,199
S00114445,173,152
S00114446,194,147
S00117267,164,150
S00114447,134,103
S00114616,88,79
S00117266,97,99
S00117268,111,111
S00114617,141,141
S00116161,250,189
S00114401,110,190
S00114403,25.626795,103
S00114404,22.641147,91
S00114406,20.899522,84
S00114405,20.401914,82
S00114402,14.430622,58
S00114615,90,96
S00114612,149,154
S00114613,50.208093,101
S00114614,35.791907,72
S00114608,111,52
S00114611,127,142
S00117288,80.429577,81
S00117287,60.570423,61
S00114610,100.134146,102
S00114609,60.865854,62
S00114443,127,157
S00114397,37.119999,56
S00114396,27.177142,132
S00112340,88,91
S00115276,72,57
S00115269,86,80
S00115270,101,110
S00115268,151,130
S00115274,104,94
S00115296,133,122
S00115297,81,62
S00115273,78,78
S00115271,71,68
S00115295,163,121
S00115293,129,140
S00115272,84,72
S00115278,221,165
S00115294,59,58
S00115286,120,121
S00115292,80,99
S00115291,76,81
S00115299,96,104
S00115290,87,109
S00116252,145.174754,120
S00117256,55.825242,50
S00117258,160,144
S00115277,212,142
S00115275,169,166
S00115279,81,81
S00115285,187,144
S00114008,79,81
S00117431,122,91
S00115280,65,88
S00117257,93,97
S00117259,148,138
S00116162,36.294477,87
S00116163,31.705521,76
S00115289,94,117
S00115288,58,77
S00116254,123,116
S00115287,87,100
S00115329,71,68
S00117432,100,127
S00117433,134,125
S00115281,169,168
S00115282,161,151
S00117434,100,90
S00115283,88,87
S00116682,69,88
S00117611,126,115
S00117435,94,104
S00117610,47.807859,119
S00117609,44.192138,110
S00115284,93,90
S00116672,69.787281,82
S00116668,51.212719,107
S00117607,135,145
S00116681,143.676472,137
S00117608,128.323528,99
S00114170,76,91
S00116253,153,155
S00116666,63.692311,92
S00116667,62.307692,50
S00116680,73,81
S00116683,90,95
S00116593,68.773027,152
S00116592,24.803281,108
S00112996,113,99
S00116858,126,118
S00112949,70,62
S00116831,63,72
S00115521,81,86
S00112334,94,87
S00115396,164,152
S00117454,93,97
S00117455,77,69
S00115932,105.410713,89
S00113002,160,146
S00112924,100,103
S00112998,133,131
S00112925,114,112
S00113000,60,73
S00112927,95,104
S00113001,94,94
S00112958,151,138
S00113003,140,133
S00112926,134,115
S00112957,132,127
S00112953,135,133
S00112999,71,68
S00113006,71,65
S00112880,93,104
S00116895,22.414098,96
S00116896,16.110132,69
S00116897,14.475771,62
S00115934,116,129
S00112939,70.782915,153
S00112940,59.217081,128
S00112929,86,84
S00112955,113,107
S00112954,159,132
S00116882,80.15625,108
S00113011,49.493751,53
S00112928,127,133
S00113010,91.350003,87
S00113007,93,99
S00112937,107.617836,96
S00112936,68.382164,61
S00113008,105,106
S00115928,77,60
S00112952,223,218
S00116894,66.804121,120
S00116893,41.195875,74
S00116898,64,62
S00116884,188,91
S00113030,151,151
S00112868,92,83
S00113014,90,95
S00116885,104,102
S00116886,126,109
S00116904,64,57
S00113013,53,102
S00115935,109,113
S00116887,71,76
S00116888,88,93
S00116899,223,211
S00116892,91,93
S00113024,63,95
S00113018,45.100001,77
S00113019,36.899999,63
S00113023,133,145
S00113022,132,125
S00116900,38.700001,129
S00116901,33.300001,111
S00113017,65,65
S00113020,82,95
S00113021,124,116
S00116852,81,72
S00112882,145.625,139
S00116851,90,94
S00116891,59.029126,152
S00116889,41.16505,106
S00116890,19.805825,51
S00115936,71.061536,149
S00115937,52.938461,111
S00113025,190,199
S00113027,91.756101,99
S00113026,60.243903,65
S00113015,213,209
S00113016,92,109
S00116902,68.467153,70
S00116903,65.532847,67
S00112817,86,75
S00112815,122,157
S00112906,99,106
S00112898,91,85
S00112819,104,104
S00112899,90,92
S00112820,109,113
S00112909,110,94
S00112818,81,89
S00112897,119,106
S00116413,72,80
S00116414,86,77
S00113012,124,119
S00112941,121,112
S00113009,102,76
S00112933,107,97
S00112938,92,94
S00112930,126,102
S00112934,165,147
S00116860,115,116
S00112946,119,124
S00112944,75,69
S00116866,87,144
S00112869,79,96
S00113028,99,75
S00116864,110,161
S00116863,58,57
S00116862,171,210
S00113032,119,114
S00113031,136,133
S00113029,131,104
S00116859,124,130
S00112931,180,176
S00116865,162,164
S00112935,111,125
S00112947,167,170
S00112942,100,107
S00112945,86,90
S00117555,189,196
S00117556,127,108
S00112943,89,94
S00112703,103,119
S00112948,70,66
S00112705,101,105
S00112702,73,93
S00112701,110,116
S00112863,130,142
S00113033,104,114
S00112861,97,98
S00112864,135,130
S00116840,105,98
S00112816,90,155
S00112895,225.6068,286
S00112896,71.783982,91
S00112875,142,146
S00116843,83,77
S00116832,54,75
S00116842,119,111
S00112865,92,91
S00112874,81,78
S00112867,102,106
S00112866,128,112
S00112873,82.538462,74
S00112872,154.4631,147
S00112871,160,167
S00116387,72,66
S00116835,71,71
S00116841,77,62
S00116412,66,64
S00112862,165,163
S00112859,129,115
S00112860,137,149
S00112877,160,163
S00112876,120,119
S00112878,154,168
S00116828,72,74
S00112858,109,110
S00112856,121,106
S00112855,85,92
S00112857,98,98
S00116822,171,86
S00116825,130,77
S00116826,72,55
S00116824,67,114
S00112881,103,87
S00116845,114,115
S00112894,98.57413,168
S00112902,255.42587,195
S00116849,162,126
S00116844,104,82
S00112883,160,147
S00116850,65,65
S00116846,92,90
S00112893,166,154
S00116847,110,116
S00116848,173,162
S00112904,91,98
S00112910,80,81
S00116854,115,98
S00116853,78,97
S00112903,71.114218,58
S00112900,81.88578,64
S00112823,83,81
S00112914,50,60
S00112913,56,53
S00116855,268.604645,275
S00116856,109.395343,112
S00112912,79,78
S00112911,97,88
S00116857,215,195
S00112921,120,123
S00112916,132,117
S00112884,116,116
S00112888,93,94
S00112890,88.873784,92
S00112891,60.859221,63
S00112892,49.266989,51
S00112923,133,147
S00112919,115,110
S00112920,103,104
S00112917,138,120
S00112922,128,123
S00115938,117.600001,98
S00113037,142.4,129
S00113039,138,182
S00112879,151,139
S00112822,122,105
S00112870,170,142
S00112821,83,83
S00112824,148,156
S00112828,114,99
S00112832,129,121
S00112827,112,90
S00112829,72,81
S00112833,72,75
S00112849,131,152
S00112847,105,85
S00112845,79,104
S00116820,97,137
S00116818,154,63
S00112830,127,121
S00112836,153,139
S00112839,93,75
S00112838,80,87
S00112840,112,114
S00112837,104,100
S00112915,112,106
S00112831,118,123
S00112835,140,127
S00112826,85,79
S00112834,76,73
S00112825,57,50
S00112918,123,111
S00113041,127,121
S00113042,118,113
S00115411,99,104
S00113046,71,68
S00113040,94,88
S00115939,67,59
S00113038,66,73
S00113043,107,95
S00113044,101,108
S00116907,98.454542,114
S00116908,53.545453,62
S00116416,62,59
S00113048,105,156
S00113047,114,115
S00113049,105,113
S00112792,142,133
S00116816,109,93
S00116815,114,106
S00112791,91,95
S00112790,128,114
S00116814,54,72
S00117449,52,72
S00115366,148,147
S00115367,111,99
S00115365,111,113
S00116267,39.820896,115
S00116268,35.319402,102
S00116269,20.77612,60
S00116270,20.083582,58
S00115389,90,72
S00115387,101,107
S00115386,140,126
S00117450,90,81
S00115335,137,107
S00115336,93,99
S00115332,84,79
S00115397,133,135
S00116255,58,63
S00112961,117,111
S00115318,129,71
S00117438,111,202
S00115394,109,106
S00117451,98,108
S00115385,159,146
S00115342,70,90
S00116261,60,80
S00115344,124,145
S00117458,108,93
S00115399,99,90
S00116406,72,83
S00116258,58.253164,117
S00116257,27.881857,56
S00117456,116,115
S00112995,124,114
S00112956,115,100
S00116271,55,50
S00112960,115,113
S00112990,114,119
S00117554,143.589283,129
S00112962,141,124
S00112963,181,173
S00112959,143,149
S00115393,110,118
S00115408,119,121
S00115341,174,174
S00115337,127,111
S00115343,108,120
S00117453,112,97
S00115340,99,95
S00115350,86,90
S00115349,107,141
S00117452,67,65
S00115398,99,88
S00115339,102,85
S00115338,112,108
S00115351,135,121
S00115352,91,115
S00115402,94,86
S00115400,99,109
S00115413,58,56
S00115401,118,95
S00116272,98,103
S00115417,67,62
S00115405,57,64
S00115406,72,78
S00115407,87,88
S00116542,58,51
S00116541,84,79
S00115403,61.073828,91
S00115404,38.926175,58
S00117460,60,78
S00117459,103,94
S00115345,115,118
S00117440,115.643076,232
S00117441,46.356924,93
S00115348,104,87
S00115360,114,99
S00116338,73,68
S00115347,131,119
S00115346,98,84
S00115333,84,91
S00115354,176,148
S00115353,106,105
S00117442,84,75
S00115358,73.099239,76
S00115359,52.900765,55
S00115357,57.076926,63
S00115356,48.923077,54
S00115355,103,85
S00116262,68,62
S00117443,60,59
S00115361,69,76
S00115319,135,115
S00115321,100,103
S00115323,127,148
S00115320,91,92
S00115324,109,114
S00115322,81,68
S00116259,127,119
S00115363,77,107
S00115364,104,126
S00112427,12.304492,85
S00112435,11.173044,127
S00112434,7.354409,156
S00112428,6.885,80
S00112422,6.698,69
S00112421,6.3665,134
S00112426,5.848,93
S00112430,5.372,60
S00112423,4.6665,99
S00112418,4.573,128
S00112429,3.677205,78
S00112981,50.830502,102
S00112424,2.3545,50
S00112417,1.224,60
S00117445,46.092662,94
S00117446,45.11197,92
S00117447,35.795368,73
S00115362,97,128
S00116263,120,135
S00117448,98,103
S00117444,187,145
S00112441,56,62
S00116730,121,116
S00116741,92.430894,138
S00116737,86.587576,97
S00116736,71.412429,80
S00116735,145,140
S00116731,76,87
S00116276,92,94
S00116876,103.618182,131
S00116875,35.381818,137
S00112993,70,109
S00115930,104,96
S00112992,65,76
S00112991,69,95
S00112984,56,58
S00115931,88,127
S00112986,57.909088,91
S00112985,40.090909,63
S00116871,63,95
S00112989,93.397436,94
S00112988,61.602564,62
S00116872,83,89
S00112987,93,122
S00112980,36,57
S00112453,140,153
S00116742,116,118
S00116874,144,138
S00112982,88,86
S00112454,109,100
S00112978,80,72
S00112979,91,87
S00116277,135,142
S00116870,118,104
S00112983,107,97
S00116342,119,115
S00112479,90,89
S00116873,104,92
S00112964,168,152
S00112965,191,206
S00112966,111,126
S00112967,94,110
S00112970,126,148
S00112976,86,97
S00112480,176,159
S00112482,63,56
S00112481,116,133
S00112505,171,167
S00112977,99,91
S00112973,128,139
S00112974,147,140
S00112509,149,158
S00112975,170,165
S00112510,102,102
S00116744,66,78
S00112436,77,75
S00112415,103,89
S00112456,96,91
S00112455,113,100
S00112460,97.210191,122
S00112459,45.789811,79
S00116284,91,88
S00116564,79,77
S00112476,155,144
S00112457,94,93
S00112477,140,135
S00112486,70,65
S00116749,77.338129,86
S00116748,47.661871,53
S00112487,104,100
S00112484,77,71
S00116281,79,77
S00112504,82,90
S00116729,100.099999,143
S00116728,77.900001,80
S00112440,119,119
S00112439,125,123
S00116746,64,67
S00116745,117,114
S00112463,82,72
S00116403,87,81
S00112464,76,74
S00116404,55,55
S00112465,64,61
S00112461,85,83
S00112466,92,91
S00112462,53,54
S00112471,85,88
S00112468,62,66
S00112494,85.866672,115
S00112495,82.133334,110
S00112490,104,120
S00112470,61,71
S00112469,69,104
S00112472,71,80
S00112493,118,112
S00112475,94,88
S00112474,94,92
S00112489,85,80
S00116408,86,66
S00112492,78,81
S00116407,73.395834,95
S00112488,65,66
S00112467,83,70
S00116732,110,108
S00116733,156.893613,124
S00116734,65.106383,68
S00112442,84,75
S00112443,81,79
S00116738,121,104
S00116716,89,110
S00112444,119,106
S00116747,78,139
S00116719,166,163
S00112378,90,87
S00112379,99,83
S00112377,64,57
S00116723,91,79
S00116722,66,64
S00112374,72.74436,75
S00112375,56.25564,58
S00112360,61,52
S00112381,65.86466,73
S00112382,54.13534,60
S00112376,101,114
S00112380,128,121
S00112383,77,78
S00116718,53,90
S00112371,56,70
S00112372,100,120
S00112373,60,58
S00112368,75.437035,76
S00112369,58.562965,59
S00112384,94,89
S00116227,55,67
S00112361,106,100
S00112386,56,73
S00112389,72,103
S00112370,128,136
S00112385,84,85
S00112362,162,168
S00112363,111,125
S00116720,96.030929,115
S00116721,65.969071,79
S00112390,104,105
S00116725,74,78
S00112367,134,161
S00112365,58,78
S00116215,63,67
S00112565,110,99
S00112503,113,109
S00112485,107,116
S00112501,152,154
S00112502,108,120
S00116751,101,94
S00112506,60,71
S00112507,59,51
S00116750,120,123
S00116752,58.389832,65
S00116753,47.610168,53
S00112500,131,117
S00112508,84,97
S00112511,126,145
S00112512,102,104
S00112513,132,130
S00112497,82.840282,151
S00112496,53.763891,98
S00112498,71,71
S00117601,120,119
S00116410,75,79
S00112499,157,142
S00117602,72,84
S00112634,79,85
S00112364,116,108
S00116409,80,83
S00112514,107,112
S00116213,52,118
S00112564,170,211
S00112366,68,58
S00112604,82,75
S00116762,84.721516,97
S00116763,53.27848,61
S00112616,156,142
S00112615,118,122
S00112613,130,124
S00116766,97,91
S00112611,176,164
S00112614,140,151
S00112601,110,108
S00112631,84.516126,100
S00112632,46.48387,55
S00112617,113,123
S00112607,135,122
S00112633,84,90
S00116765,65,87
S00112618,72,76
S00112605,117,104
S00116764,79,85
S00112612,146,157
S00112606,100,108
S00112621,79,83
S00112625,78,82
S00112628,72,91
S00112630,53,53
S00112627,79,78
S00112619,86,99
S00112608,94,123
S00112600,84,66
S00112620,120,129
S00116355,66,66
S00112626,63,65
S00112629,53,64
S00112623,67.251795,82
S00112622,46.748201,57
S00116635,141,148
S00116780,74,73
S00112624,110,114
S00116783,57,63
S00116357,63,59
S00115328,117,107
S00116540,82,76
S00115327,157,145
S00116539,107,96
S00115330,51,57
S00112602,101,99
S00112289,135,130
S00116618,21.510575,86
S00116616,19.697886,81
S00116617,16.3142,135
S00116620,14.380664,119
S00116622,10.632,88
S00116625,10.032,83
S00116619,9.912,82
S00116623,8.82,73
S00116621,8.7,72
S00112216,119,127
S00112278,213.022059,111
S00112276,62.306235,87
S00117552,23.97093,64
S00117551,23.610466,67
S00117553,14.418605,80
S00117567,58.502566,124
S00117568,33.497436,71
S00116740,42.603352,93
S00116739,39.396648,86
S00117569,97,124
S00112240,81,104
S00112438,103.816793,100
S00112399,97.183207,99
S00116402,76,79
S00116401,98,88
S00112388,76,87
S00112387,117,108
S00116724,96,108
S00112566,92,80
S00112256,315,110
S00112258,70.200002,138
S00112259,46.800001,92
S00112447,45.268291,144
S00112446,37.094852,118
S00112445,24.205962,77
S00112398,98,103
S00112396,88.947369,95
S00112395,138,151
S00112568,114,124
S00112569,90,94
S00112596,86,84
S00112597,118,84
S00112598,76,93
S00116760,128,118
S00116761,80,74
S00116626,75,477
S00116630,214.655169,290
S00116631,88.344826,126
S00112260,97,110
S00112235,90,78
S00116634,103,115
S00116392,152,138
S00116344,62,89
S00116391,98,83
S00112254,144,143
S00116627,104,134
S00112255,60,77
S00116628,82,90
S00116629,128,152
S00112242,83,80
S00112244,98,111
S00112252,38.781514,65
S00112251,32.218488,54
S00112243,107,120
S00112247,76,155
S00112250,69,67
S00112248,101,102
S00112245,122,113
S00112219,53.832489,101
S00112218,51.167511,96
S00112246,100,85
S00112249,51,63
S00112452,59,56
S00116632,182.880008,432
S00116633,71.12,168
S00112239,109,101
S00112257,125,115
S00117626,350,380
S00117627,93,66
S00112215,126,110
S00112220,76.5,106
S00112221,76.5,106
S00117628,87.820515,125
S00117629,49.179489,70
S00112253,165,118
S00112217,106,131
S00112223,84.382553,99
S00112222,42.617451,50
S00117630,67,63
S00112214,124,115
S00115923,206,160
S00112213,152,159
S00112277,75.316773,86
S00112275,217.683231,76
S00112265,148,118
S00112261,73.790056,126
S00112262,32.209944,55
S00116637,178,95
S00112264,81,56
S00116636,108,124
S00112241,76,69
S00112263,118,97
S00112227,41.224042,92
S00116605,40.775956,91
S00116596,85.985606,144
S00116597,80.014389,134
S00116015,56,86
S00112266,123,105
S00112234,102,95
S00112267,66,63
S00112268,98,89
S00112274,157,194
S00116017,80,69
S00116610,81,71
S00116609,91,90
S00116606,89,100
S00112237,40.057802,105
S00112236,25.942196,68
S00112232,70.200002,87
S00112233,46.800001,58
S00116607,93.64286,114
S00116608,67.357145,82
S00112224,147,143
S00116587,65,85
S00116594,75,87
S00116588,40.615387,96
S00116589,36.384615,86
S00112186,64,64
S00112226,80.13812,141
S00112228,21.359281,60
S00112225,128.541903,133
S00112238,99.960893,76
S00112189,37.902208,135
S00112191,36.498424,130
S00112190,77.599369,121
S00112188,44.779873,89
S00112187,35.220125,70
S00115926,70.043126,156
S00115927,43.407007,88
S00115924,42.420487,86
S00115925,27.129379,55
S00112196,175,130
S00116601,115,124
S00116595,126,125
S00112193,137,118
S00116598,91,80
S00116590,80,94
S00116377,168,189
S00112184,226.516794,138
S00112183,41.545111,130
S00116378,94,75
S00112204,141.939757,166
S00112206,86,79
S00117560,117,121
S00112200,72,125
S00117559,63,67
S00117564,174,143
S00112205,213,98
S00112198,98,96
S00117563,83,76
S00112406,83,72
S00117562,74,176
S00116065,66,75
S00112199,112,113
S00116643,148,134
S00112393,131,129
S00116602,164,147
S00116599,73.860872,124
S00116600,63.139128,106
S00112299,145,176
S00117561,73,60
S00115940,85,87
S00112450,25.785467,81
S00112448,24.830449,78
S00112451,23.238755,73
S00112449,18.145328,57
S00112404,52.673076,83
S00112403,46.326921,73
S00112401,81,79
S00112402,93,104
S00112407,75,66
S00112405,72.799999,70
S00112409,98.200001,97
S00112400,73,91
S00112397,67.052631,98
S00112408,105,122
S00116726,122,108
S00116727,101,91
S00112411,114,111
S00112563,114,127
S00112394,94,73
S00112414,68,73
S00112412,88,84
S00112391,54.000002,54
S00112392,52.000001,52
S00112567,59,65
S00112413,83,88
S00112557,79,105
S00112574,80.036202,99
S00112575,53.963802,89
S00116354,76.6445,78
S00112576,146,164
S00112573,129,112
S00112571,97,104
S00112579,141.356318,174
S00112583,104,101
S00112582,58,69
S00112293,200,149
S00112521,123,111
S00112524,51,74
S00112522,70,74
S00116755,78.910111,65
S00116754,182,191
S00116352,102,102
S00112545,135,135
S00112544,68.58407,124
S00112543,56.41593,102
S00112525,89.485711,116
S00112526,45.514285,59
S00112528,77.909578,97
S00112527,95.590427,112
S00112546,154,270
S00112549,101,99
S00112581,119,128
S00112585,106,106
S00112529,142.500001,133
S00112547,114,146
S00116758,101,81
S00116759,159,129
S00112542,123,151
S00112540,61.119048,85
S00112539,51.77143,72
S00112541,38.109526,53
S00112554,100,121
S00112558,78.081726,109
S00112559,70.918269,99
S00112538,93,95
S00112548,147,168
S00112562,143,156
S00112580,106,137
S00112578,78.952704,95
S00112577,44.047296,53
S00112572,127,114
S00112593,115,129
S00112584,140,161
S00112594,150,130
S00112588,128,112
S00112586,79,69
S00112595,114,121
S00112589,55,57
S00112590,67,63
S00112592,117,103
S00112676,126,94
S00112591,71,78
S00112599,100,100
S00112674,73,77
S00112677,246,124
S00112561,102,102
S00112560,109,122
S00112550,112,77
S00112556,121,150
S00112551,100,95
S00112536,116,117
S00112537,86,86
S00112555,75,85
S00112535,78,94
S00112553,89,118
S00112534,64,64
S00112552,124,94
S00116353,51,54
S00112532,119,118
S00112533,135,130
S00112675,147,117
S00116933,84,69
S00113163,210,175
S00113169,90,103
S00113170,156,143
S00113211,113,96
S00113205,134,121
S00113209,97,85
S00116936,106,114
S00113213,79.320312,71
S00113210,118.679688,124
S00112192,128,150
S00112195,79,84
S00117557,120,119
S00112298,145,120
S00112194,103,88
S00117558,127,139
S00112300,112,124
S00112297,131,125
S00112295,136,116
S00112296,130,147
S00115929,52.089886,76
S00112290,102,113
S00112291,113,94
S00112292,178,165
S00112294,86,86
S00113128,76,79
S00112281,62,73
S00112287,99,82
S00112288,89,84
S00112279,125.999997,126
S00112286,132,132
S00116928,108.024192,95
S00113129,90.975807,75
S00112285,109,104
S00112280,154,125
S00113132,65.783134,65
S00116929,73.216868,63
S00112284,149,121
S00112283,69,72
S00112282,87,69
S00113131,128,129
S00113138,92.156865,100
S00113139,48.843139,53
S00113137,134,150
S00113134,97.822786,92
S00113133,70.177214,66
S00113135,80,140
S00113175,126,113
S00116756,117,122
S00113144,104,113
S00113130,111,121
S00112301,138,110
S00112303,101,97
S00112201,116,114
S00116638,156,134
S00113177,121,119
S00112305,85,84
S00112302,116,121
S00116644,93,92
S00112203,131,119
S00116639,83,93
S00112308,86,84
S00116645,84,87
S00112202,58,55
S00116938,91,89
S00116937,153.936843,150
S00112309,74,64
S00116931,158,86
S00116930,93,94
S00116945,132.063157,121
S00115971,187,184
S00116947,135.679998,106
S00116604,118,121
S00116423,134,132
S00116946,104,96
S00113179,72,72
S00113176,91,156
S00116939,142,150
S00112707,111,103
S00116940,229,211
S00113178,128,149
S00115976,71,76
S00116943,100,94
S00116942,57,64
S00112531,92,162
S00116757,127,123
S00113143,75,71
S00113136,82,77
S00112530,134,135
S00113141,109,102
S00113142,72,80
S00113145,76,80
S00113140,111,108
S00113150,104,79
S00113158,85,85
S00113148,83,107
S00113161,128,135
S00113160,91,99
S00116421,173,158
S00113159,74,80
S00113149,60,87
S00113157,125,115
S00113152,108,108
S00113146,56,78
S00113147,76,73
S00113166,100,90
S00113153,75,85
S00116420,95,101
S00116932,77,84
S00115972,59,58
S00113164,133,123
S00115973,92,98
S00113165,107,115
S00113154,65,52
S00113174,54,52
S00113151,68,68
S00113162,176,157
S00116419,55,63
S00113168,118,122
S00116948,83,77
S00116934,132,131
S00113167,109,98
S00113197,67.4286,68
S00113155,94,90
S00113172,120,128
S00113195,66,62
S00113171,106,108
S00113173,99,107
S00113180,101,121
S00113182,125.369156,101
S00113181,71.630848,58
S00113185,85,79
S00112700,105,109
S00114146,142,133
S00113190,82.634924,114
S00113193,187.910122,332
S00113186,142,60
S00113184,53.413041,54
S00113183,98.586956,69
S00113491,104,92
S00113188,75,80
S00113187,87,88
S00116002,99,77
S00112950,167,154
S00112951,93,86
S00112972,162,153
S00112969,155,141
S00112515,183,166
S00112516,169,173
S00116827,134,136
S00116781,107,105
S00112968,116,118
S00112517,114,119
S00116793,120,106
S00112519,48.208694,132
S00112518,41.634781,114
S00112520,36.156522,99
S00116869,88,88
S00112635,126,230
S00112610,82.004574,81
S00112688,201.877778,50
S00116356,54.7115,50
S00112712,130,139
S00112853,129,129
S00116790,156.027251,229
S00116791,106.970646,157
S00112704,189.002096,181
S00116789,152,185
S00116375,27.638888,199
S00116374,21.38889,154
S00116373,19.722222,142
S00116376,16.25,117
S00112852,72,69
S00112851,69,69
S00112844,89,95
S00112842,103,95
S00112841,107,100
S00112794,83,77
S00112793,72,83
S00116813,100,106
S00112814,164,142
S00112854,74,68
S00112843,134,128
S00112715,120.555561,115
S00112714,96.444446,92
S00112796,137.220222,181
S00112797,166.779784,153
S00112795,77,67
S00112809,109,106
S00112811,138,135
S00112706,125,148
S00112971,148,146
S00116868,92,76
S00116792,176,167
S00112710,145,179
S00112708,171,175
S00112709,90,91
S00112711,167,154
S00112713,146,142
S00116806,135,137
S00116788,95,83
S00112719,84,81
S00112718,90,85
S00112717,107,100
S00112747,81,96
S00116807,125,126
S00112716,100,101
S00116808,64,57
S00116805,139,166
S00112720,92,97
S00112743,92,80
S00112721,78,91
S00112752,59.264044,154
S00112753,56.955055,148
S00112751,74.780898,100
S00116794,99,104
S00116362,63,57
S00116809,97,95
S00112756,98,92
S00112723,142,130
S00112757,62,61
S00112755,121,126
S00112722,78,98
S00112692,116,145
S00112637,117,165
S00112636,113,115
S00112690,97,98
S00112691,115,115
S00116782,102,125
S00112687,123.403362,65
S00112686,103,118
S00114145,163,148
S00112685,151,121
S00112689,118.11024,120
S00116785,76.676999,87
S00112640,116,113
S00116786,94.212765,108
S00116358,80,76
S00112745,51,56
S00116768,37.266186,74
S00116769,32.733812,65
S00112744,126,110
S00116767,129,186
S00112740,59.140186,56
S00112741,53.859814,51
S00116773,129,161
S00116771,78.615389,105
S00116772,67.384615,90
S00112695,104,96
S00112639,93,96
S00112641,152,64
S00112638,140,119
S00112642,120,99
S00116774,115,118
S00116775,72,65
S00112643,56,54
S00116770,81,79
S00112644,109,119
S00112694,71.951874,117
S00112693,43.048129,70
S00116784,118,112
S00112696,151,154
S00116787,52,71
S00112699,146,127
S00112655,126,103
S00112698,130,130
S00112658,105,109
S00112697,110,102
S00112657,110,112
S00112651,166,165
S00112645,135,140
S00112654,99,88
S00112649,123,120
S00112653,88,85
S00112648,102,98
S00112647,131,118
S00112646,91,97
S00112749,93,84
S00112754,89,124
S00112850,76,78
S00112748,67,78
S00112750,115,123
S00112759,98,111
S00112799,105,103
S00112760,94,88
S00112798,102,91
S00112800,86,91
S00112804,118,117
S00112724,329,77
S00112726,118,81
S00112801,118,98
S00112803,117,121
S00112802,88,94
S00116798,124.285712,116
S00116799,55.714288,52
S00116797,96.318177,104
S00116796,66.681818,72
S00112758,73,82
S00112737,64,62
S00112729,132,136
S00112735,105,86
S00112736,109,112
S00112734,119,108
S00116372,114,95
S00112725,87,79
S00112730,98,103
S00112731,131,119
S00116365,55.6905,111
S00112805,106,111
S00112806,104,116
S00112774,95,104
S00112773,125,125
S00112772,84,100
S00112769,91,89
S00112808,105,101
S00112770,92,100
S00112807,122,119
S00112777,100,98
S00112776,100,94
S00112775,83,75
S00112812,103,90
S00116949,134,141
S00116364,8.07824,112
S00116367,7.933985,110
S00116369,7.717604,107
S00116370,7.429095,103
S00116371,6.563569,91
S00116363,6.05868,84
S00116366,5.914426,82
S00116368,4.6138,64
S00116379,118,109
S00112761,185,177
S00112765,55,68
S00112762,127.607761,155
S00112763,63.392239,77
S00112767,101,101
S00112768,120,108
S00112764,74,53
S00116804,65.200891,127
S00116803,49.799106,97
S00112738,59,60
S00112739,79,79
S00116802,75,86
S00112728,85,93
S00112733,69,61
S00112732,122,122
S00116801,80,87
S00116800,54,54
S00112727,94,91
S00116961,91,50
S00115803,88,91
S00112742,158,138
S00115802,121,193
S00112609,104,128
S00112683,169,162
S00112672,109,88
S00112681,84,100
S00115978,70,70
S00113208,127.206705,99
S00113207,102.793295,80
S00113206,116,119
S00116951,108.965518,120
S00116950,49.034482,54
S00112664,126,129
S00113189,103,104
S00113196,77,79
S00116003,102,82
S00112679,85.474863,90
S00112678,84.525142,89
S00112652,143,153
S00115126,140,153
S00116360,96,93
S00113216,106.556961,97
S00113215,121,119
S00113217,85.443035,108
S00116935,97,95
S00115977,56.572581,115
S00116954,127,97
S00113198,884.131738,884.131738
S00113199,153.868231,114
S00113192,63.394922,122
S00113191,28.060047,54
S00116005,113,133
S00112684,149,122
S00116359,62,52
S00112656,139,133
S00116778,138,683
S00112669,215.249994,123
S00112668,141.749995,81
S00112667,80,86
S00112665,90.325297,98
S00112666,62.674698,68
S00112662,49.456521,100
S00112663,41.543479,84
S00112673,96,101
S00113294,34.500001,138
S00113295,19.499999,78
S00113292,143,133
S00115988,136,129
S00113297,138,127
S00113293,156,150
S00116970,153,133
S00116969,59,59
S00113303,118,114
S00112680,71,74
S00112682,67,71
S00112671,128,123
S00116779,102,96
S00112670,75,78
S00116776,97,91
S00116957,140,50
S00116777,69,61
S00115979,82.627907,78
S00113218,83,79
S00113212,56,61
S00113219,116.37209,108
S00113222,49.327524,117
S00113220,38.365854,91
S00113221,33.306619,79
S00113230,119,113
S00113229,94,89
S00113231,109,125
S00116952,134,138
S00113227,82,82
S00113235,118,116
S00113225,81,73
S00113228,62,67
S00113223,68,62
S00116953,59.341233,60
S00113226,64,62
S00113224,106,100
S00113236,131,106
S00113233,95,91
S00116426,93,75
S00113234,97,90
S00116427,127,101
S00113241,86,83
S00116963,98,106
S00113238,62,57
S00116965,150,100
S00112661,108,114
S00112660,108,118
S00113239,94,100
S00112659,111,100
S00116967,86,85
S00113251,186,132
S00116968,100,86
S00113253,109,78
S00116430,73,78
S00113309,108,97
S00113274,209.658765,202
S00116956,72.439026,60
S00116955,79.560977,64
S00113244,132,113
S00113240,101,98
S00113242,115,134
S00113247,71,71
S00113243,98,92
S00116429,96,82
S00113237,92,50
S00117077,78,70
S00113263,77.080289,80
S00113264,54.919707,57
S00113245,92,93
S00113250,98,83
S00113265,93,77
S00113248,93,109
S00113246,108,95
S00116428,105,96
S00113249,127,123
S00113252,91,103
S00115986,66,55
S00116435,73,92
S00113310,80,111
S00116434,89,82
S00113200,65,107
S00113202,56.49231,72
S00113201,45.507693,58
S00113204,115,95
S00113255,75.333333,68
S00113324,93,94
S00115030,63,56
S00113256,37.317073,153
S00113258,25.121951,103
S00113257,23.658536,97
S00113259,13.902439,57
S00113254,91,72
S00113262,59,58
S00113260,67.666668,70
S00113261,152,123
S00113275,139.617,136
S00113494,110,108
S00113203,67,61
S00113497,119,99
S00113194,84,106
S00116465,107,106
S00116006,83,78
S00113272,34.754639,172
S00113271,29.703092,147
S00113273,21.014432,104
S00113276,77.227133,124
S00113277,59.684212,63
S00113279,69.226132,168
S00113282,26.885792,81
S00113268,137,133
S00115987,82,89
S00113269,132,128
S00113266,94,87
S00113304,61.119402,63
S00113305,53.8805,52
S00113721,98,105
S00113267,96,89
S00113270,119,99
S00113280,51.367398,182
S00113281,50.520682,179
S00113283,60.497412,139
S00113285,60.497412,139
S00113284,47.005184,108
S00113557,72.962265,79
S00113307,80,156
S00113308,136,128
S00113311,142,152
S00113313,96,95
S00113336,163,151
S00113315,85,87
S00113623,147,119
S00113317,139,141
S00115989,75,96
S00113306,108,104
S00113320,470,117
S00113319,90,85
S00113318,99,114
S00116979,116,121
S00113312,111,121
S00113337,105,123
S00113314,72,72
S00113335,93,108
S00113331,55.361965,96
S00113332,38.638038,67
S00113333,144,130
S00116980,184,176
S00116981,78,66
S00113334,86,88
S00113323,83,77
S00113325,119,109
S00116977,122.330648,93
S00116975,31.669355,51
S00113316,90,82
S00113322,105,106
S00116433,106,91
S00113301,123,114
S00116973,208,202
S00116974,89,103
S00113302,136,129
S00113622,174,158
S00113629,121,122
S00113626,91,92
S00113628,90,96
S00113627,110,123
S00116027,102,99
S00113630,72,69
S00113560,184,169
S00114692,234,211
S00113621,106,96
S00113651,87,72
S00113648,102,110
S00113646,107,92
S00113649,145,142
S00113641,111,113
S00113650,112,100
S00113624,123,81
S00113665,121,71
S00117086,117,100
S00113625,108,101
S00113645,114,117
S00113640,117,116
S00113637,113,100
S00113636,129,118
S00113559,150,140
S00113328,48.92771,155
S00113330,47.66506,151
S00113329,34.40723,109
S00116978,81,74
S00113326,143,142
S00113327,94,86
S00113615,97,101
S00113617,116,115
S00113613,77,91
S00113614,110,103
S00113618,106,108
S00113616,80,90
S00117084,128,118
S00117083,70,58
S00113619,89,87
S00117075,80,125
S00117076,48,75
S00117079,204,220
S00113558,78,79
S00117081,91,104
S00117082,72,72
S00113609,170,159
S00113612,119,107
S00117080,142.2318,140
S00113610,83,85
S00113611,84,89
S00116026,105,74
S00113642,114,104
S00116033,76,64
S00115114,116,101
S00113620,109.771428,102
S00115071,114,104
S00115089,177,163
S00114688,98.131144,123
S00114687,47.868852,60
S00115068,177,157
S00115070,83,88
S00115107,132,133
S00115105,98,95
S00115073,101,93
S00115085,153,137
S00115072,148,140
S00115115,130,116
S00115110,190,174
S00114681,92,78
S00115074,128,125
S00117358,47.929079,109
S00117359,47.489364,108
S00117360,28.58156,65
S00115009,139,126
S00114809,60,65
S00117312,120,116
S00115077,113.010306,126
S00115078,60.98969,68
S00117364,127,139
S00117365,91.11864,112
S00117366,52.881356,65
S00115122,123,120
S00114786,95,108
S00114788,57,56
S00114785,85,85
S00114685,197,173
S00114711,161,191
S00114705,152,163
S00114789,63,75
S00116206,96,104
S00114791,109,122
S00114796,153,149
S00114664,96,106
S00114666,101,93
S00115083,117.035716,98
S00114686,119,132
S00114693,113,126
S00114710,147,147
S00114707,108,97
S00115086,114,124
S00115069,150,142
S00115016,141,145
S00115080,155,149
S00115076,112,104
S00115075,136,121
S00116219,59,58
S00115079,138,147
S00115082,73,58
S00115081,56.964284,58
S00115084,130,109
S00115125,107,100
S00115117,141,141
S00115119,152,153
S00115034,219,200
S00115011,49.310813,82
S00115010,39.68919,66
S00115012,127,108
S00115031,95,78
S00115033,137,112
S00117367,200,181
S00115018,223,198
S00117368,94,93
S00115014,110.460679,113
S00115013,63.539326,65
S00115015,190,174
S00115017,179,178
S00115020,154,123
S00115019,201,177
S00114805,111,98
S00114808,70,65
S00115032,124,123
S00115035,182,175
S00115037,109,92
S00115028,134,117
S00115029,141,129
S00115027,151,132
S00115036,137,122
S00115038,152,144
S00115041,112,114
S00115039,156,150
S00114801,82.456694,77
S00114804,112.543304,109
S00115040,108,98
S00117371,75,65
S00115024,117,94
S00115042,166,139
S00115025,122,127
S00115045,151,135
S00115022,128,125
S00115046,122,110
S00115044,108,96
S00115023,101,90
S00117369,114,113
S00117370,95,83
S00115043,115,99
S00115116,93,80
S00115123,97,98
S00114814,87,72
S00115124,163,152
S00115121,140,155
S00117376,139,139
S00115120,106,91
S00115118,90,92
S00115129,156,159
S00115051,170,138
S00115108,77,75
S00115133,120,134
S00115127,179,174
S00115131,115,117
S00115128,149,145
S00117378,73,73
S00117375,72,66
S00115130,175,144
S00115132,105,98
S00117377,140,129
S00116532,92,83
S00116531,106,91
S00115054,66.785711,110
S00115053,52.214286,86
S00115056,145,121
S00117372,137,134
S00115050,86,74
S00115048,189,152
S00115049,106,91
S00114818,171,160
S00114817,158,151
S00114837,131,128
S00114816,159,160
S00115052,113,101
S00115055,114,108
S00115047,110,83
S00115057,56,52
S00117313,143,143
S00114821,123,118
S00114819,149,136
S00114810,111,104
S00114806,65,72
S00114803,86,92
S00114802,110,110
S00117310,52.285716,61
S00117311,43.714284,51
S00114799,127,139
S00114797,163,161
S00114798,73,71
S00116207,101,77
S00114795,130,147
S00114800,143,103
S00114840,64,61
S00114839,69,60
S00114841,60,65
S00114665,112,108
S00114667,116,116
S00114668,73,78
S00114813,125,135
S00115021,156,128
S00115026,103,115
S00116218,142,123
S00114812,137,118
S00114811,80,67
S00114669,118,125
S00114670,195,194
S00114682,98.503594,84
S00114683,64.496406,55
S00117293,80,72
S00114672,122,108
S00114673,101,100
S00117294,95,111
S00116518,56,61
S00114680,91.339132,104
S00114694,120.660869,84
S00114671,116,102
S00116517,68,73
S00114696,109,115
S00114679,69,82
S00114695,87,72
S00114675,126,145
S00114697,107,123
S00114677,77.919464,90
S00114676,51.080536,59
S00114678,67,65
S00114698,127,123
S00114699,88,84
S00114701,112,122
S00114649,68,74
S00114700,62,71
S00114651,99,119
S00114704,95,121
S00117318,264,103
S00117323,68,92
S00117321,60,107
S00114815,124,140
S00114823,95,106
S00114827,54.46154,177
S00114826,29.538462,96
S00114828,20.000001,65
S00114825,74.605262,81
S00114824,65.394738,71
S00116210,241,91
S00117314,80,64
S00114822,161,172
S00114820,70,89
S00114831,151,144
S00114830,76.27869,66
S00114829,64.72131,56
S00114832,134,126
S00114833,110,114
S00114835,101,91
S00114834,122,121
S00117316,79,71
S00117317,131,128
S00117315,109,98
S00116523,84,79
S00114836,91,72
S00116524,63,67
S00115200,41.411765,192
S00115199,33.862745,157
S00115198,23.72549,110
S00117197,269,194
S00114703,89,86
S00114636,84,126
S00114706,102,174
S00114662,83,95
S00114647,132,121
S00114650,148,192
S00114645,73,73
S00114838,124,82
S00116172,140.035176,150
S00114843,89,96
S00114644,153,128
S00116192,97,86
S00116515,105,119
S00116516,82,72
S00116174,13.175879,138
S00116171,11.075376,116
S00116173,10.407035,109
S00116175,8.306533,87
S00117588,90.569624,106
S00117587,44.430381,52
S00117094,70,112
S00117592,29.439999,64
S00117590,28.98,63
S00114661,107.612436,153
S00114660,39.387559,56
S00117291,77.94286,62
S00117292,114.057143,87
S00112338,58.685081,94
S00112337,54.314916,87
S00114639,74,75
S00117589,201,109
S00117254,87,118
S00112339,123,114
S00116675,64.800002,144
S00116679,25.51579,202
S00116674,18.821053,149
S00116673,10.86,86
S00116400,92,90
S00117599,110.079997,172
S00117600,81.920003,128
S00116591,75.423729,129
S00112271,26.576673,141
S00116684,157,142
S00114842,93,95
S00116191,52,54
S00114643,141,146
S00114653,76,92
S00116190,56,53
S00114652,100,97
S00114640,87,90
S00114642,71,66
S00114655,110.000005,120
S00114654,77.000001,84
S00114658,88,82
S00114646,129,132
S00114641,70,52
S00114656,130,143
S00114648,122,110
S00114657,142,118
S00117290,85,79
S00117289,123,129
S00116193,89,101
S00114663,68,68
S00112343,137,68
S00116176,84,79
S00116195,36.618644,145
S00116198,23.486441,93
S00116200,19.950847,79
S00116194,18.940679,75
S00116196,18.435593,73
S00116197,16.415254,65
S00116199,15.152542,60
S00117255,51,52
S00117595,87,83
S00116177,64,71
S00112348,199.617391,124
S00116178,106.382609,103
S00116201,126.818183,138
S00116697,36.325582,121
S00116698,33.623679,112
S00116696,25.517969,85
S00116695,20.714588,69
S00112351,152,155
S00112352,155,138
S00116179,72,74
S00116715,77,75
S00112353,115,116
S00116711,133,112
S00116706,124,109
S00116709,35.142857,123
S00116710,23.428572,82
S00116708,19.428572,68
S00116705,29.994092,143
S00116701,27.057607,129
S00116700,26.008863,124
S00116703,22.652881,108
S00116702,22.023633,105
S00116704,14.262924,68
S00117596,65.542557,101
S00117597,56.457447,157
S00116694,68,74
S00112350,60,58
S00112344,32.181819,118
S00112345,22.909091,84
S00112346,19.90909,73
S00114336,134,132
S00114339,76.037212,122
S00114340,57.962792,93
S00116157,122,126
S00114390,128,85
S00116713,57.698115,139
S00116714,52.301888,126
S00116712,125,105
S00116139,59,56
S00114338,117,118
S00117234,28.014892,132
S00117236,27.172341,129
S00117233,24.012766,114
S00117235,19.8,95
S00117232,106,123
S00116156,174,95
S00116160,109,94
S00114335,84,78
S00117250,63,59
S00117247,110,77
S00114337,63,52
S00114344,146,141
S00114341,73,92
S00114352,57,65
S00117248,104,102
S00113795,97,103
S00117252,75,72
S00114349,28.781955,116
S00114350,18.857144,76
S00114347,18.360903,74
S00117249,112,102
S00116158,90,99
S00114342,78,75
S00116511,63,57
S00114348,35.894736,88
S00114346,32.223683,79
S00114345,24.881578,61
S00117253,63,62
S00116159,68,73
S00114353,108,87
S00114343,159,134
S00117245,122.699459,109
S00117246,83.300548,74
S00114351,57,58
S00117251,135,135
S00116699,117,60
S00112342,101,103
S00116691,65,286
S00116685,85,126
S00112341,94,94
S00116398,98,123
S00116690,101,102
S00114169,103,87
S00113793,165,130
S00112354,117,120
S00112355,96,88
S00112359,84,134
S00112358,127,121
S00112357,101,114
S00116688,80,70
S00112356,110,124
S00116687,144,266
S00116582,51.041664,125
S00116583,46.958333,115
S00116707,119,119
S00117598,91,83
S00116584,83,92
S00116689,101,117
S00117636,82,86
S00112160,93,253
S00116571,73.944443,141
S00116570,67.833332,111
S00116586,105.069701,96
S00116585,54.157894,56
S00112180,64.181103,143
S00112182,45.33071,101
S00116394,71.095847,129
S00112181,27.377953,73
S00116572,57,74
S00116579,55.447205,63
S00116580,23.552795,98
S00116578,77,86
S00116574,106,106
S00116573,118,106
S00112312,37.5,75
S00112313,37.5,75
S00116389,30.818182,101
S00116346,26.181818,61
S00112166,190.600002,165
S00116567,31.679999,60
S00112167,56.891189,66
S00116566,7.599,65
S00112171,76,133
S00116388,167,158
S00116576,46.927275,89
S00116577,40.072728,76
S00112311,84,87
S00116395,96,93
S00116575,106,89
S00116581,77,88
S00112165,48.400001,80
S00112170,119,114
S00116569,80,86
S00112168,44.036808,97
S00116568,95,101
S00112169,88,101
S00114356,33.570122,143
S00114354,29.814023,127
S00114355,68.615853,95
S00116141,20.705521,135
S00116142,15.797547,103
S00116140,13.496932,88
S00117231,106,102
S00114359,112,111
S00114358,64,76
S00114376,144,127
S00114357,80,69
S00114372,52.027971,80
S00114373,40.972029,63
S00114375,97,93
S00114364,125,123
S00117230,80.658388,86
S00117229,70.341617,75
S00117242,95.096067,119
S00117241,146.903927,145
S00117239,97,83
S00117240,109,102
S00114363,97,102
S00117238,133,134
S00114362,120,114
S00114366,104,109
S00114374,72,71
S00116393,60.014388,86
S00116390,79,74
S00113992,84,72
S00114371,85,72
S00116144,77.880004,66
S00116145,62.559023,80
S00114369,103,103
S00116070,109.301674,91
S00116071,105.698326,88
S00117237,255,82
S00116143,98,98
S00114370,116,92
S00113652,106,105
S00117090,111,105
S00114368,80,83
S00114367,144,136
S00117092,92,106
S00114185,141.521124,137
S00116154,150,180
S00114389,64,109
S00117096,80.975612,166
S00117095,76.585367,157
S00117089,117,176
S00113675,122,105
S00113674,58,58
S00113676,124,114
S00117091,66,55
S00117088,65,62
S00117087,104,91
S00113679,71,77
S00113680,83,74
S00114003,86,85
S00117244,132,137
S00113937,124,121
S00114393,66.51111,73
S00114394,56.48889,62
S00113935,75,80
S00113862,203,193
S00114391,163,146
S00116152,101,63
S00114388,175,184
S00113695,105.637791,86
S00113696,50.362204,66
S00114387,51.485126,149
S00114385,39.736843,115
S00114386,31.098399,90
S00114384,28.679634,83
S00114361,41.637642,243
S00114360,19.36236,113
S00113653,95.367998,131
S00113654,86.632002,119
S00113672,100,102
S00113673,141,122
S00113693,24.979508,115
S00113694,34.439253,128
S00113692,98.946722,122
S00116150,99.893719,98
S00114382,200.681156,126
S00116149,64.528823,71
S00113950,121,112
S00117093,188,139
S00113671,151,150
S00113664,110,113
S00113697,105,109
S00114392,108,112
S00116155,95,67
S00116147,198,84
S00114377,119,125
S00116146,82,83
S00114379,88,114
S00113951,126,129
S00114380,63,72
S00114381,49,56
S00114378,94,106
S00117243,109,105
S00116151,87,127
S00113771,99,97
S00113772,122,64
S00113775,60.510346,82
S00113774,46.489654,135
S00116487,63,58
S00113786,124,93
S00116056,73,59
S00113790,132,114
S00113800,53,60
S00113941,161,160
S00113936,131,140
S00113940,174,170
S00113770,38.22086,178
S00113769,29.846625,139
S00113767,22.546013,105
S00113768,14.386503,67
S00113938,110.75806,109
S00113939,78.241935,77
S00113668,75,60
S00116059,157,162
S00116060,77,77
S00113791,69,75
S00113796,91,90
S00116055,112,101
S00117120,175,113
S00116057,80,153
S00113806,134,149
S00117124,78,65
S00117123,106,93
S00117122,78,79
S00116058,119,118
S00113792,92,74
S00113794,101,84
S00113666,61,94
S00113942,121,115
S00113943,75,79
S00113947,76,69
S00113948,80,73
S00113946,74,83
S00113797,117,87
S00113944,60.17442,90
S00113945,54.82558,82
S00117121,158,152
S00113804,80,76
S00113802,52,60
S00113803,102,76
S00113801,52,50
S00113807,150,163
S00116148,137.214816,104
S00114383,44.681481,52
S00113778,163.982755,72
S00113777,53.017241,50
S00113780,67.958115,110
S00113779,50.041885,81
S00117118,102,148
S00117119,125,133
S00116063,64,144
S00113776,87,74
S00113655,97,121
S00113656,125,137
S00116034,76,83
S00113670,66,85
S00113669,110,106
S00113659,96,94
S00113657,61,62
S00113667,67,86
S00113661,132,115
S00113700,84,74
S00113663,96,79
S00113698,103,104
S00117107,92,89
S00113699,74,77
S00113701,136,99
S00113702,105,100
S00116481,120,92
S00116482,82,63
S00116041,111,92
S00117106,56,58
S00113812,150,146
S00116043,53,51
S00117113,90,92
S00116044,88,74
S00116046,113,96
S00117114,66,74
S00113787,122,121
S00117127,109,101
S00113817,76.825399,132
S00113816,96.174604,110
S00113808,75,106
S00113788,66.760867,83
S00113789,44.23913,55
S00113785,85.611513,85
S00113784,54.388491,54
S00113799,62,67
S00113813,109.27461,114
S00113814,75.72539,79
S00113782,90.586665,86
S00113781,67.413335,64
S00113783,147,137
S00113798,103,105
S00113815,108,126
S00117128,103,103
S00113819,77,76
S00113818,111,141
S00113838,205,106
S00113805,76,78
S00117125,150.568784,124
S00113809,169.904896,160
S00113910,53,87
S00117126,71.526317,99
S00113909,78,57
S00113810,130,74
S00113811,70,71
S00113905,89,84
S00113907,57,61
S00113906,110,102
S00113911,95,86
S00116062,94.541433,124
S00116061,43.458563,57
S00113823,78.26852,237
S00113824,52.839506,160
S00113825,43.922839,133
S00113822,100.969135,170
S00113832,132,127
S00113829,90,79
S00113831,122,120
S00113820,99,55
S00113835,121,63
S00113834,155,107
S00113833,91,107
S00116064,99,87
S00113993,69,78
S00116069,70,59
S00117159,188,171
S00113991,114,111
S00117160,133,143
S00113977,126,116
S00113970,184,163
S00113987,135,121
S00113990,80,62
S00113988,124,112
S00113976,131,105
S00113983,148,108
S00113982,132,128
S00113985,117,109
S00113986,123,104
S00113984,166,151
S00113989,130,116
S00113981,118,102
S00113980,192,154
S00113974,138,120
S00113975,119.915381,119
S00113978,178,157
S00113979,115,102
S00117543,140.307694,128
S00113934,101,75
S00113967,235,209
S00113930,136,117
S00113928,197,176
S00113845,134,79
S00113973,124.273976,168
S00113972,91.726024,124
S00114024,137,140
S00114041,75.79044,133
S00114040,56.41544,99
S00114039,99.935751,126
S00113933,129,115
S00113949,132,114
S00117156,116,115
S00117154,76.610832,108
S00117155,67.389163,95
S00113932,134,107
S00113953,109,107
S00113955,82,70
S00113954,75,58
S00113908,137,109
S00117129,100,69
S00117157,123,110
S00113913,38.79581,114
S00113912,26.204188,77
S00113904,78,82
S00113959,57.206894,83
S00113903,91.98844,98
S00113902,54.01156,64
S00117150,84,97
S00117130,136,108
S00113855,79.278687,93
S00113856,76.721313,90
S00113821,82,79
S00113851,80,57
S00113960,37.47059,91
S00113961,75.529412,111
S00113931,144,135
S00117158,107,98
S00113952,102,94
S00113962,159,156
S00113958,128,127
S00113956,108,101
S00113969,129,110
S00113971,215,172
S00113965,42.948529,177
S00113964,29.60294,122
S00113963,26.44853,109
S00116072,93,78
S00113968,203,175
S00114021,126,115
S00114023,74,56
S00113878,101,157
S00113875,100.022728,108
S00113874,62.977272,68
S00113876,165,107
S00117136,80,107
S00113877,52,58
S00113926,126,135
S00113927,83,92
S00113925,83,90
S00113882,96,95
S00113923,86,101
S00113924,113,103
S00113890,96,102
S00113919,85,85
S00113889,108,105
S00113921,84,55
S00113922,97,72
S00113917,153,140
S00113881,109,102
S00113995,93,92
S00113994,194,195
S00113998,119,111
S00113879,112,115
S00113997,101,95
S00116068,61,78
S00117161,103,88
S00113996,74,71
S00113880,101,128
S00117162,124,127
S00113884,94,95
S00113883,83,84
S00114000,117,124
S00114002,68,63
S00114006,126,119
S00113887,92,84
S00114007,88,85
S00113886,97,89
S00113885,88,85
S00113888,78,84
S00117168,62,53
S00114022,88,80
S00114033,119.016212,109
S00114034,82.983782,76
S00114035,144,143
S00114031,105,95
S00114036,124,118
S00114032,104,81
S00114030,140,123
S00113999,133,111
S00114001,87,85
S00114004,95,90
S00114027,145,127
S00116495,73,74
S00113893,123,100
S00114017,156,122
S00117169,104,97
S00114011,128,127
S00114020,75,82
S00114012,91,86
S00114015,78,88
S00117166,85,88
S00117167,60,60
S00114014,65,56
S00117165,67,72
S00114013,90,88
S00116493,77,73
S00116498,93,80
S00114026,165,152
S00114025,131,107
S00117171,132,104
S00117172,92,82
S00114016,181,158
S00116076,110,106
S00116108,116,102
S00114080,137,105
S00114079,131,118
S00114077,134,147
S00113920,134,128
S00113918,163,138
S00113916,116,100
S00113915,139,122
S00117153,164,141
S00117152,61,66
S00113914,131,103
S00113899,185,70
S00113898,74,83
S00113900,63,68
S00113895,83,148
S00117147,99.927079,106
S00117146,81.072915,86
S00113896,52,70
S00117149,76,109
S00117151,68,80
S00117148,69,85
S00113901,116,107
S00113871,90,124
S00114009,142.874125,139
S00117138,124.125875,150
S00113892,70,60
S00117137,116,101
S00113891,150,90
S00117140,79,84
S00117139,94,75
S00113894,102,86
S00117143,98,85
S00117141,59,93
S00117142,84,80
S00113897,144,122
S00117145,74.751441,106
S00117144,47.248555,67
S00114043,120,107
S00114044,93,88
S00113869,140,148
S00113872,123,123
S00113868,103,112
S00114045,111,106
S00116075,94,87
S00114046,156,153
S00117134,99,91
S00114049,59,55
S00114042,186,180
S00113854,135,133
S00113853,67,72
S00113859,147,137
S00113865,96,89
S00116489,87,85
S00113857,81,65
S00113858,100,88
S00113852,115,111
S00113849,87,98
S00117175,149,121
S00113870,115,108
S00117176,62,70
S00116492,113,112
S00114050,135,140
S00114051,116,97
S00113867,97,95
S00116491,106,92
S00113866,159,119
S00113863,161,153
S00116490,102,79
S00114005,124,129
S00117163,108,80
S00116074,80,71
S00114074,131,120
S00117164,83,82
S00114019,66.144577,61
S00114018,90.855423,70
S00114010,66,67
S00117180,228.182482,173
S00117179,122.817518,179
S00114211,134,115
S00114075,200,178
S00114078,182,138
S00115860,106,90
S00114073,171,175
S00114072,141.828571,140
S00114070,87.1756,79
S00114048,91.647056,82
S00114047,60.352939,54
S00114068,114,109
S00114069,94,103
S00114067,81,78
S00114056,114,102
S00114071,191,190
S00114065,155,137
S00113358,170,101
S00116073,83,105
S00114066,125,158
S00117178,110,102
S00117177,90,78
S00114064,104,94
S00114061,138,97
S00114062,117,89
S00114057,90,76
S00114063,120,177
S00114060,93,82
S00116106,90,75
S00116105,110,120
S00117212,161,155
S00113501,95.400003,70
S00113490,107.600003,76
S00117211,119,139
S00114233,147,160
S00117214,82,61
S00117541,64.83684,97
S00117542,61.494736,92
S00116343,75,69
S00115908,137,148
S00114038,131.858368,147
S00114037,95,98
S00114029,124,111
S00114028,180,169
S00117182,140,146
S00117184,137,121
S00117181,182,150
S00115854,182,143
S00114081,165,152
S00114082,134,113
S00117183,73,116
S00114210,94,77
S00116097,90,70
S00114231,157,152
S00116104,109,98
S00114229,60.441767,175
S00114230,25.558233,74
S00116107,80,75
S00114076,77,77
S00114215,126,105
S00114214,121,104
S00116096,82,115
S00117174,59,61
S00117173,65,53
S00115849,203,172
S00115853,127.630769,122
S00117540,153,127
S00117539,69,54
S00115862,157,138
S00115865,89,88
S00115852,120,109
S00115878,123,115
S00115881,122,103
S00117538,83,82
S00117537,81,75
S00115864,102,109
S00115850,131.644733,115
S00115851,129.355259,113
S00115858,129,113
S00115855,147,128
S00115857,129,88
S00115856,151,139
S00115809,124,110
S00115880,90,83
S00115861,154,131
S00115863,95,92
S00115868,113,94
S00115879,124,123
S00115867,92,79
S00116992,94.271358,134
S00115859,234,190
S00115866,128,119
S00115869,106,79
S00115870,148,129
S00115886,137,118
S00115875,156,147
S00115876,87,86
S00115871,96,83
S00115874,144,115
S00115873,139,117
S00115810,137,125
S00115872,159,127
S00115883,90,86
S00115891,153,145
S00115905,73,70
S00115890,100,112
S00115882,120,97
S00115907,75,68
S00115885,131,101
S00115877,95,79
S00115884,100,93
S00115888,86,96
S00115887,130,115
S00115894,94,92
S00115892,81,78
S00115889,96,99
S00117527,83,69
S00115830,190,161
S00115906,68,82
S00115895,120,76
S00114225,150,148
S00115903,193,169
S00115900,90.383636,228
S00115898,38.849104,98
S00115899,25.767264,65
S00115896,247,184
S00115902,219,175
S00115893,183,163
S00115904,106,91
S00115901,83,80
S00115897,92,83
S00115808,136,126
S00115811,118,116
S00115813,164,140
S00115815,148,142
S00115812,137,109
S00115817,110,101
S00115814,133,104
S00113449,98,84
S00116333,82,73
S00114213,145,115
S00115821,97,101
S00115818,117,105
S00114216,114,83
S00114212,68,60
S00114218,162,153
S00116099,134,155
S00114217,81,65
S00115826,169,138
S00116336,134,136
S00115827,126,111
S00115829,129,111
S00115825,108,101
S00115816,129,123
S00115820,112,102
S00115828,148,134
S00115819,137,126
S00115824,172,152
S00115823,186,153
S00115822,143,106
S00115837,113,104
S00116335,99.74522,180
S00116334,74.254775,134
S00114219,97.095059,168
S00116098,54.904941,95
S00117207,147,143
S00117208,116,107
S00116103,71,93
S00114228,60.278146,164
S00114227,50.721854,138
S00117210,396,94
S00114220,62,65
S00117520,150,154
S00114223,86,90
S00114221,126,101
S00117526,94.035554,149
S00117525,47.964442,76
S00117524,129,125
S00116337,72,59
S00115841,80,70
S00115833,148,135
S00115831,107,89
S00115834,130,118
S00115832,144,124
S00115844,122,115
S00115839,108,104
S00115838,109,99
S00117532,98,82
S00115840,138,139
S00117529,167,147
S00117531,202,197
S00117528,69,60
S00115842,145,137
S00117618,145,105
S00116339,103,102
S00115848,113,94
S00115845,163.196203,133
S00115847,169,161
S00115846,172,149
S00116340,73,64
S00115843,129,99
S00117517,283,260
S00117533,125.8038,139
S00117530,178,168
S00117518,147,139
S00117534,90,91
S00117523,127,129
S00117519,202,197
S00117521,123,138
S00117624,238,209
S00117625,166,158
S00117620,97,73
S00112163,22.531251,103
S00112161,19.906251,91
S00112162,14.656249,67
S00112164,18.49525,99
S00115974,61,68
S00112272,35.820733,129
S00112269,28.425485,123
S00112273,1.1556,174
S00116382,43.139555,104
S00116381,19.292726,109
S00116385,13.921259,102
S00116384,10.782152,79
S00116380,10.64567,78
S00116386,8.4656,62
S00116383,3.5464,66
S00117633,17.759494,106
S00117635,15.056962,117
S00117632,13.770042,107
S00117631,9.780591,76
S00117634,4.6299,68
S00112175,25.034484,108
S00112176,20.896551,101
S00112179,15.931034,77
S00112177,11.172414,55
S00112178,11.172414,54
S00116345,93.896907,92
S00116349,190.253928,886
S00116348,43.590909,95
S00116350,24.4682,114
S00116347,15.6728,73
S00112319,73.391751,85
S00112318,39.608247,102
S00112310,109,104
S00117098,119,114
S00117099,118,105
S00113684,128,93
S00113682,77,84
S00116297,26.360655,102
S00116296,19.803279,96
S00116299,9.836066,75
S00116278,55,68
S00112314,104,96
S00113677,124,85
S00113683,145,129
S00113678,114,94
S00113687,72,55
S00112208,97.373413,127
S00112210,50.204082,82
S00112209,46.530614,76
S00116642,68,71
S00116640,70,60
S00115965,95.07981,122
S00115964,70.92019,91
S00112212,86,73
S00112207,57.891894,71
S00116641,68,68
S00112307,74.782915,61
S00112306,58.217081,123
S00116941,142,153
S00113492,218,71
S00113493,318,109
S00112324,659,645
S00112323,195,201
S00112173,94,94
S00112331,132,80
S00116659,25.673043,122
S00116662,40.193043,106
S00116661,28.198261,134
S00116660,26.935653,128
S00112211,160,106
S00112333,82,69
S00116664,102,101
S00112332,62,62
S00112335,129,135
S00112330,72,67
S00112328,80,79
S00112329,89,76
S00116651,921,921
S00116652,96,104
S00116657,101,111
S00112321,74,72
S00116982,100,97
S00116077,990,929
S00116654,134,117
S00112325,143,131
S00112315,52,54
S00112316,79,62
S00112317,77,70
S00112322,123,121
S00113685,118,128
S00113686,101.1424,120
S00117097,158.857146,139
S00116036,70.439068,224
S00116039,30.930063,137
S00116038,30.252761,134
S00116040,30.026995,133
S00116035,29.575461,131
S00116037,28.22086,125
S00112326,99,103
S00117005,75,104
S00113363,88,81
S00116984,117,99
S00116986,102,127
S00116442,83,58
S00117004,136,132
S00116444,94,102
S00113360,88.104237,161
S00113359,79.895763,146
S00113361,70.093617,142
S00113362,45.906383,93
S00116447,95,84
S00117018,67,79
S00117006,75,83
S00113365,48.339872,86
S00113364,37.660131,67
S00117003,182,135
S00113368,85.225076,171
S00113367,69.774919,140
S00113484,109,102
S00117007,86,109
S00117009,76,68
S00117012,112,136
S00113366,97,111
S00117010,91,105
S00117013,111,90
S00116446,105,102
S00117019,103,115
S00117016,76,91
S00116646,64.105044,146
S00116648,48.29832,110
S00116649,35.565127,81
S00116650,31.613447,72
S00116647,29.418069,67
S00113338,283,98
S00113506,71,76
S00113502,71,67
S00117061,78.828573,124
S00117062,57.214285,90
S00117063,41.957144,66
S00117064,79,83
S00116007,113,113
S00116010,109,132
S00116009,74.421768,103
S00117065,103,87
S00113507,88,195
S00113339,66,78
S00113340,47.999999,112
S00113341,27.000001,63
S00113345,96,123
S00113346,108,115
S00113348,81,89
S00116991,45.728642,65
S00113343,114,68
S00116987,120,101
S00117045,144,131
S00117046,123,113
S00115998,37.758619,75
S00115999,35.241379,70
S00113448,114,104
S00113350,108,109
S00117544,187,178
S00116990,88,83
S00113351,117,99
S00113349,124,117
S00117049,89,76
S00113352,78,66
S00117547,122,108
S00115991,136,119
S00116993,87,82
S00113450,122,114
S00117048,79,69
S00117047,144,130
S00117104,52.375633,154
S00117105,48.634519,143
S00117102,45.233502,133
S00117103,36.390861,107
S00117108,60.311111,59
S00117109,81.688889,85
S00113703,118,125
S00117111,97,83
S00113658,55,52
S00113725,110,108
S00113827,87,98
S00116052,90,156
S00113837,72,65
S00113844,140,113
S00113708,110,95
S00117110,74,75
S00116047,89.6828,95
S00113726,120.316833,98
S00117116,127,130
S00113727,134,148
S00113728,115,122
S00117117,66,64
S00113839,177,86
S00113836,76,77
S00113826,159,156
S00113830,118,113
S00113842,134,77
S00113841,157,123
S00117131,153,135
S00113691,99,102
S00117101,96,84
S00113689,118,129
S00116001,101,80
S00113765,56.761938,110
S00113370,126,113
S00113372,129.277776,169
S00113373,49.722224,65
S00113369,120,118
S00117100,78,77
S00113690,81,71
S00113766,55.792859,107
S00116443,150,118
S00113371,132,131
S00113374,78,76
S00117014,133,155
S00117051,89,83
S00113481,132,127
S00113748,129,125
S00116483,107,111
S00113745,119,112
S00114123,58,73
S00117053,71.321144,124
S00117052,44.461079,75
S00117055,174,166
S00117050,153,119
S00113482,85,63
S00113709,102,111
S00113712,55.541666,72
S00113711,137.458334,114
S00113710,97,99
S00113707,86,79
S00113714,101,73
S00113713,176,152
S00117112,169,181
S00113716,117,103
S00113717,63.215689,93
S00113718,40.784314,60
S00113720,93,89
S00113719,157,130
S00113750,104,106
S00116484,130,146
S00113751,68,53
S00113747,71,78
S00113749,118,109
S00113688,71,65
S00113754,93.000002,93
S00113755,54.999998,55
S00113752,165,149
S00116485,108,94
S00116486,75,73
S00113753,105,106
S00113746,133,121
S00113756,123,120
S00113763,61,75
S00113762,108,105
S00113758,99,76
S00113757,74,71
S00113760,110,93
S00113764,116,143
S00113733,76,89
S00113732,124.833337,107
S00113731,71.166663,61
S00113730,136,130
S00113736,103,113
S00113741,103,96
S00113738,76,83
S00113737,105,105
S00113735,76,81
S00113722,79,74
S00116049,53,64
S00113739,57,57
S00113734,138,139
S00113740,102,106
S00113723,86,100
S00116050,62,54
S00117115,66,73
S00113724,86,80
S00113742,85.428574,69
S00116051,103.571429,106
S00116053,103,118
S00113743,95,123
S00113759,114,127
S00114157,88,101
S00113375,67.557294,119
S00113376,41.442709,73
S00115993,58,60
S00114162,104,106
S00114133,111,107
S00113744,129,136
S00113761,92,78
S00113828,121,113
S00114117,163,156
S00114116,84,145
S00114161,78,87
S00114118,97,100
S00114119,87,70
S00114120,78,97
S00114121,78,93
S00114128,87,86
S00113840,101,60
S00114164,112,95
S00114163,77,67
S00114165,93,91
S00114160,92,93
S00114159,106,102
S00114158,86,79
S00114153,122,116
S00114155,97,106
S00114173,60,77
S00114174,73,69
S00114151,78,93
S00114156,79,90
S00114154,67,68
S00114149,117,103
S00114129,118,116
S00114124,63.290912,59
S00114125,54.709092,51
S00114127,94,88
S00114131,125,124
S00114126,117,103
S00114132,135,120
S00114130,129,121
S00117190,80,81
S00117191,146,131
S00114135,78,83
S00114137,215,199
S00114152,145,148
S00114150,115,92
S00114147,121,120
S00114134,165,150
S00114148,155,139
S00114142,82,88
S00114141,656,962
S00114136,120,121
S00114139,106,100
S00113377,74,63
S00117025,71,71
S00113488,137,132
S00113378,157.154441,103
S00113380,62.687259,82
S00113379,61.158299,80
S00117021,140,122
S00115994,119,120
S00117023,115,113
S00117024,71,62
S00113382,63,59
S00113381,91,102
S00113384,94,113
S00113383,67,55
S00117054,98,99
S00113485,86,72
S00117056,85.484445,163
S00117057,136.686834,146
S00113483,118.044871,145
S00113486,70,90
S00113489,105,103
S00113487,108,104
S00113477,94,90
S00113478,119,111
S00113472,102,81
S00113476,90,102
S00116450,198,78
S00117059,85,75
S00116459,96,112
S00116462,88,86
S00116464,99,80
S00113385,152,147
S00117058,263,245
S00113447,121.563467,137
S00113446,73.088711,57
S00113388,150,124
S00114093,48.07047,191
S00114090,36.493288,145
S00114092,36.241611,144
S00114091,29.194632,116
S00114084,139,111
S00117550,80,136
S00114094,140,123
S00114095,93,80
S00114140,124,132
S00114138,98,108
S00116457,73,91
S00114083,137,141
S00117549,179.83098,152
S00117548,72.169012,61
S00114085,132,120
S00117185,117,107
S00117186,96,70
S00114098,71,57
S00113386,177,178
S00116079,101,99
S00116080,68,72
S00114101,117,90
S00114105,92,85
S00114102,149,103
S00114103,117,100
S00114104,105,89
S00113441,81,74
S00116078,118,106
S00114096,166,128
S00114097,113,97
S00114099,161,139
S00114100,86,86
S00116458,68,58
S00114114,166,163
S00113498,113,120
S00113499,72.100001,103
S00113500,39.899999,57
S00117066,118,88
S00113505,70.578231,125
S00116011,79,57
S00117546,70.710746,69
S00117545,53.289254,52
S00113353,123,128
S00116994,60,63
S00113503,165,105
S00113504,142,116
S00116012,143,131
S00113512,166,154
S00113508,113.358778,165
S00113509,66.641222,97
S00115992,177.561403,158
S00116456,83,74
S00113287,110.685989,128
S00113286,68.314011,79
S00113288,200.241166,235
S00113522,87.917344,158
S00113554,75.037735,82
S00113517,64.294998,167
S00113518,54.669998,142
S00113516,35.035002,91
S00113520,78,71
S00113290,64.897957,106
S00113291,55.102039,90
S00113561,113,63
S00113562,82,80
S00113574,32.03268,169
S00113572,28.24183,149
S00113573,26.725491,141
S00113519,57,68
S00116016,157,138
S00113515,54.886361,69
S00113514,50.113636,63
S00113513,102,107
S00113289,204,102
S00113521,94,73
S00113511,87,133
S00117067,58,68
S00116014,87.037036,100
S00116013,53.962964,62
S00117068,75,73
S00113527,98,92
S00113563,64,60
S00113528,122,111
S00117069,145,136
S00113525,92,108
S00113526,102,99
S00113510,153,140
S00113524,40.668589,144
S00113523,34.172912,121
S00113542,161,168
S00113545,117,113
S00113550,69.746375,77
S00113551,55.253625,61
S00113552,98,83
S00113553,136,112
S00116469,68,63
S00113548,140,147
S00113549,140,135
S00113571,176,164
S00113541,86,82
S00117073,76,86
S00117074,73,68
S00117072,159,164
S00116468,58,59
S00113544,100,79
S00113540,75,79
S00113543,89,91
S00113546,111,110
S00116467,90,79
S00116470,147,122
S00113565,77,72
S00113566,114,109
S00113547,166,142
S00113564,164,147
S00117070,114.333334,54
S00113537,96,85
S00113533,115,113
S00113354,178.438597,144
S00113357,140,131
S00113356,48.755908,72
S00113355,37.244095,55
S00117071,81.666664,90
S00113532,56.671875,93
S00116997,78.328125,98
S00116018,53,63
S00113531,77,112
S00113529,110,127
S00113398,148,120
S00113530,82,86
S00113534,74,76
S00113535,79,85
S00113536,89,84
S00113400,126,115
S00113463,124,119
S00113462,100,115
S00113464,88,95
S00113461,83.411291,102
S00113399,109.75,96
S00113459,80,86
S00113460,74.838709,145
S00113455,83,81
S00113453,129,122
S00113452,71,60
S00113395,115,106
S00113397,90,93
S00113396,101,100
S00113451,92,102
S00113538,66,79
S00113539,127,114
S00113590,135.891305,133
S00113589,173.1042,152
S00113401,111,122
S00115995,155,146
S00117002,73,70
S00117001,163,136
S00113404,153,158
S00116454,65,69
S00117032,114,106
S00116451,69,67
S00113406,91,140
S00113405,186,197
S00113407,99,90
S00113555,172,145
S00113438,162.999995,163
S00113443,209.004,159
S00116020,66,62
S00113556,67,61
S00113575,149,136
S00113576,111,90
S00113577,78,72
S00113568,183,186
S00113567,182,152
S00113569,184,179
S00116019,130,97
S00113570,142,138
S00113579,151,133
S00113588,172,175
S00113586,155,128
S00113433,122,128
S00113587,160,129
S00113604,134,93
S00116022,98,81
S00116023,87,88
S00113578,67,59
S00113593,149,157
S00113592,131,126
S00113595,124,113
S00113594,153,134
S00116472,61,62
S00116473,76,63
S00113591,120,112
S00116024,85,83
S00113602,220,61
S00116025,93,66
S00113600,89,65
S00113439,118,109
S00113601,131,91
S00113599,150,132
S00113608,73,75
S00113596,71,65
S00113580,188.825001,176
S00113581,86.025001,93
S00117078,108.15,93
S00113585,93.310561,83
S00113584,87.689439,78
S00113606,153,151
S00116998,122,108
S00116999,147,140
S00113434,109,99
S00116996,193,180
S00117000,86,83
S00116995,138,104
S00116021,118,105
S00115805,69.785043,114
S00115806,61.214953,100
S00115804,150,146
S00113391,122,131
S00113605,198,178
S00113603,213,182
S00116475,90,81
S00116477,62,68
S00113583,132,104
S00113582,113,123
S00113470,172,165
S00113392,163,152
S00113471,117,129
S00113475,76,86
S00113473,63.195649,57
S00113390,90.804348,78
S00113474,119,121
S00113387,139,172
S00113444,57.043479,112
S00113445,41.763973,82
S00115997,29.540372,58
S00117029,115,110
S00116217,91,103
S00113467,119.735293,115
S00113468,57.264707,55
S00113454,79,66
S00113394,111,107
S00113408,198,209
S00113466,122,126
S00113456,92,110
S00116000,56,91
S00113457,68.679246,84
S00113458,61.320754,75
S00113431,193,153
S00113412,98,86
S00113469,123,127
S00113465,129,107
S00113393,150,154
S00113389,127,129
S00117027,52.674513,146
S00117028,39.32549,109
S00113432,143,132
S00113435,106,119
S00113437,126,105
S00117043,145,144
S00113411,124,111
S00113410,106,115
S00113409,131,184
S00117044,182,161
S00113436,84,72
S00113429,142,128
S00113428,126,104
S00113430,124,111
S00113427,70,61
S00113423,156,143
S00113424,226,155
S00113416,124,104
S00113420,64.243026,129
S00113421,60.756974,122
S00113414,111,93
S00117033,91,65
S00113440,112,125
S00113425,265,242
S00113419,99,76
S00113426,139,104
S00117574,180,152
S00117573,82,98
S00117037,117,67
S00117038,183,202
S00117575,186,201
S00117572,73,80
S00114110,75.58011,80
S00117577,203.676466,200
S00117576,73.323534,72
S00117041,205,213
S00113415,105,97
S00117039,61.76695,129
S00117040,51.23305,107
S00117042,140,151
S00117034,144,145
S00113413,153,145
S00113417,195,156
S00113418,197,130
S00115807,116,85
S00113422,114,66
S00117036,125,104
S00117035,191,81
S00117579,97,89
S00114244,213,209
S00117578,134,116
S00117580,139,137
S00117584,82.690473,151
S00117583,75.02381,137
S00117582,157,158
S00117581,172,167
S00117585,153,131
S00117586,84.038464,95
S00113847,107,96
S00113846,144,112
S00116066,111,88
S00117132,86,88
S00114054,99,102
S00116067,140,128
S00114053,103,103
S00114052,111,107
S00114245,51,52
S00114058,180,185
S00114059,85,100
S00117215,106,73
S00117213,120,104
S00113848,125,117
S00117133,69,78
S00114055,147,135
S00114235,89,75
S00113843,130,119
S00114168,140,139
S00117194,55,56
S00117193,78,67
S00117196,90,109
S00117195,68,72
S00114180,94.5696,107
S00114144,81,67
S00114143,140,122
S00114086,122.549006,133
S00114087,73.368419,68
S00116081,140,122
S00116501,113,98
S00116086,50.992334,78
S00116082,44.059649,70
S00114176,103.773331,181
S00114175,71.044848,86
S00116500,145,120
S00114089,153,145
S00116084,105,139
S00114266,117,110
S00116502,152,141
S00116499,94,84
S00113861,58,52
S00113850,90,80
S00114167,82.500004,99
S00114166,72.500001,87
S00113860,79,71
S00117199,145,146
S00114171,92.855177,88
S00114172,60.144828,57
S00117198,86.181822,79
S00116083,108,86
S00114177,92,71
S00114179,74.478592,231
S00114178,40.947101,127
S00116092,85,87
S00116504,101,88
S00116091,99,83
S00114203,137,137
S00114204,90,95
S00116503,74,88
S00116090,121,134
S00114208,171,104
S00114181,197,188
S00114182,67,51
S00117192,106,118
S00114183,148.871326,210
S00114186,54.420051,78
S00114187,184,99
S00116088,67,62
S00114201,101,72
S00117200,121,173
S00114184,67.1875,147
S00116087,73,104
S00117201,219,99
S00116093,102,175
S00114205,152,126
S00114206,51,50
S00116094,196.18,165
S00116095,121.82,111
S00114207,111,99
S00114209,152,148
S00114255,105,102
S00114257,119,114
S00114276,144,121
S00114246,163,163
S00114247,129,131
S00114248,108,122
S00116089,87,81
S00114198,164,108
S00114188,143,118
S00114194,137,163
S00114192,73.828125,81
S00114193,52.864584,58
S00114191,48.307291,53
S00114189,72,109
S00114190,106,113
S00116509,62,54
S00114088,151,117
S00114115,142,123
S00114197,166,160
S00114265,119,119
S00114264,88,81
S00116510,122,117
S00114256,181,169
S00114254,67,62
S00114259,173,151
S00114258,182,165
S00114261,147,111
S00116122,61,64
S00114274,129,114
S00114260,147,121
S00114262,83,70
S00114275,93,73
S00114272,91,78
S00116109,168,113
S00114263,83,87
S00114270,142,115
S00114267,119,118
S00114250,37.229917,168
S00114251,35.235458,159
S00114249,41.94177,144
S00116124,32.979961,122
S00114252,23.047091,104
S00116123,32.272,97
S00117216,134,106
S00117217,125,109
S00117218,115,98
S00114253,158,132
S00116121,131,107
S00114273,127,116
S00117570,183,140
S00117571,112,97
S00114269,112,90
S00114268,122,116
S00114271,78,75
S00117209,67,71
S00116129,90,79
S00116125,43.29655,73
S00114236,98,118
S00114237,178,213
S00114224,168,172
S00114226,142,152
S00116101,53.104267,83
S00116102,49.905214,105
S00114238,135.990521,120
S00116100,107,105
S00114222,127,108
S00117522,151,154
S00114277,118.199261,176
S00114278,63.800739,95
S00114280,445,132
S00116126,125,115
S00114241,78,70
S00114239,107,78
S00114240,174,171
S00114242,75.121953,165
S00114243,36.878051,81
S00117220,65.92208,141
S00117219,45.818181,98
S00117221,68.88011,104
S00116127,76.379628,73
S00114279,71,127
S00114307,103,112
S00116133,128,83
S00116128,56,79
S00114308,105,58
S00114303,87.039999,112
S00114304,48.960001,63
S00114330,558,89
S00114295,28.018517,89
S00114296,22.981481,73
S00116132,115,118
S00114297,92,67
S00114305,146,131
S00114306,122,104
S00114302,84,87
S00114298,123,106
S00114281,106,83
S00114287,49.843261,100
S00114285,144.880879,137
S00114286,35.887147,72
S00114284,35.388716,71
S00114291,131,121
S00114290,169,193
S00116131,133,111
S00114288,125,104
S00114283,70,55
S00114309,150,147
S00116134,89,77
S00117222,103,103
S00114310,122,99
S00114312,134,127
S00114316,129,124
S00114282,81,75
S00114314,115,63
S00114311,150,125
S00116130,68,64
S00117224,186.322584,127
S00114289,60,117
S00114329,262.632433,91
S00114294,115,68
S00114292,93.129869,101
S00114293,48.870131,53
S00114332,97,89
S00114334,84,55
S00116138,100,119
S00114333,128,87
S00117228,90,175
S00114313,81,108
S00117227,150,142
S00114327,167.732822,128
S00116136,64.019314,72
S00114301,85,96
S00114300,99,116
S00114299,212,166
S00114195,68.806087,156
S00114196,43.224333,98
S00114106,135,120
S00117187,134,112
S00114107,172,123
S00117188,119,99
S00114113,203,160
S00115912,204,185
S00115910,129,107
S00115909,123,110
S00115911,113,103
S00115913,152,130
S00114108,148,145
S00114112,121,103
S00112154,53,57
S00113053,114,117
S00116905,171,142
S00113034,154,134
S00113036,131,117
S00113035,134,138
S00113045,80,99
S00113050,123,129
S00113052,104,102
S00113058,154,150
S00112789,149,154
S00112788,156,150
S00116811,77,72
S00113051,126,133
S00113054,141,154
S00113057,97,108
S00113056,89,86
S00116810,121,113
S00116910,69,71
S00113103,82,78
S00115962,54.257511,196
S00115961,48.997855,177
S00115963,25.744636,93
S00115941,108,105
S00116921,142,124
S00115966,54.588238,145
S00115967,41.411765,110
S00116558,132,84
S00113105,104,98
S00113104,106,91
S00113106,101,82
S00115960,99,94
S00113102,159,151
S00116906,150,153
S00113113,131,119
S00113109,201.206346,134
S00113107,90.793654,88
S00113110,62,61
S00113108,72,95
S00113111,258,136
S00113112,209,159
S00116922,159,151
S00116924,110,107
S00116920,100,86
S00113114,62,57
S00116923,74,67
S00113115,103,123
S00113090,63,52
S00115944,70,84
S00116919,77,81
S00113076,93,79
S00116915,79,88
S00113080,220,159
S00116417,85,87
S00113075,115,130
S00113078,159,148
S00113059,92,114
S00113055,78,76
S00113060,89,95
S00113062,165,190
S00113066,113.507693,124
S00113067,147.4978,144
S00113061,118,114
S00113063,93,83
S00116909,155,143
S00113068,189,162
S00113064,162,112
S00113072,91,109
S00113074,97,108
S00112787,77,70
S00113070,189,180
S00113073,113,131
S00113071,156,161
S00116913,69,72
S00116914,128,120
S00116911,122,116
S00116912,80,83
S00113089,182,160
S00113065,112,132
S00115947,113,145
S00113085,107.29412,120
S00113084,44.705884,50
S00115953,101,83
S00115954,66,72
S00115945,61.084744,159
S00115946,44.949152,117
S00115956,370.966103,142
S00113087,92.653843,99
S00113086,53.346153,57
S00116918,110,99
S00116917,97,143
S00113082,58.50746,105
S00113083,53.492536,96
S00113092,57,94
S00113093,113,156
S00115948,90.981014,125
S00115949,83.018986,107
S00115955,74,70
S00113069,195,194
S00115950,92,93
S00113088,178,144
S00115951,102,99
S00113091,166,56
S00115952,79,76
S00113096,100,84
S00113094,93.905658,126
S00113095,64.094342,86
S00116925,162,134
S00113116,115,72
S00115970,145,150
S00113120,74,58
S00116559,130,218
S00113119,49.727001,133
S00113117,41.875369,112
S00113118,215.397625,109
S00115968,223,187
S00116926,116,66
S00116927,116.40625,100
S00115969,101.59375,78
S00113077,114,126
S00115942,120,114
S00113079,162,135
S00113124,55.166199,153
S00113122,21.273239,59
S00113123,18.749297,52
S00113121,18.02817,50
S00113126,75.783098,109
S00115943,94,85
S00113125,166,65
S00113127,101,59
S00113099,188,107
S00113100,118,68
S00113097,78.769761,146
S00115958,161.477665,141
S00113098,30.752578,57
S00115957,56,54
S00113101,151,104
S00117565,202,172
S00115959,97,79
S00117566,129,121
S00112771,139,103
S00112778,90.131386,84
S00112779,56.868614,53
S00112783,83,74
S00112766,194,186
S00116972,232.856283,294
S00112780,97,87
S00112782,48.432432,56
S00112781,47.567568,55
S00112813,60,71
S00112784,107,115
S00112785,84,88
S00112786,89,89
S00113296,91,104
S00116971,88.143716,128
S00116120,70,73
S00113639,221,200
S00117085,104,86
S00116028,76,77
S00113632,97,96
S00113631,102,103
S00113634,86,75
S00113635,132,122
S00116029,143,119
S00116479,94,74
S00113638,79,82
S00113633,150,140
S00113643,115,106
S00113644,197,167
S00116031,74.539474,103
S00116030,43.421053,60
S00116480,94,92
S00113647,200,176
S00116032,123,112
S00117619,102,104
S00116341,164,155
S00117536,109,97
S00117535,131,97
S00117623,65.918783,172
S00117622,62.85279,164
S00117621,19.928933,52
S00117225,81.677416,60
S00114319,155,131
S00114315,148,124
S00116135,85,89
S00114328,135.247866,92
S00116137,174.367567,177
S00117226,153,132
S00114326,173,103
S00114325,117,123
S00114318,208.512195,88
S00114320,110,117
S00114317,137,131
S00114321,137,78
S00114324,143,106
S00114323,169,106
S00114322,220,205
