"code","2000","2001","2002","2003","2004","2005","2006","2007","2008","2009","2010","2011","2012","2013","2014","2015","2016"
"E01009014","0","112","129","110","88","103","54","67","50","95","103","86","57","50","76","81","20"
"E01008914","0","436","482","448","418","329","264","302","373","225","245","247","173","241","204","144","67"
"E01008918","0","131","142","136","106","129","81","80","70","103","48","87","61","42","64","33","9"
"E01009107","0","157","174","203","192","159","100","83","85","83","112","106","95","68","123","65","15"
"E01008963","0","93","66","82","73","75","47","65","70","52","46","45","44","58","42","51","13"
"E01008909","0","116","119","99","78","109","51","84","66","39","55","76","74","61","55","73","14"
"E01009032","0","90","105","122","104","105","114","63","62","49","47","53","93","84","59","69","15"
"E01009204","0","243","271","329","240","220","176","186","139","169","120","125","121","104","105","135","28"
"E01009264","0","85","106","133","108","136","72","43","84","57","55","137","84","30","23","23","8"
"E01009495","0","80","98","131","121","89","95","53","49","23","56","46","24","27","49","33","6"
"E01033636","0","169","215","197","219","204","168","177","189","80","112","131","105","141","73","46","14"
"E01009029","0","128","114","172","108","82","92","40","92","36","50","39","31","45","50","40","21"
"E01009301","0","165","171","171","83","106","71","103","95","110","93","69","59","63","76","57","25"
"E01033628","0","285","258","268","198","227","134","147","106","93","107","169","127","103","95","93","13"
"E01009320","0","295","365","330","280","296","319","197","163","146","113","147","121","92","116","134","32"
"E01009233","0","64","94","120","76","123","78","47","44","42","62","49","21","20","12","28","1"
"E01009230","0","144","149","156","116","123","76","59","66","84","70","73","75","83","62","39","33"
"E01009064","0","43","138","94","72","100","114","69","96","59","93","97","42","72","44","45","5"
"E01009219","0","362","357","388","474","447","425","248","293","322","355","262","296","289","283","262","67"
"E01009323","0","86","126","103","142","106","60","56","60","76","49","49","27","41","34","73","24"
"E01009024","0","100","103","66","135","103","128","88","58","71","45","32","38","85","87","83","32"
"E01009096","0","244","216","150","97","98","84","83","86","77","63","52","50","35","19","41","7"
"E01009274","0","153","180","121","151","157","130","82","57","116","96","146","61","71","68","97","18"
"E01009322","0","284","366","352","322","289","211","238","186","149","105","103","94","153","121","154","61"
"E01009006","0","193","207","247","213","163","107","85","98","85","81","87","74","50","37","68","5"
"E01008886","0","223","459","326","248","242","166","139","173","141","103","102","141","215","221","213","92"
"E01033649","0","92","106","90","60","54","51","47","54","75","50","24","32","17","45","45","8"
"E01009305","0","79","104","120","122","131","108","80","87","72","68","53","50","37","60","35","11"
"E01008898","0","130","125","114","115","111","75","100","110","101","106","69","68","63","65","73","6"
"E01008928","0","87","101","110","74","117","66","57","77","69","52","44","49","47","28","30","5"
"E01009017","0","83","68","63","47","57","43","61","41","44","33","45","35","54","34","37","10"
"E01009057","0","101","149","97","90","139","95","62","57","54","62","69","52","38","56","51","7"
"E01033634","0","468","495","519","392","508","439","275","292","256","208","236","136","147","141","150","32"
"E01009509","0","189","206","220","188","209","184","150","136","134","163","157","108","104","86","126","19"
"E01008994","0","369","239","215","213","256","142","129","151","163","149","119","102","186","138","147","41"
"E01009318","0","44","75","87","45","80","56","32","54","34","32","33","33","24","47","39","4"
"E01009104","0","125","120","105","81","72","103","104","85","29","75","57","43","25","25","39","11"
"E01009477","0","120","61","114","109","103","79","67","56","54","60","44","28","42","29","90","6"
"E01033621","0","337","341","263","245","276","123","148","125","67","98","219","119","90","84","68","8"
"E01009002","0","183","158","184","154","165","187","38","96","50","49","48","49","51","43","55","21"
"E01009329","0","191","196","131","156","135","145","116","146","128","139","115","81","126","132","98","20"
"E01009051","0","148","190","162","201","187","108","134","81","100","103","152","57","46","80","70","31"
"E01009093","0","159","137","193","207","270","99","144","146","82","71","60","45","70","72","75","23"
"E01009171","0","96","88","98","59","123","78","69","49","60","53","42","48","43","55","80","12"
"E01009294","0","149","274","147","183","241","216","224","188","192","209","156","129","71","103","69","21"
"E01008989","0","168","201","206","190","142","169","99","169","84","123","93","158","181","94","153","37"
"E01009349","0","115","166","115","146","147","112","84","58","92","95","130","102","140","105","70","10"
"E01032589","0","84","81","102","88","72","111","73","66","44","66","55","52","43","55","35","14"
"E01009139","0","76","141","122","79","83","50","77","74","55","83","46","63","33","54","40","11"
"E01009338","0","192","198","120","102","152","142","102","114","164","145","85","83","76","80","71","19"
"E01008990","0","217","272","162","176","188","125","148","167","91","73","102","130","110","78","74","20"
"E01009037","0","106","145","117","99","84","98","70","74","75","82","43","55","80","56","32","14"
"E01009355","0","169","176","164","144","168","129","107","88","82","130","121","66","96","71","89","26"
"E01009304","0","212","225","183","205","238","188","130","113","73","79","99","106","115","79","72","15"
"E01008881","0","192","272","264","218","212","188","171","134","145","100","79","69","76","94","92","23"
"E01009290","0","116","188","226","187","122","145","58","80","88","112","97","72","68","53","46","9"
"E01033632","0","261","380","542","326","238","195","123","141","98","100","90","97","90","95","65","26"
"E01009023","0","101","76","65","46","59","91","54","64","50","50","47","60","63","37","54","11"
"E01009347","0","148","218","194","172","184","136","116","87","91","111","155","171","124","145","191","38"
"E01008884","0","338","312","284","249","197","256","197","214","179","172","159","94","109","121","148","33"
"E01009451","0","95","179","111","148","117","85","54","43","77","46","30","38","23","34","41","7"
"E01008988","0","347","351","237","191","289","190","235","228","165","92","148","136","133","111","126","41"
"E01009121","0","239","313","267","310","237","234","136","152","108","155","146","83","125","98","108","16"
"E01009155","0","95","94","134","148","81","77","77","33","64","52","48","52","43","34","45","13"
"E01009146","0","609","704","477","412","411","375","305","370","214","358","403","307","293","260","374","49"
"E01009514","0","251","332","290","212","328","166","146","125","95","80","63","64","81","112","106","13"
"E01009222","0","98","114","101","100","120","126","60","75","69","37","60","28","41","31","35","15"
"E01009162","0","68","171","129","113","88","131","116","88","111","119","78","73","84","88","67","27"
"E01009306","0","145","137","117","127","142","174","110","73","42","50","52","40","87","65","65","15"
"E01009308","0","121","130","135","102","107","111","88","95","62","40","94","47","98","68","71","16"
"E01009288","0","106","116","114","126","138","53","43","62","31","56","74","44","34","39","66","20"
"E01008959","0","87","85","75","48","87","63","59","84","62","24","40","33","23","33","20","5"
"E01009080","0","117","113","112","126","74","62","76","51","29","41","38","33","29","32","42","17"
"E01008957","0","124","134","137","150","116","123","125","64","76","90","72","53","76","55","64","15"
"E01009119","0","252","277","279","183","207","221","130","155","98","126","124","98","83","71","77","24"
"E01009060","0","94","107","119","133","82","93","82","60","43","42","87","45","48","36","27","9"
"E01009240","0","51","59","56","69","55","66","36","50","57","40","83","45","31","46","29","18"
"E01009481","0","203","245","367","277","355","242","147","206","163","148","115","98","71","93","113","48"
"E01009286","0","164","192","188","143","215","159","80","162","89","89","166","94","71","65","82","19"
"E01008911","0","107","93","65","83","70","38","66","63","43","56","73","43","57","55","54","17"
"E01009372","0","61","53","64","45","55","26","14","40","56","68","27","23","48","24","31","14"
"E01009182","0","133","116","176","92","114","135","110","140","112","143","87","53","57","67","77","29"
"E01009283","0","162","176","152","162","230","122","91","117","119","115","139","118","103","56","95","19"
"E01009516","0","58","114","112","59","73","35","56","109","53","58","42","24","42","46","42","3"
"E01009393","0","151","191","142","146","155","87","75","55","65","82","66","57","68","63","56","19"
"E01009417","0","70","50","53","39","56","30","23","29","30","18","27","11","9","23","31","9"
"E01009048","0","201","174","148","94","193","99","73","71","84","82","90","67","98","79","73","33"
"E01009427","0","72","82","101","42","61","75","51","63","42","38","35","35","41","20","28","7"
"E01008997","0","171","204","203","125","166","139","78","125","80","59","63","99","68","36","86","10"
"E01009090","0","218","271","191","160","265","215","176","205","144","203","239","176","156","195","176","40"
"E01009202","0","167","248","252","191","261","192","221","230","164","167","216","163","92","103","105","16"
"E01009160","0","88","182","230","129","141","137","110","62","65","41","45","65","56","68","65","20"
"E01008907","0","156","127","152","99","124","86","62","48","67","49","63","51","65","58","54","11"
"E01008930","0","123","53","102","75","59","59","55","45","51","63","116","82","46","62","97","24"
"E01009016","0","161","80","138","100","55","101","47","94","87","82","63","72","94","61","72","10"
"E01009303","0","178","176","251","175","121","143","153","88","114","82","94","73","105","107","71","31"
"E01009188","0","133","154","162","120","171","124","126","125","91","108","106","75","68","63","90","14"
"E01009178","0","473","540","455","458","502","462","264","278","227","271","268","254","295","245","315","91"
"E01009492","0","99","145","90","138","134","116","76","108","86","94","91","70","61","46","39","12"
"E01009501","0","156","173","258","223","231","172","222","175","174","142","122","128","95","120","130","16"
"E01009031","0","89","99","104","79","94","69","64","34","49","93","50","35","67","33","60","11"
"E01033642","0","143","151","99","100","143","124","76","111","90","71","68","34","40","46","57","5"
"E01009371","0","390","368","334","212","265","233","136","211","209","246","170","166","165","163","110","45"
"E01008934","0","56","42","52","57","59","17","45","34","42","22","33","33","16","31","26","32"
"E01008889","0","275","325","384","203","259","193","153","169","114","150","126","125","127","123","113","44"
"E01009404","0","154","129","182","123","138","148","52","62","67","51","44","25","15","24","53","11"
"E01033644","0","393","428","387","331","381","212","239","318","301","168","164","112","150","155","205","38"
"E01009483","0","242","265","178","251","175","134","99","129","149","138","69","58","83","91","96","21"
"E01009260","0","110","86","89","54","65","74","48","81","46","61","74","58","65","67","65","16"
"E01009518","0","79","119","166","104","110","89","76","84","83","59","52","61","59","51","65","27"
"E01009473","0","514","546","549","499","467","375","238","407","273","225","206","185","186","243","168","48"
"E01009067","0","82","97","73","60","53","34","53","57","45","66","99","73","41","39","43","3"
"E01009068","0","267","331","354","224","246","161","138","158","108","92","127","154","132","139","142","35"
"E01009438","0","47","108","65","25","52","26","27","37","47","45","41","29","51","17","9","11"
"E01009209","0","130","192","243","156","146","138","174","215","157","114","94","111","126","80","79","25"
"E01033631","0","708","1040","1079","738","966","532","454","377","265","337","394","305","379","311","647","98"
"E01033643","0","207","192","160","143","169","155","140","152","144","151","112","112","121","85","59","26"
"E01009047","0","200","241","122","117","166","92","61","104","73","46","72","32","55","50","70","7"
"E01033645","0","137","148","158","150","172","91","112","134","113","126","81","109","82","68","62","18"
"E01008992","0","115","194","212","107","169","75","125","86","69","49","73","83","90","40","50","13"
"E01009237","0","106","95","86","133","105","76","60","57","70","51","108","60","46","33","64","12"
"E01009389","0","113","126","96","73","97","105","63","82","64","53","34","41","46","23","38","14"
"E01009299","0","156","210","199","90","131","142","139","108","78","77","32","37","56","53","65","13"
"E01009036","0","145","196","167","93","94","101","79","113","102","49","61","53","56","80","49","2"
"E01009143","0","251","232","224","136","192","127","175","131","85","94","151","130","130","74","79","22"
"E01009519","0","61","98","168","82","84","107","61","85","53","36","46","44","71","72","69","12"
"E01009476","0","173","237","126","195","214","113","95","122","89","87","77","63","79","63","73","17"
"E01009134","0","112","240","162","194","142","142","100","91","76","89","85","53","46","60","61","22"
"E01033561","0","838","907","914","798","1038","749","682","810","591","985","873","588","642","493","607","166"
"E01009050","0","75","99","125","92","102","43","56","65","61","47","127","88","85","68","58","19"
"E01009302","0","91","78","109","113","84","94","65","46","46","68","67","20","29","58","73","18"
"E01008984","0","148","79","119","103","136","89","57","79","86","83","53","76","60","51","55","11"
"E01009087","0","193","175","160","107","107","93","83","86","56","68","70","64","44","56","51","18"
"E01009343","0","125","163","130","121","127","83","102","114","85","109","54","51","50","37","35","19"
"E01009116","0","139","282","259","87","176","107","158","115","139","125","69","52","60","69","90","15"
"E01009491","0","80","159","100","101","102","50","64","70","115","59","74","46","40","54","62","22"
"E01008913","0","166","169","178","150","181","131","87","85","110","63","119","112","68","148","96","23"
"E01009163","0","134","209","265","194","157","104","86","91","75","97","81","58","80","159","144","50"
"E01009379","0","431","340","293","330","446","278","251","267","222","256","269","215","170","213","199","55"
"E01009206","0","81","85","142","40","122","108","97","84","67","78","51","56","42","74","104","12"
"E01009297","0","221","167","251","181","225","197","115","107","125","108","139","71","109","77","98","11"
"E01008968","0","86","104","109","89","62","57","33","56","77","56","52","65","41","51","43","14"
"E01008933","0","41","69","43","46","69","39","27","37","48","33","23","43","41","37","39","11"
"E01009384","0","120","169","190","130","159","94","186","115","88","108","112","83","69","66","30","27"
"E01009229","0","79","66","66","93","90","92","51","41","40","43","39","40","48","60","39","2"
"E01009425","0","268","261","142","129","195","146","116","108","107","154","88","60","86","56","49","13"
"E01009435","0","73","119","41","74","71","34","34","40","63","43","37","29","25","22","34","3"
"E01009085","0","56","62","48","72","66","48","49","68","55","48","41","36","27","28","69","12"
"E01009239","0","349","356","397","351","308","316","213","252","190","259","202","214","165","146","177","54"
"E01009208","0","69","128","83","37","61","64","65","60","47","64","46","58","65","67","87","31"
"E01009122","0","166","124","154","155","99","94","50","65","95","71","56","35","49","54","37","26"
"E01009293","0","79","81","105","69","125","98","72","94","72","68","105","94","47","45","46","6"
"E01008931","0","88","123","86","66","56","66","32","48","61","47","26","22","43","23","24","12"
"E01009044","0","72","42","45","42","68","78","76","51","73","50","26","23","74","19","34","6"
"E01009284","0","326","489","422","410","354","290","272","365","302","264","194","200","161","173","194","58"
"E01009361","0","194","160","165","112","145","57","58","85","77","111","76","64","43","54","67","15"
"E01008925","0","47","65","60","27","37","26","32","48","68","47","61","15","22","45","32","0"
"E01008949","0","40","27","84","67","72","53","46","38","42","40","44","50","104","67","52","20"
"E01009138","0","72","69","112","103","93","62","41","102","46","56","59","35","29","56","41","7"
"E01009470","0","42","50","85","66","43","38","40","63","30","58","40","15","14","21","23","5"
"E01009416","0","75","91","109","121","171","125","84","65","55","87","49","70","19","48","40","4"
"E01008998","0","149","233","166","111","182","123","104","107","119","117","86","80","49","50","56","17"
"E01009049","0","101","103","74","103","84","77","36","54","58","39","74","48","42","54","45","16"
"E01008905","0","154","118","94","93","90","40","33","50","49","57","72","37","47","50","38","8"
"E01009321","0","145","152","140","124","153","106","140","103","81","120","87","102","75","117","101","43"
"E01009344","0","103","164","117","131","125","103","76","85","42","77","65","73","65","72","81","11"
"E01009092","0","156","170","96","79","148","89","98","115","42","27","29","52","25","55","46","11"
"E01009157","0","89","162","194","127","146","124","89","110","100","93","90","68","55","51","31","11"
"E01009197","0","102","91","65","44","70","69","75","62","50","59","37","36","52","49","24","17"
"E01008967","0","43","32","84","52","44","19","33","28","28","26","35","36","37","38","33","20"
"E01009403","0","128","90","119","69","119","151","53","48","58","51","20","24","17","30","26","7"
"E01008882","0","136","138","137","125","132","100","73","125","104","106","95","60","82","83","75","7"
"E01009517","0","101","182","140","119","91","80","97","66","63","50","67","83","53","60","78","15"
"E01009026","0","136","103","182","113","120","83","62","75","58","73","37","83","65","46","51","13"
"E01009108","0","77","101","134","133","94","90","58","65","50","55","37","29","39","51","48","1"
"E01033633","0","279","268","302","234","243","239","211","165","188","115","118","159","73","169","149","55"
"E01009109","0","126","130","95","89","129","85","84","80","132","82","54","49","57","81","100","26"
"E01009145","0","132","123","127","163","121","69","56","97","60","95","113","97","101","93","76","26"
"E01009207","0","69","73","47","65","58","53","75","69","25","30","33","49","39","45","54","21"
"E01009266","0","81","131","114","157","93","88","79","92","58","67","100","66","56","72","79","15"
"E01009132","0","164","145","172","160","149","159","76","107","121","43","83","52","56","56","82","12"
"E01009296","0","116","101","116","103","171","89","90","102","81","53","73","96","58","46","59","15"
"E01009510","0","112","94","135","107","153","84","126","84","75","73","51","36","57","80","71","16"
"E01008901","0","199","242","177","153","163","153","115","103","73","119","172","98","91","92","80","13"
"E01033646","0","168","152","222","193","181","107","126","81","125","133","120","124","73","78","87","44"
"E01009129","0","162","191","144","170","172","142","89","129","87","68","93","70","82","63","59","17"
"E01009468","0","170","135","105","68","89","103","64","74","59","44","56","35","32","37","50","11"
"E01009350","0","96","130","155","66","101","75","55","35","30","41","36","32","25","24","30","19"
"E01009457","0","120","54","102","54","45","45","37","96","14","29","38","40","23","8","29","0"
"E01008981","0","193","265","264","234","219","123","103","121","109","148","119","90","114","113","107","26"
"E01009203","0","311","377","430","378","405","293","206","338","258","243","234","189","159","153","156","37"
"E01009205","0","84","78","128","85","126","57","95","83","54","82","53","62","58","67","55","17"
"E01009334","0","69","111","64","82","98","81","72","49","33","89","48","34","29","50","43","11"
"E01009089","0","84","59","71","52","53","45","37","59","61","32","64","28","41","34","36","12"
"E01008962","0","203","189","157","127","166","94","130","101","73","94","61","41","88","60","30","12"
"E01009117","0","116","124","107","91","97","70","98","78","84","49","53","51","54","50","59","22"
"E01008891","0","67","48","82","45","70","67","72","76","37","47","65","48","52","41","35","18"
"E01009407","0","215","190","284","132","158","178","81","77","96","85","51","71","40","50","55","4"
"E01009276","0","80","58","50","74","86","63","70","44","43","50","32","41","31","37","25","7"
"E01009019","0","75","67","71","59","60","67","61","77","69","66","39","53","73","65","83","29"
"E01008887","0","339","206","271","191","179","131","90","102","106","83","36","85","59","61","66","10"
"E01009123","0","182","107","103","102","90","133","67","60","67","48","41","69","51","42","35","8"
"E01009077","0","85","130","58","60","81","76","66","41","63","63","105","40","56","51","59","8"
"E01008995","0","156","133","94","98","100","70","58","93","92","100","64","104","62","60","71","14"
"E01008923","0","55","118","122","101","131","70","78","67","65","58","26","29","50","45","40","6"
"E01009503","0","95","158","118","145","135","118","193","84","75","61","48","40","38","37","63","10"
"E01009351","0","89","108","119","119","109","64","59","47","49","79","64","46","40","66","47","7"
"E01009362","0","198","144","133","81","140","135","67","117","66","99","95","76","76","94","87","22"
"E01009513","0","212","240","262","217","189","157","146","114","134","85","101","82","74","92","90","34"
"E01009392","0","65","72","85","51","89","57","53","32","49","40","42","22","14","20","35","5"
"E01009394","0","107","109","94","64","98","78","61","106","96","57","69","54","117","69","51","15"
"E01009033","0","120","95","91","87","86","71","65","90","36","36","60","55","66","71","67","25"
"E01009169","0","112","111","140","82","59","44","31","36","64","60","32","37","53","42","51","8"
"E01009437","0","208","221","242","162","148","90","102","68","80","81","78","55","57","27","39","9"
"E01009124","0","192","151","155","119","133","164","79","74","52","38","46","54","35","50","40","6"
"E01008943","0","107","186","219","64","84","60","51","77","45","50","58","56","44","61","65","11"
"E01009364","0","195","190","146","137","150","122","84","140","58","100","101","57","79","64","72","20"
"E01008999","0","83","137","132","85","86","64","81","115","70","89","89","59","27","59","52","4"
"E01008920","0","68","75","120","114","64","86","88","76","114","73","163","51","89","67","50","11"
"E01008924","0","107","159","113","106","68","86","95","98","77","65","89","65","64","69","69","20"
"E01009226","0","111","92","139","146","140","120","99","98","68","66","47","68","53","65","57","13"
"E01009400","0","141","179","199","149","156","140","150","156","121","88","110","93","99","121","111","23"
"E01009280","0","143","155","162","207","130","106","88","77","141","89","49","33","32","39","49","8"
"E01009115","0","61","74","102","138","70","57","47","82","41","49","41","48","44","42","60","15"
"E01008977","0","107","124","119","129","105","75","70","81","72","66","37","50","54","73","68","9"
"E01008906","0","128","136","83","69","92","43","37","29","43","36","63","40","46","73","44","7"
"E01009462","0","294","478","428","322","287","253","208","217","158","131","117","131","104","99","96","39"
"E01009452","0","87","170","82","75","83","89","69","57","43","61","70","47","37","24","24","7"
"E01009112","0","71","133","154","97","99","139","76","83","31","78","49","52","23","38","96","30"
"E01033629","0","242","331","345","306","264","138","160","161","201","181","139","106","104","96","77","21"
"E01008932","0","69","111","91","90","132","77","54","52","55","57","58","40","41","33","52","14"
"E01009295","0","144","241","172","195","179","211","194","186","137","155","84","56","85","58","57","4"
"E01009500","0","138","77","121","116","135","187","161","124","81","74","97","62","49","65","67","8"
"E01009141","0","140","182","184","94","137","96","113","97","45","92","78","54","53","63","62","27"
"E01009086","0","99","106","83","70","168","68","98","190","88","87","75","51","39","45","56","10"
"E01009059","0","130","84","125","78","137","74","61","63","48","48","104","56","66","43","30","7"
"E01009281","0","104","135","85","128","110","122","98","66","113","107","79","37","48","57","36","4"
"E01009210","0","121","159","182","131","121","126","115","107","95","73","102","48","108","93","109","22"
"E01009056","0","164","166","142","98","123","98","79","80","71","82","113","75","67","73","83","10"
"E01009487","0","113","148","112","105","125","98","88","136","74","64","69","58","17","65","62","23"
"E01009460","0","111","129","176","80","106","109","60","104","51","46","62","39","49","35","18","16"
"E01009448","0","34","66","35","68","51","38","45","49","48","40","35","26","42","35","24","3"
"E01009421","0","61","45","46","59","67","70","29","36","35","40","48","16","21","24","15","5"
"E01009325","0","67","114","108","76","62","48","68","57","46","45","47","23","43","33","27","4"
"E01009147","0","193","161","217","186","112","130","95","160","87","133","92","88","110","104","82","18"
"E01008991","0","173","148","198","94","103","128","80","136","103","69","68","57","112","69","126","36"
"E01009354","0","152","218","177","219","296","149","122","117","94","121","122","111","117","86","97","29"
"E01009216","0","82","206","257","139","190","155","166","122","106","87","48","62","125","74","107","79"
"E01008970","0","37","61","97","103","58","46","31","29","38","31","50","34","39","25","29","6"
"E01009189","0","74","145","92","81","87","60","49","109","64","58","66","46","62","49","70","31"
"E01009018","0","262","279","285","134","159","209","179","133","119","92","90","70","131","120","109","19"
"E01009488","0","127","152","175","130","134","113","60","71","91","65","63","49","51","53","44","18"
"E01009271","0","93","86","69","78","84","57","34","44","55","50","59","34","44","49","42","6"
"E01009258","0","90","151","132","85","79","103","81","80","58","75","50","35","29","32","34","2"
"E01009359","0","160","242","184","180","201","160","112","126","134","104","102","90","78","83","54","19"
"E01008921","0","81","115","90","36","39","68","62","31","51","49","76","70","52","59","36","15"
"E01009311","0","140","161","190","147","247","143","98","90","94","72","84","31","61","128","71","17"
"E01009348","0","230","265","248","326","191","203","179","134","116","176","133","122","121","125","137","8"
"E01009131","0","51","84","93","100","113","129","85","83","52","37","56","57","39","61","49","4"
"E01009345","0","230","207","353","440","491","254","251","213","167","239","257","195","123","187","215","79"
"E01008975","0","99","111","107","103","99","96","71","68","60","63","62","65","62","58","70","14"
"E01009269","0","122","120","87","101","93","52","60","60","51","29","58","39","37","67","57","11"
"E01009073","0","91","126","121","99","102","136","101","111","68","54","62","46","40","41","32","7"
"E01009395","0","80","98","96","63","62","44","56","47","63","56","54","71","56","52","51","13"
"E01009253","0","118","142","131","95","112","76","62","185","116","84","134","63","93","91","67","10"
"E01009480","0","81","92","90","103","89","51","57","89","53","35","39","33","25","55","37","11"
"E01009453","0","64","140","149","131","82","59","54","33","35","17","42","27","47","34","15","3"
"E01009082","0","130","161","123","141","137","113","77","116","73","80","95","59","31","79","47","35"
"E01009446","0","48","88","106","96","94","100","79","75","58","45","50","31","61","26","37","9"
"E01009314","0","141","133","172","165","130","75","77","126","107","101","83","93","73","101","83","21"
"E01008978","0","113","163","197","158","130","83","82","109","88","81","112","72","72","100","121","16"
"E01009113","0","155","183","151","177","132","117","60","112","69","76","97","67","75","65","64","16"
"E01009358","0","217","241","201","170","175","164","203","97","88","118","112","82","92","95","83","27"
"E01009469","0","45","58","82","66","60","78","69","82","41","49","55","22","40","41","26","13"
"E01009463","0","78","123","142","87","67","89","69","71","52","34","59","29","61","25","38","16"
"E01009396","0","155","223","141","182","136","122","110","84","106","111","95","56","72","84","65","8"
"E01009083","0","129","184","160","144","124","64","94","68","46","50","74","67","60","72","65","28"
"E01033635","0","239","313","253","264","289","232","157","172","154","132","188","132","129","141","121","28"
"E01009478","0","157","182","199","176","223","125","162","86","96","85","94","42","63","76","67","16"
"E01009455","0","58","79","61","57","78","37","32","35","24","38","33","26","22","11","21","0"
"E01009102","0","874","793","956","661","704","539","413","409","347","253","265","258","236","313","260","70"
"E01009039","0","49","38","53","41","54","36","50","63","56","53","47","38","61","22","29","23"
"E01033637","0","197","186","156","165","160","110","138","86","59","111","128","80","126","105","47","20"
"E01009434","0","68","65","55","91","69","40","55","18","61","42","57","38","27","23","30","8"
"E01009367","0","459","342","248","290","332","215","132","191","163","170","142","137","101","129","159","33"
"E01009490","0","201","221","257","185","261","153","200","127","130","118","69","80","79","83","64","8"
"E01009223","0","324","306","337","221","226","177","132","161","159","209","131","174","86","105","113","22"
"E01009412","0","191","173","164","187","159","129","93","113","118","126","122","81","65","93","83","19"
"E01009136","0","100","94","73","135","100","96","110","52","83","51","34","38","69","37","31","2"
"E01009436","0","46","89","91","66","63","24","30","26","18","20","27","41","27","16","7","10"
"E01009074","0","132","135","158","118","115","179","64","113","70","48","63","53","35","62","44","5"
"E01009164","0","52","71","105","64","88","76","54","35","56","44","41","18","30","21","46","8"
"E01009360","0","94","147","132","184","179","135","71","73","78","143","102","127","104","110","56","24"
"E01009494","0","91","93","113","69","83","74","82","40","53","68","67","59","46","35","80","15"
"E01009106","0","64","75","67","59","31","17","11","23","15","18","32","19","33","17","28","6"
"E01009114","0","84","126","108","99","94","86","56","48","57","74","34","63","42","44","38","19"
"E01008950","0","57","68","72","102","73","72","51","65","76","101","65","43","57","54","53","5"
"E01009380","0","93","89","115","132","139","96","91","104","77","74","66","54","62","28","52","19"
"E01033564","0","315","213","130","181","115","149","84","38","39","113","91","75","86","104","129","24"
"E01009071","0","164","189","179","145","142","95","94","86","60","72","89","72","57","87","51","4"
"E01009153","0","385","325","366","253","261","188","182","177","199","189","170","131","110","207","164","23"
"E01009251","0","90","109","122","57","42","53","79","96","83","61","67","33","44","49","90","12"
"E01009231","0","140","98","192","112","127","136","73","67","58","78","64","72","49","61","17","13"
"E01009120","0","143","152","113","114","150","124","118","115","99","68","63","58","74","55","86","13"
"E01009471","0","167","195","214","176","192","122","116","64","93","72","68","44","31","28","33","4"
"E01009232","0","192","224","260","128","188","189","96","138","112","83","154","86","97","61","62","24"
"E01009507","0","129","163","289","230","177","99","94","115","78","83","63","89","88","49","46","19"
"E01009130","0","100","97","88","141","88","110","80","79","62","54","87","94","77","62","48","0"
"E01009218","0","130","124","89","99","120","75","97","71","117","101","87","58","75","79","80","27"
"E01009173","0","99","134","136","123","90","120","82","76","81","49","67","30","46","36","59","14"
"E01008892","0","129","98","108","75","64","53","47","82","56","60","55","63","42","33","39","13"
"E01008929","0","121","111","120","158","113","87","66","39","54","36","60","54","48","69","50","20"
"E01009186","0","97","91","148","70","123","78","56","59","97","79","74","83","68","97","58","19"
"E01009081","0","97","125","137","124","100","48","34","67","32","32","50","51","24","56","37","15"
"E01008955","0","179","206","193","181","205","112","122","89","114","67","101","81","77","70","76","25"
"E01009450","0","147","224","132","111","158","137","58","112","74","87","72","39","65","30","61","14"
"E01009375","0","192","185","149","123","105","93","103","149","125","200","78","96","138","143","115","43"
"E01008897","0","114","149","109","115","77","72","56","69","76","51","74","43","46","45","59","30"
"E01009245","0","108","81","72","102","109","76","68","58","47","69","72","86","43","28","29","21"
"E01009444","0","128","129","133","122","107","76","55","43","38","75","69","27","28","37","23","6"
"E01009242","0","669","679","687","665","871","603","417","323","220","207","180","142","203","197","234","49"
"E01008935","0","124","131","149","133","122","95","89","81","83","64","64","89","55","56","61","20"
"E01009391","0","81","94","93","101","92","61","55","59","58","52","31","41","37","34","37","4"
"E01009265","0","114","100","94","111","124","109","65","75","57","66","96","76","45","43","44","10"
"E01009390","0","161","193","104","108","151","97","63","159","81","84","53","39","75","59","49","8"
"E01009499","0","88","118","241","276","300","242","140","161","159","121","120","127","101","86","97","19"
"E01009275","0","64","97","154","92","102","89","57","55","67","47","75","49","30","57","70","21"
"E01009234","0","48","44","95","51","81","62","34","42","34","22","47","29","33","23","30","3"
"E01008960","0","144","145","121","103","116","140","97","95","102","101","65","46","74","64","38","22"
"E01009352","0","135","142","131","78","111","76","68","80","65","47","71","73","56","44","58","8"
"E01009309","0","152","158","165","143","152","187","89","91","53","64","76","68","91","81","101","12"
"E01008945","0","114","226","208","144","127","88","92","89","78","142","107","122","130","68","103","20"
"E01009333","0","99","128","93","79","94","67","62","85","57","71","52","35","46","69","35","12"
"E01009140","0","201","190","195","171","180","138","149","112","94","98","121","89","79","128","109","29"
"E01009475","0","110","91","122","87","123","99","60","61","76","71","59","45","38","54","62","7"
"E01008940","0","107","144","172","80","93","94","85","91","67","76","100","64","85","56","38","10"
"E01008927","0","56","88","109","66","49","37","53","73","52","72","42","24","35","29","52","11"
"E01009201","0","155","154","185","190","286","182","131","159","139","70","132","90","89","79","80","29"
"E01009262","0","79","50","81","44","68","43","54","35","58","51","51","44","48","39","44","13"
"E01009270","0","102","132","91","112","138","92","69","58","44","69","99","87","64","82","83","14"
"E01008980","0","112","127","152","108","102","71","62","94","90","121","78","65","50","95","127","29"
"E01009167","0","41","50","70","94","39","72","31","23","51","61","25","36","25","56","51","9"
"E01033639","0","988","922","625","495","533","480","288","322","255","262","291","248","282","254","247","44"
"E01009340","0","180","190","191","169","212","136","117","118","153","139","110","86","64","110","85","16"
"E01009489","0","101","113","101","67","88","93","68","87","125","76","61","62","58","36","54","17"
"E01009505","0","95","118","81","136","115","83","79","44","68","91","64","38","53","35","56","9"
"E01008947","0","81","109","119","86","69","85","53","60","46","60","61","52","42","48","41","26"
"E01009413","0","95","120","122","131","112","119","98","95","83","109","119","71","66","67","68","15"
"E01009009","0","88","96","121","70","141","55","68","75","33","36","20","30","29","42","40","7"
"E01009227","0","66","124","96","113","104","68","69","54","48","50","54","37","28","25","40","3"
"E01009174","0","127","189","164","111","168","159","104","74","88","93","87","59","49","85","48","22"
"E01009137","0","167","167","169","106","181","113","70","85","69","51","95","82","54","92","74","15"
"E01008917","0","23","60","35","33","38","47","33","28","77","40","52","31","37","27","37","9"
"E01009486","0","121","149","166","174","141","95","49","148","105","113","66","57","64","73","67","18"
"E01008910","0","213","244","214","170","189","111","109","76","66","135","132","51","111","98","53","18"
"E01009213","0","93","81","110","87","99","111","106","95","66","77","91","37","55","60","64","9"
"E01033617","0","711","608","380","393","340","389","305","372","202","332","345","290","229","334","398","56"
"E01008883","0","162","169","166","146","119","113","141","255","144","109","108","54","84","102","66","19"
"E01008939","0","115","161","128","74","71","87","80","54","29","64","57","39","56","42","39","13"
"E01009246","0","56","71","51","75","78","59","50","35","19","45","49","29","23","25","16","8"
"E01008895","0","88","88","123","105","111","66","113","77","90","70","70","61","77","64","64","8"
"E01008899","0","427","521","366","203","289","209","197","157","132","128","199","170","128","67","88","17"
"E01008948","0","95","145","224","209","265","182","203","212","170","208","167","178","198","190","152","42"
"E01009484","0","88","170","170","100","104","93","63","64","77","83","75","50","55","66","86","28"
"E01009332","0","480","642","540","626","637","500","308","330","308","342","271","306","354","240","264","107"
"E01009015","0","363","359","461","320","306","286","209","195","166","154","154","146","146","162","142","28"
"E01009022","0","110","122","140","90","128","126","98","128","82","82","61","74","77","75","56","15"
"E01008890","0","118","146","206","105","119","134","81","139","80","85","75","69","69","96","53","19"
"E01008986","0","163","127","121","102","132","70","42","68","44","57","73","91","113","77","73","63"
"E01009268","0","71","75","61","90","97","43","60","49","45","34","56","47","38","63","31","17"
"E01008893","0","100","89","180","63","33","76","74","82","77","63","60","61","68","46","49","15"
"E01009214","0","96","86","146","64","118","114","83","107","50","49","46","66","51","51","77","5"
"E01009342","0","137","162","110","92","102","121","146","140","129","124","66","47","54","65","71","9"
"E01009198","0","214","220","185","172","228","159","138","146","158","153","209","145","164","92","97","30"
"E01008982","0","101","127","117","83","155","119","61","79","60","94","146","108","67","102","62","18"
"E01008976","0","90","72","156","123","127","74","59","70","67","53","65","67","52","69","61","12"
"E01009041","0","51","64","85","63","65","85","57","52","55","42","41","20","22","20","30","3"
"E01009185","0","100","142","104","92","135","85","55","126","102","107","74","83","93","58","75","24"
"E01008944","0","90","82","179","111","72","64","129","75","51","70","61","54","57","67","33","10"
"E01033638","0","178","169","174","141","140","82","92","107","86","90","95","83","92","101","99","22"
"E01009061","0","129","135","100","159","140","75","79","81","48","97","93","42","55","56","40","8"
"E01009007","0","898","872","956","744","726","620","463","420","334","391","329","374","377","350","299","79"
"E01009062","0","126","129","98","92","89","41","50","53","53","63","91","56","45","41","31","7"
"E01009158","0","180","140","104","76","118","147","124","113","90","81","86","82","67","116","81","34"
"E01009159","0","295","202","383","262","313","488","232","281","290","209","160","213","120","114","162","71"
"E01009291","0","72","141","109","95","128","72","71","73","50","100","114","68","67","44","46","14"
"E01009199","0","194","270","293","200","290","176","157","138","199","119","184","62","154","118","93","24"
"E01008894","0","287","276","285","275","254","168","172","212","154","139","113","124","110","110","108","38"
"E01009401","0","117","139","165","126","146","172","159","122","81","105","71","57","77","57","51","6"
"E01009152","0","84","119","94","93","121","94","101","94","56","90","69","45","56","62","72","16"
"E01009263","0","94","82","85","81","70","60","41","63","52","44","127","44","70","83","58","4"
"E01009377","0","182","123","128","90","71","74","78","128","83","85","50","45","31","33","39","23"
"E01009247","0","110","69","83","77","85","61","64","48","39","40","52","40","19","26","34","16"
"E01009151","0","89","85","79","86","80","44","43","60","43","55","53","34","37","47","35","7"
"E01008937","0","92","101","131","55","79","54","85","84","43","71","46","29","45","53","42","25"
"E01009238","0","82","77","64","78","51","63","52","49","45","33","61","58","18","18","19","6"
"E01009125","0","214","157","127","97","135","65","111","46","54","55","83","51","51","46","58","16"
"E01009493","0","64","68","61","106","118","114","78","52","92","86","81","54","63","42","61","7"
"E01009363","0","367","337","280","221","276","188","172","207","162","181","163","121","126","81","138","44"
"E01009040","0","90","67","99","64","72","67","68","69","65","48","49","56","70","63","57","9"
"E01009378","0","677","610","566","417","515","351","328","485","282","489","511","391","439","342","600","134"
"E01009429","0","160","110","118","91","94","103","47","22","28","28","24","11","27","19","13","4"
"E01009383","0","77","72","50","74","76","44","44","90","49","40","21","29","32","23","32","5"
"E01009192","0","114","113","149","163","162","87","71","78","120","125","38","39","56","59","53","11"
"E01009482","0","43","62","47","80","59","35","31","24","42","53","26","27","29","36","44","1"
"E01009195","0","196","165","147","147","168","89","52","96","96","96","87","55","36","56","74","21"
"E01009194","0","196","259","170","218","274","178","182","196","193","104","80","75","77","92","100","29"
"E01009406","0","179","242","210","115","137","127","94","101","77","77","55","31","58","34","43","15"
"E01009409","0","192","153","203","108","142","82","99","101","100","128","83","60","49","43","57","23"
"E01009397","0","269","263","145","134","156","119","117","120","71","125","56","57","79","52","95","34"
"E01009498","0","119","129","95","123","69","94","94","70","80","62","93","34","51","49","47","15"
"E01009341","0","381","214","239","183","193","152","169","131","136","221","181","135","183","156","139","35"
"E01009070","0","87","61","62","76","40","80","62","68","65","69","66","35","50","50","54","5"
"E01008961","0","280","235","290","290","368","228","135","97","128","154","236","119","138","109","61","17"
"E01008979","0","69","97","84","101","81","70","59","78","66","95","47","67","43","66","79","17"
"E01009168","0","54","88","96","108","89","64","48","43","25","35","20","16","47","32","42","10"
"E01009346","0","85","142","126","87","114","91","80","93","66","127","79","82","74","88","74","21"
"E01009521","0","136","145","192","128","122","64","111","116","64","103","72","48","66","53","89","15"
"E01009028","0","93","138","121","102","96","86","22","38","58","43","56","21","41","59","42","8"
"E01009353","0","164","139","162","103","118","87","65","53","42","65","61","84","54","61","44","8"
"E01008919","0","67","115","113","118","153","94","94","59","54","90","70","77","68","149","174","38"
"E01033641","0","231","212","193","152","190","118","112","75","145","138","84","52","93","92","66","13"
"E01009376","0","247","223","166","142","152","167","182","169","87","93","75","84","66","62","52","32"
"E01009497","0","210","215","227","244","182","121","87","126","140","110","105","117","82","91","96","16"
"E01009243","0","47","56","57","73","58","99","51","39","64","56","76","39","38","34","39","9"
"E01009315","0","249","397","379","301","340","307","225","178","143","148","125","117","101","129","123","38"
"E01008971","0","97","183","90","96","120","95","69","80","56","80","90","80","74","79","63","30"
"E01009405","0","121","94","123","102","115","100","33","50","40","68","24","25","23","28","36","5"
"E01009013","0","302","279","334","284","295","224","140","121","171","174","183","138","175","136","152","52"
"E01009001","0","109","93","148","108","130","118","64","71","42","53","48","40","43","54","61","4"
"E01009128","0","153","120","141","154","202","130","68","100","90","100","71","61","60","60","60","19"
"E01009252","0","108","96","151","93","82","47","58","70","76","63","96","73","53","75","87","21"
"E01009428","0","110","64","69","62","16","32","25","27","37","19","24","9","35","16","20","2"
"E01009042","0","48","86","55","92","53","48","57","53","25","55","40","39","39","33","31","4"
"E01009254","0","138","132","127","113","83","77","54","67","56","41","55","51","38","45","83","18"
"E01008974","0","89","120","99","77","42","56","48","74","60","97","85","101","89","96","111","35"
"E01009414","0","179","184","184","176","176","150","110","119","108","87","83","112","121","71","53","29"
"E01009439","0","141","163","223","140","120","83","77","59","24","63","57","56","63","31","29","15"
"E01009053","0","129","168","139","112","91","50","62","103","158","124","96","84","88","89","107","24"
"E01009094","0","98","95","195","173","251","85","123","94","72","79","71","26","37","77","52","16"
"E01009259","0","64","115","120","103","117","116","77","127","97","50","59","50","42","69","41","11"
"E01009433","0","119","104","91","94","98","55","102","53","72","68","27","29","41","30","28","9"
"E01009088","0","161","115","62","101","72","109","75","69","98","65","62","36","66","59","73","27"
"E01009426","0","53","68","48","37","62","42","20","39","23","20","14","22","12","18","11","0"
"E01009165","0","214","224","202","193","198","147","92","84","68","53","63","47","61","55","73","14"
"E01009200","0","723","655","748","481","556","559","394","369","339","556","463","427","368","410","439","73"
"E01009441","0","134","223","228","115","151","106","116","69","85","83","95","72","74","68","54","29"
"E01009261","0","128","95","134","72","90","68","39","65","66","60","79","91","93","69","107","33"
"E01009415","0","59","74","41","61","47","17","65","32","38","26","17","20","8","30","23","6"
"E01009432","0","187","264","137","172","164","98","79","104","127","107","117","53","46","35","37","9"
"E01008938","0","83","92","142","79","62","37","69","53","49","51","47","41","27","25","25","9"
"E01009337","0","83","79","55","55","80","75","56","57","57","58","53","48","58","85","44","17"
"E01009424","0","326","349","333","292","228","209","133","108","149","176","165","113","87","68","55","13"
"E01009496","0","69","100","123","87","99","69","45","50","46","114","49","65","46","60","50","8"
"E01009267","0","44","46","39","63","47","43","52","26","60","41","39","51","27","33","17","5"
"E01009385","0","154","207","214","202","245","151","106","164","111","138","87","88","97","92","105","24"
"E01009003","0","205","229","290","193","133","171","92","97","111","102","76","84","52","47","53","24"
"E01009249","0","65","84","80","84","50","50","31","74","53","42","61","43","51","41","37","10"
"E01033648","0","154","183","182","172","122","77","114","128","91","102","84","71","41","82","95","17"
"E01009030","0","76","109","128","49","70","101","71","58","42","69","33","32","54","39","31","5"
"E01009183","0","104","152","120","148","148","112","183","88","95","63","116","99","100","104","83","11"
"E01009054","0","94","81","40","84","115","43","67","69","65","76","103","32","51","27","31","6"
"E01009215","0","183","170","217","108","84","125","129","85","99","99","77","52","74","113","52","10"
"E01009111","0","116","100","143","132","104","95","68","62","30","67","58","59","70","70","88","19"
"E01009298","0","147","238","210","173","204","150","116","88","87","67","83","40","29","97","82","10"
"E01009408","0","198","163","198","176","126","111","81","95","107","159","65","53","43","64","69","21"
"E01009126","0","99","63","109","34","54","54","49","72","34","85","57","56","34","17","19","2"
"E01033616","0","161","141","166","155","217","164","160","107","91","187","158","113","87","205","155","47"
"E01009327","0","116","114","47","85","86","76","64","53","79","92","65","39","39","43","43","12"
"E01009454","0","100","111","73","76","91","36","28","41","47","43","33","40","26","37","42","7"
"E01008942","0","63","86","153","83","66","50","56","38","33","38","31","27","42","26","38","10"
"E01009422","0","134","107","118","94","149","91","80","96","67","81","41","47","37","27","59","10"
"E01008966","0","92","128","124","93","112","68","62","100","98","127","56","86","57","39","66","24"
"E01009366","0","81","69","78","72","90","53","44","70","47","83","33","38","22","25","52","10"
"E01009066","0","102","96","142","83","90","84","88","94","59","77","64","50","55","70","58","18"
"E01009110","0","93","125","120","96","113","63","82","59","108","88","68","56","66","64","61","12"
"E01009105","0","84","205","108","60","72","32","49","69","57","64","43","39","27","15","17","9"
"E01009000","0","140","143","196","129","122","132","118","127","116","142","133","97","88","88","67","10"
"E01009099","0","180","161","158","152","107","120","87","98","98","83","76","51","40","30","38","9"
"E01009187","0","91","120","96","86","119","72","70","108","117","39","77","52","52","43","80","13"
"E01009485","0","123","85","78","61","129","46","52","73","77","24","35","37","44","27","24","18"
"E01009244","0","50","61","67","85","36","54","63","11","29","29","28","33","18","22","46","3"
"E01009399","0","101","73","92","72","78","60","45","53","33","48","21","20","35","37","34","5"
"E01009172","0","66","200","143","62","73","71","96","72","77","48","55","55","20","30","28","6"
"E01009212","0","130","151","187","149","140","147","160","122","60","98","88","110","67","82","72","26"
"E01009257","0","72","114","130","75","86","94","70","125","76","85","82","62","63","64","39","4"
"E01009184","0","243","210","282","230","257","177","105","179","138","96","185","200","138","153","135","34"
"E01009248","0","70","88","78","73","62","68","62","37","38","26","58","56","32","15","59","7"
"E01008987","0","170","133","92","117","122","95","119","100","108","85","137","130","111","80","81","25"
"E01009289","0","213","182","199","215","159","164","126","140","151","76","87","115","74","66","59","18"
"E01009079","0","192","193","198","194","184","107","116","129","71","98","67","85","61","83","46","17"
"E01008941","0","55","118","183","110","91","65","44","90","46","63","46","41","49","36","60","7"
"E01033565","0","93","175","209","165","131","94","65","94","42","88","106","101","85","84","146","27"
"E01009241","0","50","66","57","52","76","67","66","60","44","53","45","51","88","37","24","16"
"E01009282","0","99","130","108","55","165","151","63","109","96","54","83","65","52","58","52","17"
"E01009339","0","156","186","151","155","116","123","97","97","86","76","74","92","53","87","73","35"
"E01009217","0","56","87","105","57","78","80","56","35","45","33","40","26","74","32","34","11"
"E01009250","0","130","154","98","88","124","109","115","93","129","56","62","47","73","54","61","12"
"E01009133","0","103","110","108","116","165","103","66","69","45","53","48","66","56","43","43","9"
"E01033630","0","88","39","93","46","76","111","61","66","55","120","59","38","66","43","42","9"
"E01009170","0","49","96","107","60","86","37","54","78","34","30","38","25","61","24","109","14"
"E01009101","0","719","780","694","420","579","473","287","301","248","279","242","209","168","211","220","51"
"E01033647","0","78","121","76","93","103","92","79","89","56","74","51","98","49","30","42","12"
"E01009508","0","112","104","95","68","124","69","60","65","58","75","56","39","60","39","68","15"
"E01009072","0","107","137","128","82","121","107","95","122","77","70","109","84","79","64","82","11"
"E01009479","0","80","138","136","150","152","82","77","88","62","78","54","48","52","80","89","32"
"E01008953","0","73","115","150","138","126","127","102","53","53","75","73","45","32","20","47","14"
"E01009097","0","157","125","69","67","107","44","52","99","52","63","39","67","30","30","44","10"
"E01009373","0","80","64","81","66","71","63","42","56","48","64","26","47","40","26","34","12"
"E01009021","0","36","50","83","79","64","68","42","86","62","58","57","46","76","30","45","22"
"E01009459","0","71","83","127","95","95","51","58","83","70","98","59","69","35","35","34","9"
"E01009278","0","86","82","82","81","89","81","67","49","40","41","85","31","54","57","34","3"
"E01009431","0","76","33","50","77","65","44","20","45","19","22","19","24","23","15","25","9"
"E01009411","0","177","126","176","197","148","165","127","117","120","93","188","129","56","55","52","13"
"E01009012","0","68","101","99","93","72","70","49","45","69","47","38","24","54","43","34","19"
"E01009008","0","53","64","125","98","94","45","37","52","37","68","52","47","25","31","40","6"
"E01009098","0","287","495","405","204","217","191","156","125","98","134","78","112","117","103","60","16"
"E01009310","0","183","187","201","207","189","176","178","110","110","131","89","105","136","68","76","4"
"E01008958","0","46","84","89","87","54","40","40","35","93","47","43","37","28","54","35","10"
"E01009449","0","1148","1118","1101","1062","936","703","459","417","437","436","349","350","333","297","335","81"
"E01009331","0","96","158","110","137","88","99","61","115","31","101","49","67","36","27","56","18"
"E01009065","0","82","75","115","113","84","83","69","103","52","125","77","86","111","91","85","12"
"E01009365","0","393","329","325","297","268","228","179","175","179","151","123","116","154","145","171","30"
"E01009075","0","68","97","86","54","60","80","92","56","55","60","67","50","40","42","86","11"
"E01009025","0","62","57","66","65","55","56","56","75","83","62","56","41","86","101","55","30"
"E01009279","0","56","54","72","48","92","59","45","57","49","35","53","23","23","24","28","2"
"E01009220","0","87","128","91","147","108","78","69","57","45","51","53","42","32","33","33","11"
"E01008996","0","62","87","79","50","84","83","42","63","50","46","50","68","48","37","34","12"
"E01033623","0","249","367","288","222","216","201","158","205","88","196","191","109","150","220","342","29"
"E01008946","0","61","64","81","79","58","60","35","42","37","51","77","55","52","36","60","9"
"E01009319","0","34","64","90","62","53","26","30","41","48","40","42","41","25","30","30","6"
"E01009313","0","98","103","118","70","97","94","87","89","77","63","58","35","72","57","64","20"
"E01009423","0","146","211","233","202","191","152","161","105","86","135","87","69","54","62","46","17"
"E01009410","0","270","257","178","201","221","114","109","106","106","175","99","63","53","53","95","16"
"E01009091","0","68","82","128","110","166","122","75","130","70","77","78","39","76","86","88","38"
"E01009046","0","155","88","149","91","96","65","55","56","74","63","60","30","51","35","65","12"
"E01009324","0","64","112","64","76","71","50","54","74","42","68","54","30","35","58","38","9"
"E01009307","0","78","108","128","87","134","114","90","84","65","70","57","31","36","60","47","1"
"E01009504","0","54","70","52","116","98","115","70","66","67","100","68","46","55","50","42","7"
"E01009176","0","61","124","89","80","107","76","58","65","76","113","86","59","68","44","79","13"
"E01009445","0","67","112","105","76","74","66","44","64","49","61","37","19","34","9","41","6"
"E01033562","0","187","307","306","181","266","190","173","166","139","219","237","179","159","201","235","62"
"E01009256","0","89","112","77","82","61","80","46","54","83","51","44","41","61","18","56","4"
"E01008916","0","67","91","76","113","54","42","65","82","44","40","87","50","30","27","21","8"
"E01009456","0","101","128","125","104","122","111","81","100","77","48","58","55","27","32","30","16"
"E01009316","0","161","220","180","127","133","112","106","114","101","69","57","40","63","82","69","17"
"E01008888","0","200","270","168","173","189","190","112","85","60","67","92","49","52","54","105","30"
"E01009461","0","38","72","107","33","44","20","31","55","41","38","28","47","35","28","20","7"
"E01008951","0","129","125","155","135","84","69","100","78","124","86","71","88","55","46","60","28"
"E01009465","0","52","65","123","119","120","101","103","37","58","38","49","34","39","38","30","3"
"E01009058","0","64","89","59","57","48","35","52","44","56","65","55","57","40","38","18","12"
"E01033640","0","260","207","184","174","239","191","125","155","115","171","182","153","99","111","106","24"
"E01008954","0","27","49","90","84","73","70","29","27","90","123","49","41","52","38","50","10"
"E01009035","0","107","152","187","79","120","150","111","105","59","79","82","56","83","83","98","21"
"E01033627","0","467","404","292","152","299","222","164","216","164","155","201","142","141","203","233","34"
"E01009418","0","112","80","77","75","57","66","33","39","31","38","37","29","34","23","33","12"
"E01008885","0","86","115","111","94","77","64","82","99","94","61","64","48","96","35","50","6"
"E01009005","0","93","101","105","96","80","113","105","66","90","48","58","28","41","40","22","14"
"E01009161","0","103","109","98","96","140","129","109","38","73","73","28","62","34","47","37","5"
"E01009236","0","47","85","75","59","99","73","50","40","40","26","39","22","23","30","20","4"
"E01033559","0","224","326","282","238","247","163","127","252","152","174","183","200","171","203","194","52"
"E01009103","0","78","124","120","107","110","51","63","33","82","64","60","38","27","35","45","24"
"E01009255","0","86","106","71","80","81","96","59","87","47","53","51","42","63","24","27","2"
"E01009520","0","38","67","106","49","69","57","70","46","58","41","65","37","41","30","57","8"
"E01009043","0","105","155","130","128","85","84","71","104","65","103","68","46","86","70","67","15"
"E01008896","0","109","108","88","88","69","51","58","61","74","65","46","48","30","35","43","22"
"E01009292","0","61","84","86","102","138","60","63","66","59","132","109","54","45","32","46","8"
"E01009419","0","88","46","62","39","33","41","28","35","40","23","45","11","19","17","9","6"
"E01009300","0","291","307","217","174","242","196","238","179","100","98","60","80","111","101","121","27"
"E01033557","0","301","233","215","138","207","201","87","131","123","144","136","81","145","72","128","35"
"E01033618","0","93","99","92","84","65","38","23","26","49","21","32","18","22","35","40","13"
"E01009312","0","60","90","99","51","45","60","55","72","76","46","41","37","53","42","43","11"
"E01009502","0","81","77","148","114","193","95","88","70","48","56","63","70","53","70","71","12"
"E01009118","0","60","74","90","106","135","94","110","94","40","47","40","38","36","42","48","11"
"E01033624","0","71","54","32","29","50","42","62","94","90","73","67","45","53","54","49","16"
"E01009078","0","92","168","89","86","115","98","97","74","89","73","101","73","39","63","71","16"
"E01009228","0","84","73","63","73","83","82","64","64","35","42","76","37","40","58","44","6"
"E01009474","0","153","259","266","171","226","173","126","104","115","56","77","90","92","69","45","26"
"E01009127","0","104","132","146","90","134","96","85","88","91","77","66","39","56","49","23","10"
"E01009511","0","152","228","198","143","139","130","127","84","53","66","65","41","55","97","110","16"
"E01009443","0","461","711","628","379","314","269","306","246","183","191","229","177","152","159","211","38"
"E01008956","0","90","100","106","72","127","77","78","69","113","69","38","68","51","51","54","11"
"E01008969","0","116","133","145","104","79","73","98","63","72","81","71","63","49","46","74","15"
"E01008915","0","90","167","131","108","151","105","102","70","44","47","131","41","48","34","68","16"
"E01009467","0","76","111","153","90","106","83","63","76","83","36","42","20","35","34","36","7"
"E01009442","0","102","149","120","85","63","26","55","39","47","56","59","67","38","32","22","11"
"E01008972","0","46","89","69","67","65","69","54","73","83","64","45","39","43","25","34","7"
"E01009011","0","105","147","138","139","147","98","62","77","51","89","74","64","71","22","43","12"
"E01008973","0","59","58","89","57","78","43","60","66","40","60","56","30","65","39","43","14"
"E01008964","0","49","43","48","52","57","53","45","34","28","27","39","26","27","27","30","11"
"E01009512","0","145","204","132","129","166","125","68","98","67","61","55","38","72","77","52","5"
"E01009273","0","101","102","75","150","102","77","41","52","35","57","61","45","45","80","84","9"
"E01009335","0","428","366","413","320","388","326","222","235","238","225","177","129","143","142","139","37"
"E01009020","0","86","67","99","63","46","78","46","89","54","38","34","36","50","35","67","11"
"E01009326","0","171","184","172","154","129","135","125","135","85","58","49","41","62","60","35","17"
"E01009368","0","79","113","57","49","57","72","40","61","34","64","24","26","33","41","26","4"
"E01009447","0","52","94","50","76","61","48","24","51","42","31","28","12","26","14","34","5"
"E01033619","0","104","157","150","104","196","113","107","158","72","119","86","116","117","112","202","30"
"E01009084","0","27","67","63","44","81","52","49","83","47","44","33","35","33","28","31","14"
"E01008952","0","354","479","432","333","304","233","235","157","160","132","141","111","130","104","125","23"
"E01009515","0","80","132","117","86","89","69","89","87","53","49","69","31","37","43","42","11"
"E01009466","0","78","101","97","112","59","101","84","74","59","63","76","55","35","38","33","11"
"E01009506","0","33","105","61","37","47","61","54","43","45","121","86","70","46","63","80","8"
"E01033620","0","3077","4008","3221","2490","2425","2263","1160","1415","1061","1316","970","992","1621","1470","1778","386"
"E01009464","0","131","165","175","135","121","107","122","85","55","76","69","46","60","32","32","4"
"E01009317","0","65","81","117","102","68","55","57","64","63","64","74","40","56","57","56","9"
"E01009420","0","48","45","61","49","45","32","41","36","11","20","15","6","11","18","13","10"
"E01033650","0","170","143","187","99","187","131","116","92","124","146","97","42","65","50","94","21"
"E01008965","0","56","64","64","90","61","46","47","60","115","51","45","67","43","31","54","17"
"E01009235","0","62","84","59","64","64","59","45","91","48","34","53","39","26","25","22","8"
"E01009221","0","137","180","201","193","186","147","102","70","100","89","99","81","65","72","65","25"
"E01009179","0","64","122","117","115","103","51","81","100","76","80","89","65","81","60","65","22"
"E01009430","0","47","66","47","31","100","61","31","88","34","68","30","31","32","30","6","1"
"E01009224","0","46","106","71","58","100","59","63","83","72","43","44","43","51","23","41","9"
"E01009166","0","90","117","110","73","96","67","38","31","30","46","38","36","27","37","44","10"
"E01009472","0","115","106","150","87","108","75","72","46","46","39","38","37","54","27","42","4"
"E01033615","0","948","842","1201","1594","1750","1484","1045","954","903","972","820","864","1141","1202","1176","245"
"E01009272","0","82","104","80","112","113","102","53","83","39","37","65","58","36","26","30","15"
"E01009045","0","152","162","169","154","173","100","101","104","118","111","95","79","76","102","51","17"
"E01009177","0","46","98","105","104","135","84","56","104","77","83","58","47","47","53","36","24"
"E01009225","0","91","127","82","97","112","92","56","133","81","60","63","52","46","59","43","13"
"E01009382","0","131","144","131","111","128","91","81","107","74","82","55","54","83","39","36","6"
"E01008936","0","85","100","123","81","59","41","43","52","55","37","72","50","67","45","74","22"
"E01009095","0","377","438","433","347","431","204","179","207","129","172","215","112","164","180","171","36"
"E01033622","0","239","440","380","265","325","206","168","232","113","199","189","159","210","197","321","39"
"E01009374","0","69","63","85","70","49","53","88","85","42","99","36","44","29","21","41","9"
"E01032591","0","63","98","76","78","85","38","56","26","37","33","41","31","32","31","37","12"
"E01009069","0","252","307","280","185","225","157","119","186","148","133","116","132","152","123","152","23"
"E01009175","0","161","183","134","149","146","127","84","87","122","120","83","109","93","89","73","27"
"E01009135","0","57","64","105","52","76","87","76","34","36","43","32","59","48","25","30","1"
"E01009211","0","37","63","57","53","101","105","63","73","29","40","20","23","22","27","67","9"
"E01009440","0","119","133","96","85","131","54","50","48","57","45","40","37","26","44","38","6"
"E01009458","0","92","188","131","80","84","114","60","36","63","37","23","27","28","17","24","1"
"E01009100","0","85","182","207","155","190","104","86","59","106","77","61","60","44","47","50","16"
"E01009328","0","50","72","51","67","72","53","28","47","30","58","30","23","25","38","31","12"
"E01009034","0","58","94","82","63","51","39","56","66","82","78","26","39","52","31","40","10"
"E01033626","0","23","14","0","3","10","27","3","14","9","7","31","27","20","42","24","9"
"E01033625","0","395","311","371","344","303","336","214","237","121","255","249","248","241","225","201","63"
"E01033567","0","148","186","229","116","179","83","83","106","66","199","232","133","123","117","116","21"
